Image URL,Caption,Artwork Title,INPRNT Link,Rarity,Origin Origin,Device
https://cdn.inprnt.com/thumbs/26/1d/261d1f5e3ef1d545ae2c96efff584c3c@2x.jpg,"JOSH1-222: The Dutch Blue Man
Architectural geometry and urban stillness. Recorded for archival permanence.

JOSH¹ Archive — Limited Edition Phygital Art Piece
Edition: 100% Cotton Rag Archival Fine-Art Print (300gsm)
Provenance: Solana Blockchain verified (JOSHSHOOT.SOL) -> Physical exhibition print via INPRNT

Collect the archive via link in bio
📸 iPhone 12 / Archival Capture
📍 Rotterdam (RTM) 🇳🇱
💎 Rarity: Common
⚡ On-Chain: JOSHSHOOT.SOL

.
.
.
#ArchitecturalPhotography #StreetPhotography #ArchivalPrint #MinimalistPhotography",JOSH1-222: The Dutch Blue Man,https://www.inprnt.com/gallery/joshuadenouden/josh1-222-the-dutch-blue-man/,Common,Rotterdam (RTM) 🇳🇱,iPhone 12 / Archival Capture
https://cdn.inprnt.com/thumbs/b9/8b/b98bed772441c4f21363c72065864b98@2x.jpg,"JOSH1-221: I Think 56 Nights Crazy
Monochromatic depth and low-light atmosphere. Structural brutalism recorded after dark.

JOSH¹ Archive — Limited Edition Phygital Art Piece
Edition: 100% Cotton Rag Archival Fine-Art Print (300gsm)
Provenance: Solana Blockchain verified (JOSHSHOOT.SOL) -> Physical exhibition print via INPRNT

Collect the archive via link in bio
📸 iPhone 12 / Archival Capture
📍 Rotterdam (RTM) 🇳🇱
💎 Rarity: Common
⚡ On-Chain: JOSHSHOOT.SOL

.
.
.
#Industrial #StreetPhotography #UrbanGeometry #WallArtDecor",JOSH1-221: I Think 56 Nights Crazy,https://www.inprnt.com/gallery/joshuadenouden/josh1-221-i-think-56-nights-crazy/,Common,Rotterdam (RTM) 🇳🇱,iPhone 12 / Archival Capture
https://cdn.inprnt.com/thumbs/5b/a9/5ba94f8f481c0fe8c124d93cd236bcc4@2x.jpg,"JOSH1-220: The Mall of Asia
Architectural geometry and urban stillness. Recorded for archival permanence.

JOSH¹ Archive — Limited Edition Phygital Art Piece
Edition: 100% Cotton Rag Archival Fine-Art Print (300gsm)
Provenance: Solana Blockchain verified (JOSHSHOOT.SOL) -> Physical exhibition print via INPRNT

Collect the archive via link in bio
📸 iPhone 12 / Archival Capture
📍 Manila (MNL) 🇵🇭
💎 Rarity: Common
⚡ On-Chain: JOSHSHOOT.SOL

.
.
.
#WallArtDecor #FineArtPrint #INPRNT #JOSHSHOOTPRINTS",JOSH1-220: The Mall of Asia,https://www.inprnt.com/gallery/joshuadenouden/josh1-220-the-mall-of-asia/,Common,Manila (MNL) 🇵🇭,iPhone 12 / Archival Capture
https://cdn.inprnt.com/thumbs/bb/aa/bbaa57ae5191eb18d5dced2462dadbbf@2x.jpg,"JOSH1-219: 36 hours in Turkey
Architectural geometry and urban stillness. Recorded for archival permanence.

JOSH¹ Archive — Limited Edition Phygital Art Piece
Edition: 100% Cotton Rag Archival Fine-Art Print (300gsm)
Provenance: Solana Blockchain verified (JOSHSHOOT.SOL) -> Physical exhibition print via INPRNT

Collect the archive via link in bio
📸 iPhone 12 / Archival Capture
📍 Istanbul (IST) 🇹🇷
💎 Rarity: Common
⚡ On-Chain: JOSHSHOOT.SOL

.
.
.
#ArtCollector #StreetPhotography #SolanaArt #FineArtPrint",JOSH1-219: 36 hours in Turkey,https://www.inprnt.com/gallery/joshuadenouden/josh1-219-36-hours-in-turkey/,Common,Istanbul (IST) 🇹🇷,iPhone 12 / Archival Capture
https://cdn.inprnt.com/thumbs/61/b8/61b884cae9fc40da54a1d6ff2433e965@2x.jpg,"JOSH1-218: No Swimming
Architectural geometry and urban stillness. Recorded for archival permanence.

JOSH¹ Archive — Limited Edition Phygital Art Piece
Edition: 100% Cotton Rag Archival Fine-Art Print (300gsm)
Provenance: Solana Blockchain verified (JOSHSHOOT.SOL) -> Physical exhibition print via INPRNT

Collect the archive via link in bio
📸 iPhone 12 / Archival Capture
📍 Rotterdam (RTM) 🇳🇱
💎 Rarity: Common
⚡ On-Chain: JOSHSHOOT.SOL

.
.
.
#UrbanGeometry #JOSHSHOOTPRINTS #ArchivalPrint #PhygitalArt",JOSH1-218: No Swimming,https://www.inprnt.com/gallery/joshuadenouden/josh1-218-no-swimming/,Common,Rotterdam (RTM) 🇳🇱,iPhone 12 / Archival Capture
https://cdn.inprnt.com/thumbs/d1/8b/d18b913b02750c1175fd9e9492a7aa56@2x.jpg,"JOSH1-217: 7 Stars
Architectural geometry and urban stillness. Recorded for archival permanence.

JOSH¹ Archive — Limited Edition Phygital Art Piece
Edition: 100% Cotton Rag Archival Fine-Art Print (300gsm)
Provenance: Solana Blockchain verified (JOSHSHOOT.SOL) -> Physical exhibition print via INPRNT

Collect the archive via link in bio
📸 iPhone 12 / Archival Capture
📍 Rotterdam (RTM) 🇳🇱
💎 Rarity: Rare
⚡ On-Chain: JOSHSHOOT.SOL

.
.
.
#Industrial #OnChainArt #BrutalistArchitecture #ArchitecturalPhotography",JOSH1-217: 7 Stars,https://www.inprnt.com/gallery/joshuadenouden/josh1-217-7-stars/,Rare,Rotterdam (RTM) 🇳🇱,iPhone 12 / Archival Capture
https://cdn.inprnt.com/thumbs/96/f6/96f611da3737fd638d110ddb2721e207@2x.jpg,"JOSH1-216: Numb
Architectural geometry and urban stillness. Recorded for archival permanence.

JOSH¹ Archive — Limited Edition Phygital Art Piece
Edition: 100% Cotton Rag Archival Fine-Art Print (300gsm)
Provenance: Solana Blockchain verified (JOSHSHOOT.SOL) -> Physical exhibition print via INPRNT

Collect the archive via link in bio
📸 iPhone 12 / Archival Capture
📍 Rotterdam (RTM) 🇳🇱
💎 Rarity: Common
⚡ On-Chain: JOSHSHOOT.SOL

.
.
.
#StreetPhotography #SolanaNFT #BrutalistArchitecture #JOSHSHOOTPRINTS",JOSH1-216: Numb,https://www.inprnt.com/gallery/joshuadenouden/josh1-216-numb/,Common,Rotterdam (RTM) 🇳🇱,iPhone 12 / Archival Capture
https://cdn.inprnt.com/thumbs/35/b0/35b0cf4c6ac96ba7c436956c4f2ab452@2x.jpg,"JOSH1-215: Run Run
Architectural geometry and urban stillness. Recorded for archival permanence.

JOSH¹ Archive — Limited Edition Phygital Art Piece
Edition: 100% Cotton Rag Archival Fine-Art Print (300gsm)
Provenance: Solana Blockchain verified (JOSHSHOOT.SOL) -> Physical exhibition print via INPRNT

Collect the archive via link in bio
📸 iPhone 12 / Archival Capture
📍 Rotterdam (RTM) 🇳🇱
💎 Rarity: Common
⚡ On-Chain: JOSHSHOOT.SOL

.
.
.
#MinimalistPhotography #SolanaArt #ArtCollector #PhygitalArt",JOSH1-215: Run Run,https://www.inprnt.com/gallery/joshuadenouden/josh1-215-run-run/,Common,Rotterdam (RTM) 🇳🇱,iPhone 12 / Archival Capture
https://cdn.inprnt.com/thumbs/41/eb/41ebcb3b205154f88df0b7ad0e8cc2ed@2x.jpg,"JOSH1-214: Navy Red, White, Blue ...
Architectural geometry and urban stillness. Recorded for archival permanence.

JOSH¹ Archive — Limited Edition Phygital Art Piece
Edition: 100% Cotton Rag Archival Fine-Art Print (300gsm)
Provenance: Solana Blockchain verified (JOSHSHOOT.SOL) -> Physical exhibition print via INPRNT

Collect the archive via link in bio
📸 iPhone 12 / Archival Capture
📍 Rotterdam (RTM) 🇳🇱
💎 Rarity: Common
⚡ On-Chain: JOSHSHOOT.SOL

.
.
.
#BrutalistArchitecture #INPRNT #MinimalistPhotography #Industrial","JOSH1-214: Navy Red, White, Blue ...",https://www.inprnt.com/gallery/joshuadenouden/josh1-214-navy-red-white-blue/,Common,Rotterdam (RTM) 🇳🇱,iPhone 12 / Archival Capture
https://cdn.inprnt.com/thumbs/63/a5/63a54dbcfd619bc16ceb9a8704aab03c@2x.jpg,"JOSH1-213: Stay Cool
Architectural geometry and urban stillness. Recorded for archival permanence.

JOSH¹ Archive — Limited Edition Phygital Art Piece
Edition: 100% Cotton Rag Archival Fine-Art Print (300gsm)
Provenance: Solana Blockchain verified (JOSHSHOOT.SOL) -> Physical exhibition print via INPRNT

Collect the archive via link in bio
📸 iPhone 12 / Archival Capture
📍 Rotterdam (RTM) 🇳🇱
💎 Rarity: Common
⚡ On-Chain: JOSHSHOOT.SOL

.
.
.
#UrbanGeometry #PhygitalArt #ArchitecturalPhotography #SolanaArt",JOSH1-213: Stay Cool,https://www.inprnt.com/gallery/joshuadenouden/josh1-213-stay-cool/,Common,Rotterdam (RTM) 🇳🇱,iPhone 12 / Archival Capture
https://cdn.inprnt.com/thumbs/55/ce/55ce63db256021b17f90f1489be663f9@2x.jpg,"JOSH1-212: Filipino Brutalism 2
Architectural geometry and urban stillness. Recorded for archival permanence.

JOSH¹ Archive — Limited Edition Phygital Art Piece
Edition: 100% Cotton Rag Archival Fine-Art Print (300gsm)
Provenance: Solana Blockchain verified (JOSHSHOOT.SOL) -> Physical exhibition print via INPRNT

Collect the archive via link in bio
📸 iPhone 12 / Archival Capture
📍 Manila (MNL) 🇵🇭
💎 Rarity: Common
⚡ On-Chain: JOSHSHOOT.SOL

.
.
.
#FineArtPrint #SolanaArt #OnChainArt #Industrial",JOSH1-212: Filipino Brutalism 2,https://www.inprnt.com/gallery/joshuadenouden/josh1-212-filipino-brutalism-2/,Common,Manila (MNL) 🇵🇭,iPhone 12 / Archival Capture
https://cdn.inprnt.com/thumbs/4b/90/4b90abf6b2432b9076fd05e5a636bb89@2x.jpg,"JOSH1-211: Keep Distance
Architectural geometry and urban stillness. Recorded for archival permanence.

JOSH¹ Archive — Limited Edition Phygital Art Piece
Edition: 100% Cotton Rag Archival Fine-Art Print (300gsm)
Provenance: Solana Blockchain verified (JOSHSHOOT.SOL) -> Physical exhibition print via INPRNT

Collect the archive via link in bio
📸 iPhone 12 / Archival Capture
📍 Rotterdam (RTM) 🇳🇱
💎 Rarity: Common
⚡ On-Chain: JOSHSHOOT.SOL

.
.
.
#ArchitecturalPhotography #FineArtPrint #SolanaArt #OnChainArt",JOSH1-211: Keep Distance,https://www.inprnt.com/gallery/joshuadenouden/josh1-211-keep-distance/,Common,Rotterdam (RTM) 🇳🇱,iPhone 12 / Archival Capture
https://cdn.inprnt.com/thumbs/7c/00/7c006b724b5c06960265031a0e1d3403@2x.jpg,"JOSH1-210: No Rights Yield
Architectural geometry and urban stillness. Recorded for archival permanence.

JOSH¹ Archive — Limited Edition Phygital Art Piece
Edition: 100% Cotton Rag Archival Fine-Art Print (300gsm)
Provenance: Solana Blockchain verified (JOSHSHOOT.SOL) -> Physical exhibition print via INPRNT

Collect the archive via link in bio
📸 iPhone 12 / Archival Capture
📍 Rotterdam (RTM) 🇳🇱
💎 Rarity: Common
⚡ On-Chain: JOSHSHOOT.SOL

.
.
.
#ArchivalPrint #WallArtDecor #PhygitalArt #MinimalistPhotography",JOSH1-210: No Rights Yield,https://www.inprnt.com/gallery/joshuadenouden/josh1-210-no-rights-yield/,Common,Rotterdam (RTM) 🇳🇱,iPhone 12 / Archival Capture
https://cdn.inprnt.com/thumbs/a8/f5/a8f5582f198706a41d869547202c8eac@2x.jpg,"JOSH1-209: Manila Ice
Architectural geometry and urban stillness. Recorded for archival permanence.

JOSH¹ Archive — Limited Edition Phygital Art Piece
Edition: 100% Cotton Rag Archival Fine-Art Print (300gsm)
Provenance: Solana Blockchain verified (JOSHSHOOT.SOL) -> Physical exhibition print via INPRNT

Collect the archive via link in bio
📸 iPhone 12 / Archival Capture
📍 Manila (MNL) 🇵🇭
💎 Rarity: Common
⚡ On-Chain: JOSHSHOOT.SOL

.
.
.
#StreetPhotography #PhygitalArt #ArchitecturalPhotography #BrutalistArchitecture",JOSH1-209: Manila Ice,https://www.inprnt.com/gallery/joshuadenouden/josh1-209-manila-ice/,Common,Manila (MNL) 🇵🇭,iPhone 12 / Archival Capture
https://cdn.inprnt.com/thumbs/b6/4f/b64f40763ef4fce5e15f227a53caf3c1@2x.jpg,"JOSH1-208: Jolli B Ee
Architectural geometry and urban stillness. Recorded for archival permanence.

JOSH¹ Archive — Limited Edition Phygital Art Piece
Edition: 100% Cotton Rag Archival Fine-Art Print (300gsm)
Provenance: Solana Blockchain verified (JOSHSHOOT.SOL) -> Physical exhibition print via INPRNT

Collect the archive via link in bio
📸 iPhone 12 / Archival Capture
📍 Rotterdam (RTM) 🇳🇱
💎 Rarity: Common
⚡ On-Chain: JOSHSHOOT.SOL

.
.
.
#SolanaNFT #ArtCollector #MinimalistPhotography #PhygitalArt",JOSH1-208: Jolli B Ee,https://www.inprnt.com/gallery/joshuadenouden/josh1-208-jolli-b-ee/,Common,Rotterdam (RTM) 🇳🇱,iPhone 12 / Archival Capture
https://cdn.inprnt.com/thumbs/55/6b/556b8ef7bafaa769793453c55be7e292@2x.jpg,"JOSH1-207: Town Center
Architectural geometry and urban stillness. Recorded for archival permanence.

JOSH¹ Archive — Limited Edition Phygital Art Piece
Edition: 100% Cotton Rag Archival Fine-Art Print (300gsm)
Provenance: Solana Blockchain verified (JOSHSHOOT.SOL) -> Physical exhibition print via INPRNT

Collect the archive via link in bio
📸 iPhone 12 / Archival Capture
📍 Rotterdam (RTM) 🇳🇱
💎 Rarity: Common
⚡ On-Chain: JOSHSHOOT.SOL

.
.
.
#WallArtDecor #BrutalistArchitecture #ContemporaryCollector #INPRNT",JOSH1-207: Town Center,https://www.inprnt.com/gallery/joshuadenouden/josh1-207-town-center/,Common,Rotterdam (RTM) 🇳🇱,iPhone 12 / Archival Capture
https://cdn.inprnt.com/thumbs/42/b8/42b8ccb5fdaaa97e5c72da8a58a9ada1@2x.jpg,"JOSH1-206: The Sere Records
Architectural geometry and urban stillness. Recorded for archival permanence.

JOSH¹ Archive — Limited Edition Phygital Art Piece
Edition: 100% Cotton Rag Archival Fine-Art Print (300gsm)
Provenance: Solana Blockchain verified (JOSHSHOOT.SOL) -> Physical exhibition print via INPRNT

Collect the archive via link in bio
📸 iPhone 12 / Archival Capture
📍 Rotterdam (RTM) 🇳🇱
💎 Rarity: Common
⚡ On-Chain: JOSHSHOOT.SOL

.
.
.
#ArchitecturalPhotography #JOSHSHOOTPRINTS #BrutalistArchitecture #Industrial",JOSH1-206: The Sere Records,https://www.inprnt.com/gallery/joshuadenouden/josh1-206-the-sere-records/,Common,Rotterdam (RTM) 🇳🇱,iPhone 12 / Archival Capture
https://cdn.inprnt.com/thumbs/f6/45/f6458d9d7a4d1f014daa79271cade36e@2x.jpg,"JOSH1-205: The Cube
Architectural geometry and urban stillness. Recorded for archival permanence.

JOSH¹ Archive — Limited Edition Phygital Art Piece
Edition: 100% Cotton Rag Archival Fine-Art Print (300gsm)
Provenance: Solana Blockchain verified (JOSHSHOOT.SOL) -> Physical exhibition print via INPRNT

Collect the archive via link in bio
📸 iPhone 12 / Archival Capture
📍 Rotterdam (RTM) 🇳🇱
💎 Rarity: Common
⚡ On-Chain: JOSHSHOOT.SOL

.
.
.
#SolanaArt #ArchitecturalPhotography #StreetPhotography #Industrial",JOSH1-205: The Cube,https://www.inprnt.com/gallery/joshuadenouden/josh1-205-the-cube/,Common,Rotterdam (RTM) 🇳🇱,iPhone 12 / Archival Capture
https://cdn.inprnt.com/thumbs/44/54/4454311ed840bef34a76bc0853aeb91c@2x.jpg,"JOSH1-204: The Cube Houses
Architectural geometry and urban stillness. Recorded for archival permanence.

JOSH¹ Archive — Limited Edition Phygital Art Piece
Edition: 100% Cotton Rag Archival Fine-Art Print (300gsm)
Provenance: Solana Blockchain verified (JOSHSHOOT.SOL) -> Physical exhibition print via INPRNT

Collect the archive via link in bio
📸 iPhone 12 / Archival Capture
📍 Rotterdam (RTM) 🇳🇱
💎 Rarity: Common
⚡ On-Chain: JOSHSHOOT.SOL

.
.
.
#JOSHSHOOTPRINTS #INPRNT #ArchitecturalPhotography #WallArtDecor",JOSH1-204: The Cube Houses,https://www.inprnt.com/gallery/joshuadenouden/josh1-204-the-cube-houses/,Common,Rotterdam (RTM) 🇳🇱,iPhone 12 / Archival Capture
https://cdn.inprnt.com/thumbs/dd/be/ddbe1349591e086993cb067a657929ad@2x.jpg,"JOSH1-203: The Peak of Christianity
Architectural geometry and urban stillness. Recorded for archival permanence.

JOSH¹ Archive — Limited Edition Phygital Art Piece
Edition: 100% Cotton Rag Archival Fine-Art Print (300gsm)
Provenance: Solana Blockchain verified (JOSHSHOOT.SOL) -> Physical exhibition print via INPRNT

Collect the archive via link in bio
📸 iPhone 12 / Archival Capture
📍 Rotterdam (RTM) 🇳🇱
💎 Rarity: Common
⚡ On-Chain: JOSHSHOOT.SOL

.
.
.
#UrbanGeometry #FineArtPrint #PhygitalArt #BrutalistArchitecture",JOSH1-203: The Peak of Christianity,https://www.inprnt.com/gallery/joshuadenouden/josh1-203-the-peak-of-christianity/,Common,Rotterdam (RTM) 🇳🇱,iPhone 12 / Archival Capture
https://cdn.inprnt.com/thumbs/0a/9d/0a9d8ca56412741308abc0ced33138f3@2x.jpg,"JOSH1-202: Brighton Bird
Architectural geometry and urban stillness. Recorded for archival permanence.

JOSH¹ Archive — Limited Edition Phygital Art Piece
Edition: 100% Cotton Rag Archival Fine-Art Print (300gsm)
Provenance: Solana Blockchain verified (JOSHSHOOT.SOL) -> Physical exhibition print via INPRNT

Collect the archive via link in bio
📸 iPhone 12 / Archival Capture
📍 Rotterdam (RTM) 🇳🇱
💎 Rarity: Common
⚡ On-Chain: JOSHSHOOT.SOL

.
.
.
#MinimalistPhotography #WallArtDecor #OnChainArt #FineArtPrint",JOSH1-202: Brighton Bird,https://www.inprnt.com/gallery/joshuadenouden/josh1-202-brighton-bird/,Common,Rotterdam (RTM) 🇳🇱,iPhone 12 / Archival Capture
https://cdn.inprnt.com/thumbs/93/a0/93a0098aeb9af27ee76f29a8a04655ab@2x.jpg,"JOSH1-201: Spanish Times
Architectural geometry and urban stillness. Recorded for archival permanence.

JOSH¹ Archive — Limited Edition Phygital Art Piece
Edition: 100% Cotton Rag Archival Fine-Art Print (300gsm)
Provenance: Solana Blockchain verified (JOSHSHOOT.SOL) -> Physical exhibition print via INPRNT

Collect the archive via link in bio
📸 iPhone 12 / Archival Capture
📍 Rotterdam (RTM) 🇳🇱
💎 Rarity: Common
⚡ On-Chain: JOSHSHOOT.SOL

.
.
.
#ContemporaryCollector #JOSHSHOOTPRINTS #PhygitalArt #INPRNT",JOSH1-201: Spanish Times,https://www.inprnt.com/gallery/joshuadenouden/josh1-201-spanish-times/,Common,Rotterdam (RTM) 🇳🇱,iPhone 12 / Archival Capture
https://cdn.inprnt.com/thumbs/59/84/5984f7b5dfeb55de6411981ed25d1999@2x.jpg,"JOSH1-200: L$D
Architectural geometry and urban stillness. Recorded for archival permanence.

JOSH¹ Archive — Limited Edition Phygital Art Piece
Edition: 100% Cotton Rag Archival Fine-Art Print (300gsm)
Provenance: Solana Blockchain verified (JOSHSHOOT.SOL) -> Physical exhibition print via INPRNT

Collect the archive via link in bio
📸 iPhone 12 / Archival Capture
📍 Rotterdam (RTM) 🇳🇱
💎 Rarity: Common
⚡ On-Chain: JOSHSHOOT.SOL

.
.
.
#ContemporaryCollector #ArchitecturalPhotography #ArchivalPrint #INPRNT",JOSH1-200: L$D,https://www.inprnt.com/gallery/joshuadenouden/josh1-200-ld/,Common,Rotterdam (RTM) 🇳🇱,iPhone 12 / Archival Capture
https://cdn.inprnt.com/thumbs/76/11/7611e6556b08d428e8ddde6b471160ac@2x.jpg,"JOSH1-199: Overlooker
Architectural geometry and urban stillness. Recorded for archival permanence.

JOSH¹ Archive — Limited Edition Phygital Art Piece
Edition: 100% Cotton Rag Archival Fine-Art Print (300gsm)
Provenance: Solana Blockchain verified (JOSHSHOOT.SOL) -> Physical exhibition print via INPRNT

Collect the archive via link in bio
📸 iPhone 12 / Archival Capture
📍 Rotterdam (RTM) 🇳🇱
💎 Rarity: Common
⚡ On-Chain: JOSHSHOOT.SOL

.
.
.
#JOSHSHOOTPRINTS #OnChainArt #UrbanGeometry #INPRNT",JOSH1-199: Overlooker,https://www.inprnt.com/gallery/joshuadenouden/josh1-199-overlooker/,Common,Rotterdam (RTM) 🇳🇱,iPhone 12 / Archival Capture
https://cdn.inprnt.com/thumbs/9f/40/9f405249cb0b32b0c0b7fc4a9e2e4814@2x.jpg,"JOSH1-198: KP's Window
Architectural geometry and urban stillness. Recorded for archival permanence.

JOSH¹ Archive — Limited Edition Phygital Art Piece
Edition: 100% Cotton Rag Archival Fine-Art Print (300gsm)
Provenance: Solana Blockchain verified (JOSHSHOOT.SOL) -> Physical exhibition print via INPRNT

Collect the archive via link in bio
📸 iPhone 12 / Archival Capture
📍 Rotterdam (RTM) 🇳🇱
💎 Rarity: Common
⚡ On-Chain: JOSHSHOOT.SOL

.
.
.
#ArchitecturalPhotography #MinimalistPhotography #JOSHSHOOTPRINTS #OnChainArt",JOSH1-198: KP's Window,https://www.inprnt.com/gallery/joshuadenouden/josh1-198-kps-window/,Common,Rotterdam (RTM) 🇳🇱,iPhone 12 / Archival Capture
https://cdn.inprnt.com/thumbs/0c/2b/0c2b504067590379c2c6e9866a469358@2x.jpg,"JOSH1-197: Maritime Museum, Rotterdam
Rotterdam's Maritime Museum. Brutalist mass against maritime history—an archival record of institutional form.

JOSH¹ Archive — Limited Edition Phygital Art Piece
Edition: 100% Cotton Rag Archival Fine-Art Print (300gsm)
Provenance: Solana Blockchain verified (JOSHSHOOT.SOL) -> Physical exhibition print via INPRNT

Collect the archive via link in bio
📸 iPhone 12 / Archival Capture
📍 Rotterdam (RTM) 🇳🇱
💎 Rarity: Common
⚡ On-Chain: JOSHSHOOT.SOL

.
.
.
#ArchitecturalPhotography #JOSHSHOOTPRINTS #WallArtDecor #ContemporaryCollector","JOSH1-197: Maritime Museum, Rotterdam",https://www.inprnt.com/gallery/joshuadenouden/josh1-197-maritime-museum-rotterdam/,Common,Rotterdam (RTM) 🇳🇱,iPhone 12 / Archival Capture
https://cdn.inprnt.com/thumbs/74/bc/74bc117ec749aaf2cd9e2513870b6ed8@2x.jpg,"JOSH1-196: Damstraatjes, Amsterdam
Amsterdam's narrow alleyways. Spatial compression and natural light in the European urban grid.

JOSH¹ Archive — Limited Edition Phygital Art Piece
Edition: 100% Cotton Rag Archival Fine-Art Print (300gsm)
Provenance: Solana Blockchain verified (JOSHSHOOT.SOL) -> Physical exhibition print via INPRNT

Collect the archive via link in bio
📸 iPhone 12 / Archival Capture
📍 Amsterdam (AMS) 🇳🇱
💎 Rarity: Common
⚡ On-Chain: JOSHSHOOT.SOL

.
.
.
#PhygitalArt #ContemporaryCollector #ArchitecturalPhotography #MinimalistPhotography","JOSH1-196: Damstraatjes, Amsterdam",https://www.inprnt.com/gallery/joshuadenouden/josh1-196-damstraatjes-amsterdam/,Common,Amsterdam (AMS) 🇳🇱,iPhone 12 / Archival Capture
https://cdn.inprnt.com/thumbs/d1/54/d154d7c400b4d2f5cf3b9bafccb0f182@2x.jpg,"JOSH1-195: Scheepmakerskade 135
Rotterdam waterfront architecture. Structural geometry along the urban harbor.

JOSH¹ Archive — Limited Edition Phygital Art Piece
Edition: 100% Cotton Rag Archival Fine-Art Print (300gsm)
Provenance: Solana Blockchain verified (JOSHSHOOT.SOL) -> Physical exhibition print via INPRNT

Collect the archive via link in bio
📸 iPhone 12 / Archival Capture
📍 Rotterdam (RTM) 🇳🇱
💎 Rarity: Common
⚡ On-Chain: JOSHSHOOT.SOL

.
.
.
#OnChainArt #Industrial #PhygitalArt #SolanaNFT",JOSH1-195: Scheepmakerskade 135,https://www.inprnt.com/gallery/joshuadenouden/josh1-195-scheepmakerskade-135/,Common,Rotterdam (RTM) 🇳🇱,iPhone 12 / Archival Capture
https://cdn.inprnt.com/thumbs/6f/1b/6f1b45065dc09001c8b78ae6583352ba@2x.jpg,"JOSH1-194: Van Gogh Museum
Institutional architecture and public space. Structural geometry recorded in natural light.

JOSH¹ Archive — Limited Edition Phygital Art Piece
Edition: 100% Cotton Rag Archival Fine-Art Print (300gsm)
Provenance: Solana Blockchain verified (JOSHSHOOT.SOL) -> Physical exhibition print via INPRNT

Collect the archive via link in bio
📸 iPhone 12 / Archival Capture
📍 Amsterdam (AMS) 🇳🇱
💎 Rarity: Common
⚡ On-Chain: JOSHSHOOT.SOL

.
.
.
#OnChainArt #SolanaNFT #ContemporaryCollector #WallArtDecor",JOSH1-194: Van Gogh Museum,https://www.inprnt.com/gallery/joshuadenouden/josh1-194-van-gogh-museum/,Common,Amsterdam (AMS) 🇳🇱,iPhone 12 / Archival Capture
https://cdn.inprnt.com/thumbs/c9/60/c9600baaedd080234941b8162bec669a@2x.jpg,"JOSH1-193: Praise The Lord
Monochromatic depth and low-light atmosphere. Structural brutalism recorded after dark.

JOSH¹ Archive — Limited Edition Phygital Art Piece
Edition: 100% Cotton Rag Archival Fine-Art Print (300gsm)
Provenance: Solana Blockchain verified (JOSHSHOOT.SOL) -> Physical exhibition print via INPRNT

Collect the archive via link in bio
📸 iPhone 12 / Archival Capture
📍 Rotterdam (RTM) 🇳🇱
💎 Rarity: Common
⚡ On-Chain: JOSHSHOOT.SOL

.
.
.
#ArtCollector #PhygitalArt #INPRNT #SolanaArt",JOSH1-193: Praise The Lord,https://www.inprnt.com/gallery/joshuadenouden/josh1-193-praise-the-lord/,Common,Rotterdam (RTM) 🇳🇱,iPhone 12 / Archival Capture
https://cdn.inprnt.com/thumbs/80/da/80dac5a101a5dd96d85b0773a6156625@2x.jpg,"JOSH1-192: Mono Closing Party 22'
Monochromatic depth and low-light atmosphere. Structural brutalism recorded after dark.

JOSH¹ Archive — Limited Edition Phygital Art Piece
Edition: 100% Cotton Rag Archival Fine-Art Print (300gsm)
Provenance: Solana Blockchain verified (JOSHSHOOT.SOL) -> Physical exhibition print via INPRNT

Collect the archive via link in bio
📸 iPhone 12 / Archival Capture
📍 Rotterdam (RTM) 🇳🇱
💎 Rarity: Common
⚡ On-Chain: JOSHSHOOT.SOL

.
.
.
#FineArtPrint #ArchivalPrint #ContemporaryCollector #SolanaArt",JOSH1-192: Mono Closing Party 22',https://www.inprnt.com/gallery/joshuadenouden/josh1-192-mono-closing-party-22/,Common,Rotterdam (RTM) 🇳🇱,iPhone 12 / Archival Capture
https://cdn.inprnt.com/thumbs/bb/c1/bbc1b41f3852c6f27aa4d50505cd39ca@2x.jpg,"JOSH1-191: A's Station
Urban transit and architectural scale. Kinetic movement recorded inside modern transport terminals.

JOSH¹ Archive — Limited Edition Phygital Art Piece
Edition: 100% Cotton Rag Archival Fine-Art Print (300gsm)
Provenance: Solana Blockchain verified (JOSHSHOOT.SOL) -> Physical exhibition print via INPRNT

Collect the archive via link in bio
📸 iPhone 12 / Archival Capture
📍 Rotterdam (RTM) 🇳🇱
💎 Rarity: Common
⚡ On-Chain: JOSHSHOOT.SOL

.
.
.
#UrbanGeometry #WallArtDecor #ArchitecturalPhotography #ArtCollector",JOSH1-191: A's Station,https://www.inprnt.com/gallery/joshuadenouden/josh1-191-as-station/,Common,Rotterdam (RTM) 🇳🇱,iPhone 12 / Archival Capture
https://cdn.inprnt.com/thumbs/10/1f/101ff0a407f00fc6dbaae04f0364a9a4@2x.jpg,"JOSH1-190: Leeds University
Educational brutalism. Concrete geometry and functional symmetry in the university landscape.

JOSH¹ Archive — Limited Edition Phygital Art Piece
Edition: 100% Cotton Rag Archival Fine-Art Print (300gsm)
Provenance: Solana Blockchain verified (JOSHSHOOT.SOL) -> Physical exhibition print via INPRNT

Collect the archive via link in bio
📸 iPhone 12 / Archival Capture
📍 Leeds (LBA) 🇬🇧
💎 Rarity: Common
⚡ On-Chain: JOSHSHOOT.SOL

.
.
.
#ArchitecturalPhotography #BrutalistArchitecture #OnChainArt #MinimalistPhotography",JOSH1-190: Leeds University,https://www.inprnt.com/gallery/joshuadenouden/josh1-190-leeds-university/,Common,Leeds (LBA) 🇬🇧,iPhone 12 / Archival Capture
https://cdn.inprnt.com/thumbs/fa/44/fa44c9b91d1cf3b1c8292cf3c77e806f@2x.jpg,"JOSH1-189: Waterloo Station
Urban transit and architectural scale. Kinetic movement recorded inside modern transport terminals.

JOSH¹ Archive — Limited Edition Phygital Art Piece
Edition: 100% Cotton Rag Archival Fine-Art Print (300gsm)
Provenance: Solana Blockchain verified (JOSHSHOOT.SOL) -> Physical exhibition print via INPRNT

Collect the archive via link in bio
📸 iPhone 12 / Archival Capture
📍 London (LON) 🇬🇧
💎 Rarity: Common
⚡ On-Chain: JOSHSHOOT.SOL

.
.
.
#StreetPhotography #PhygitalArt #UrbanGeometry #ContemporaryCollector",JOSH1-189: Waterloo Station,https://www.inprnt.com/gallery/joshuadenouden/josh1-189-waterloo-station/,Common,London (LON) 🇬🇧,iPhone 12 / Archival Capture
https://cdn.inprnt.com/thumbs/8b/c4/8bc4aa27b141d8edadebb07aed696a4b@2x.jpg,"JOSH1-188: A 2222 2022
Architectural geometry and urban stillness. Recorded for archival permanence.

JOSH¹ Archive — Limited Edition Phygital Art Piece
Edition: 100% Cotton Rag Archival Fine-Art Print (300gsm)
Provenance: Solana Blockchain verified (JOSHSHOOT.SOL) -> Physical exhibition print via INPRNT

Collect the archive via link in bio
📸 iPhone 12 / Archival Capture
📍 Rotterdam (RTM) 🇳🇱
💎 Rarity: Common
⚡ On-Chain: JOSHSHOOT.SOL

.
.
.
#MinimalistPhotography #JOSHSHOOTPRINTS #Industrial #INPRNT",JOSH1-188: A 2222 2022,https://www.inprnt.com/gallery/joshuadenouden/josh1-188-a-2222-2022/,Common,Rotterdam (RTM) 🇳🇱,iPhone 12 / Archival Capture
https://cdn.inprnt.com/thumbs/c9/cc/c9cce4a5220c808c159a6cbda07bed35@2x.jpg,"JOSH1-187: Nieuwe Mass
Architectural geometry and urban stillness. Recorded for archival permanence.

JOSH¹ Archive — Limited Edition Phygital Art Piece
Edition: 100% Cotton Rag Archival Fine-Art Print (300gsm)
Provenance: Solana Blockchain verified (JOSHSHOOT.SOL) -> Physical exhibition print via INPRNT

Collect the archive via link in bio
📸 iPhone 12 / Archival Capture
📍 Rotterdam (RTM) 🇳🇱
💎 Rarity: Common
⚡ On-Chain: JOSHSHOOT.SOL

.
.
.
#FineArtPrint #ArchivalPrint #INPRNT #StreetPhotography",JOSH1-187: Nieuwe Mass,https://www.inprnt.com/gallery/joshuadenouden/josh1-187-nieuwe-mass/,Common,Rotterdam (RTM) 🇳🇱,iPhone 12 / Archival Capture
https://cdn.inprnt.com/thumbs/e9/3c/e93c3782e0c96dda08e24c5702a45b5b@2x.jpg,"JOSH1-186: Shooting with JOM
Architectural geometry and urban stillness. Recorded for archival permanence.

JOSH¹ Archive — Limited Edition Phygital Art Piece
Edition: 100% Cotton Rag Archival Fine-Art Print (300gsm)
Provenance: Solana Blockchain verified (JOSHSHOOT.SOL) -> Physical exhibition print via INPRNT

Collect the archive via link in bio
📸 iPhone 12 / Archival Capture
📍 Rotterdam (RTM) 🇳🇱
💎 Rarity: Common
⚡ On-Chain: JOSHSHOOT.SOL

.
.
.
#FineArtPrint #Industrial #StreetPhotography #WallArtDecor",JOSH1-186: Shooting with JOM,https://www.inprnt.com/gallery/joshuadenouden/josh1-186-shooting-with-jom/,Common,Rotterdam (RTM) 🇳🇱,iPhone 12 / Archival Capture
https://cdn.inprnt.com/thumbs/a3/91/a3919a1b8747e42dc8e79d50dbf132c1@2x.jpg,"JOSH1-185: In JOM's Room
Architectural geometry and urban stillness. Recorded for archival permanence.

JOSH¹ Archive — Limited Edition Phygital Art Piece
Edition: 100% Cotton Rag Archival Fine-Art Print (300gsm)
Provenance: Solana Blockchain verified (JOSHSHOOT.SOL) -> Physical exhibition print via INPRNT

Collect the archive via link in bio
📸 iPhone 12 / Archival Capture
📍 Rotterdam (RTM) 🇳🇱
💎 Rarity: Common
⚡ On-Chain: JOSHSHOOT.SOL

.
.
.
#FineArtPrint #StreetPhotography #MinimalistPhotography #UrbanGeometry",JOSH1-185: In JOM's Room,https://www.inprnt.com/gallery/joshuadenouden/josh1-185-in-joms-room/,Common,Rotterdam (RTM) 🇳🇱,iPhone 12 / Archival Capture
https://cdn.inprnt.com/thumbs/a2/ca/a2ca48585394723b0c4dccd998fa8923@2x.jpg,"JOSH1-184: Taste of Bengal
Architectural geometry and urban stillness. Recorded for archival permanence.

JOSH¹ Archive — Limited Edition Phygital Art Piece
Edition: 100% Cotton Rag Archival Fine-Art Print (300gsm)
Provenance: Solana Blockchain verified (JOSHSHOOT.SOL) -> Physical exhibition print via INPRNT

Collect the archive via link in bio
📸 iPhone 12 / Archival Capture
📍 Rotterdam (RTM) 🇳🇱
💎 Rarity: Common
⚡ On-Chain: JOSHSHOOT.SOL

.
.
.
#INPRNT #WallArtDecor #ArchivalPrint #ArchitecturalPhotography",JOSH1-184: Taste of Bengal,https://www.inprnt.com/gallery/joshuadenouden/josh1-184-taste-of-bengal/,Common,Rotterdam (RTM) 🇳🇱,iPhone 12 / Archival Capture
https://cdn.inprnt.com/thumbs/18/cc/18cc8270801ab3e10a024234b5250790@2x.jpg,"JOSH1-183: Rotterdam Blaak Station
Urban transit and architectural scale. Kinetic movement recorded inside modern transport terminals.

JOSH¹ Archive — Limited Edition Phygital Art Piece
Edition: 100% Cotton Rag Archival Fine-Art Print (300gsm)
Provenance: Solana Blockchain verified (JOSHSHOOT.SOL) -> Physical exhibition print via INPRNT

Collect the archive via link in bio
📸 iPhone 12 / Archival Capture
📍 Rotterdam (RTM) 🇳🇱
💎 Rarity: Common
⚡ On-Chain: JOSHSHOOT.SOL

.
.
.
#OnChainArt #ArchitecturalPhotography #Industrial #FineArtPrint",JOSH1-183: Rotterdam Blaak Station,https://www.inprnt.com/gallery/joshuadenouden/josh1-183-rotterdam-blaak-station/,Common,Rotterdam (RTM) 🇳🇱,iPhone 12 / Archival Capture
https://cdn.inprnt.com/thumbs/60/81/6081369e1e1d3a898d02897b6f2e4cb0@2x.jpg,"JOSH1-182: The Rotterdam Public Library
Architectural geometry and urban stillness. Recorded for archival permanence.

JOSH¹ Archive — Limited Edition Phygital Art Piece
Edition: 100% Cotton Rag Archival Fine-Art Print (300gsm)
Provenance: Solana Blockchain verified (JOSHSHOOT.SOL) -> Physical exhibition print via INPRNT

Collect the archive via link in bio
📸 iPhone 12 / Archival Capture
📍 Rotterdam (RTM) 🇳🇱
💎 Rarity: Common
⚡ On-Chain: JOSHSHOOT.SOL

.
.
.
#SolanaArt #INPRNT #ArtCollector #WallArtDecor",JOSH1-182: The Rotterdam Public Library,https://www.inprnt.com/gallery/joshuadenouden/josh1-182-the-rotterdam-public-library/,Common,Rotterdam (RTM) 🇳🇱,iPhone 12 / Archival Capture
https://cdn.inprnt.com/thumbs/70/39/70395e0748bad644bc6bf8f59f3b5ccf@2x.jpg,"JOSH1-181: WTF is that?
Architectural geometry and urban stillness. Recorded for archival permanence.

JOSH¹ Archive — Limited Edition Phygital Art Piece
Edition: 100% Cotton Rag Archival Fine-Art Print (300gsm)
Provenance: Solana Blockchain verified (JOSHSHOOT.SOL) -> Physical exhibition print via INPRNT

Collect the archive via link in bio
📸 iPhone 12 / Archival Capture
📍 Rotterdam (RTM) 🇳🇱
💎 Rarity: Common
⚡ On-Chain: JOSHSHOOT.SOL

.
.
.
#UrbanGeometry #Industrial #SolanaNFT #ArchivalPrint",JOSH1-181: WTF is that?,https://www.inprnt.com/gallery/joshuadenouden/josh1-181-wtf-is-that/,Common,Rotterdam (RTM) 🇳🇱,iPhone 12 / Archival Capture
https://cdn.inprnt.com/thumbs/cc/9e/cc9eecbc5a190d029f32de31a5506881@2x.jpg,"JOSH1-180: Fifty-Two
Architectural geometry and urban stillness. Recorded for archival permanence.

JOSH¹ Archive — Limited Edition Phygital Art Piece
Edition: 100% Cotton Rag Archival Fine-Art Print (300gsm)
Provenance: Solana Blockchain verified (JOSHSHOOT.SOL) -> Physical exhibition print via INPRNT

Collect the archive via link in bio
📸 iPhone 12 / Archival Capture
📍 Rotterdam (RTM) 🇳🇱
💎 Rarity: Common
⚡ On-Chain: JOSHSHOOT.SOL

.
.
.
#PhygitalArt #BrutalistArchitecture #OnChainArt #ArchitecturalPhotography",JOSH1-180: Fifty-Two,https://www.inprnt.com/gallery/joshuadenouden/josh1-180-fifty-two/,Common,Rotterdam (RTM) 🇳🇱,iPhone 12 / Archival Capture
https://cdn.inprnt.com/thumbs/16/72/1672d18198687da5334212a4b7feea90@2x.jpg,"JOSH1-179: The Niche Beach
Architectural geometry and urban stillness. Recorded for archival permanence.

JOSH¹ Archive — Limited Edition Phygital Art Piece
Edition: 100% Cotton Rag Archival Fine-Art Print (300gsm)
Provenance: Solana Blockchain verified (JOSHSHOOT.SOL) -> Physical exhibition print via INPRNT

Collect the archive via link in bio
📸 iPhone 12 / Archival Capture
📍 Rotterdam (RTM) 🇳🇱
💎 Rarity: Common
⚡ On-Chain: JOSHSHOOT.SOL

.
.
.
#OnChainArt #UrbanGeometry #PhygitalArt #INPRNT",JOSH1-179: The Niche Beach,https://www.inprnt.com/gallery/joshuadenouden/josh1-179-the-niche-beach/,Common,Rotterdam (RTM) 🇳🇱,iPhone 12 / Archival Capture
https://cdn.inprnt.com/thumbs/31/c4/31c4861d556bbdce174bd3d3e2cb1e4e@2x.jpg,"JOSH1-178: Niche Walk
Architectural geometry and urban stillness. Recorded for archival permanence.

JOSH¹ Archive — Limited Edition Phygital Art Piece
Edition: 100% Cotton Rag Archival Fine-Art Print (300gsm)
Provenance: Solana Blockchain verified (JOSHSHOOT.SOL) -> Physical exhibition print via INPRNT

Collect the archive via link in bio
📸 iPhone 12 / Archival Capture
📍 Rotterdam (RTM) 🇳🇱
💎 Rarity: Common
⚡ On-Chain: JOSHSHOOT.SOL

.
.
.
#StreetPhotography #BrutalistArchitecture #OnChainArt #UrbanGeometry",JOSH1-178: Niche Walk,https://www.inprnt.com/gallery/joshuadenouden/josh1-178-niche-walk/,Common,Rotterdam (RTM) 🇳🇱,iPhone 12 / Archival Capture
https://cdn.inprnt.com/thumbs/a6/55/a6557d32fc5ab7eb68b0b746cae62f8e@2x.jpg,"JOSH1-177: One-Zero-Nine
Architectural geometry and urban stillness. Recorded for archival permanence.

JOSH¹ Archive — Limited Edition Phygital Art Piece
Edition: 100% Cotton Rag Archival Fine-Art Print (300gsm)
Provenance: Solana Blockchain verified (JOSHSHOOT.SOL) -> Physical exhibition print via INPRNT

Collect the archive via link in bio
📸 iPhone 12 / Archival Capture
📍 Rotterdam (RTM) 🇳🇱
💎 Rarity: Common
⚡ On-Chain: JOSHSHOOT.SOL

.
.
.
#SolanaArt #StreetPhotography #ArchivalPrint #PhygitalArt",JOSH1-177: One-Zero-Nine,https://www.inprnt.com/gallery/joshuadenouden/josh1-177-one-zero-nine/,Common,Rotterdam (RTM) 🇳🇱,iPhone 12 / Archival Capture
https://cdn.inprnt.com/thumbs/8d/5a/8d5a4bba05836f205aa64b6053ed825b@2x.jpg,"JOSH1-176: Fa b
Architectural geometry and urban stillness. Recorded for archival permanence.

JOSH¹ Archive — Limited Edition Phygital Art Piece
Edition: 100% Cotton Rag Archival Fine-Art Print (300gsm)
Provenance: Solana Blockchain verified (JOSHSHOOT.SOL) -> Physical exhibition print via INPRNT

Collect the archive via link in bio
📸 iPhone 12 / Archival Capture
📍 Rotterdam (RTM) 🇳🇱
💎 Rarity: Common
⚡ On-Chain: JOSHSHOOT.SOL

.
.
.
#WallArtDecor #ArchivalPrint #SolanaArt #INPRNT",JOSH1-176: Fa b,https://www.inprnt.com/gallery/joshuadenouden/josh1-176-fa-b/,Common,Rotterdam (RTM) 🇳🇱,iPhone 12 / Archival Capture
https://cdn.inprnt.com/thumbs/6f/75/6f75462d392c951fe210c3fb65aa38f5@2x.jpg,"JOSH1-175: K A A K A A
Architectural geometry and urban stillness. Recorded for archival permanence.

JOSH¹ Archive — Limited Edition Phygital Art Piece
Edition: 100% Cotton Rag Archival Fine-Art Print (300gsm)
Provenance: Solana Blockchain verified (JOSHSHOOT.SOL) -> Physical exhibition print via INPRNT

Collect the archive via link in bio
📸 iPhone 12 / Archival Capture
📍 Rotterdam (RTM) 🇳🇱
💎 Rarity: Common
⚡ On-Chain: JOSHSHOOT.SOL

.
.
.
#ArtCollector #ArchitecturalPhotography #StreetPhotography #SolanaArt",JOSH1-175: K A A K A A,https://www.inprnt.com/gallery/joshuadenouden/josh1-175-k-a-a-k-a-a/,Common,Rotterdam (RTM) 🇳🇱,iPhone 12 / Archival Capture
https://cdn.inprnt.com/thumbs/ce/28/ce28ee62ea5dcd592cad1bb1f3aea205@2x.jpg,"JOSH1-174: One Menu Item
Architectural geometry and urban stillness. Recorded for archival permanence.

JOSH¹ Archive — Limited Edition Phygital Art Piece
Edition: 100% Cotton Rag Archival Fine-Art Print (300gsm)
Provenance: Solana Blockchain verified (JOSHSHOOT.SOL) -> Physical exhibition print via INPRNT

Collect the archive via link in bio
📸 iPhone 12 / Archival Capture
📍 Rotterdam (RTM) 🇳🇱
💎 Rarity: Common
⚡ On-Chain: JOSHSHOOT.SOL

.
.
.
#MinimalistPhotography #ArchitecturalPhotography #FineArtPrint #JOSHSHOOTPRINTS",JOSH1-174: One Menu Item,https://www.inprnt.com/gallery/joshuadenouden/josh1-174-one-menu-item/,Common,Rotterdam (RTM) 🇳🇱,iPhone 12 / Archival Capture
https://cdn.inprnt.com/thumbs/1e/17/1e17ecc4de84bcace1720f41e6bb9bcf@2x.jpg,"JOSH1-173: Mijdrecht3
Architectural geometry and urban stillness. Recorded for archival permanence.

JOSH¹ Archive — Limited Edition Phygital Art Piece
Edition: 100% Cotton Rag Archival Fine-Art Print (300gsm)
Provenance: Solana Blockchain verified (JOSHSHOOT.SOL) -> Physical exhibition print via INPRNT

Collect the archive via link in bio
📸 iPhone 12 / Archival Capture
📍 Rotterdam (RTM) 🇳🇱
💎 Rarity: Common
⚡ On-Chain: JOSHSHOOT.SOL

.
.
.
#SolanaNFT #Industrial #FineArtPrint #OnChainArt",JOSH1-173: Mijdrecht3,https://www.inprnt.com/gallery/joshuadenouden/josh1-173-mijdrecht3/,Common,Rotterdam (RTM) 🇳🇱,iPhone 12 / Archival Capture
https://cdn.inprnt.com/thumbs/ca/5a/ca5a36362e24ec9fd22cd9f2dbd0d3d3@2x.jpg,"JOSH1-172: Mijdrecht2
Architectural geometry and urban stillness. Recorded for archival permanence.

JOSH¹ Archive — Limited Edition Phygital Art Piece
Edition: 100% Cotton Rag Archival Fine-Art Print (300gsm)
Provenance: Solana Blockchain verified (JOSHSHOOT.SOL) -> Physical exhibition print via INPRNT

Collect the archive via link in bio
📸 iPhone 12 / Archival Capture
📍 Rotterdam (RTM) 🇳🇱
💎 Rarity: Common
⚡ On-Chain: JOSHSHOOT.SOL

.
.
.
#ArchitecturalPhotography #ContemporaryCollector #MinimalistPhotography #PhygitalArt",JOSH1-172: Mijdrecht2,https://www.inprnt.com/gallery/joshuadenouden/josh1-172-mijdrecht2/,Common,Rotterdam (RTM) 🇳🇱,iPhone 12 / Archival Capture
https://cdn.inprnt.com/thumbs/ca/c4/cac4622d5dcf401600edc6d8c5f2db16@2x.jpg,"JOSH1-171: Mijdrecht1
Architectural geometry and urban stillness. Recorded for archival permanence.

JOSH¹ Archive — Limited Edition Phygital Art Piece
Edition: 100% Cotton Rag Archival Fine-Art Print (300gsm)
Provenance: Solana Blockchain verified (JOSHSHOOT.SOL) -> Physical exhibition print via INPRNT

Collect the archive via link in bio
📸 iPhone 12 / Archival Capture
📍 Rotterdam (RTM) 🇳🇱
💎 Rarity: Common
⚡ On-Chain: JOSHSHOOT.SOL

.
.
.
#BrutalistArchitecture #SolanaNFT #Industrial #WallArtDecor",JOSH1-171: Mijdrecht1,https://www.inprnt.com/gallery/joshuadenouden/josh1-171-mijdrecht1/,Common,Rotterdam (RTM) 🇳🇱,iPhone 12 / Archival Capture
https://cdn.inprnt.com/thumbs/80/8f/808fd21131af306895c8c567b073042a@2x.jpg,"JOSH1-170: Manila Skyrises
Architectural geometry and urban stillness. Recorded for archival permanence.

JOSH¹ Archive — Limited Edition Phygital Art Piece
Edition: 100% Cotton Rag Archival Fine-Art Print (300gsm)
Provenance: Solana Blockchain verified (JOSHSHOOT.SOL) -> Physical exhibition print via INPRNT

Collect the archive via link in bio
📸 iPhone 12 / Archival Capture
📍 Manila (MNL) 🇵🇭
💎 Rarity: Common
⚡ On-Chain: JOSHSHOOT.SOL

.
.
.
#StreetPhotography #UrbanGeometry #JOSHSHOOTPRINTS #Industrial",JOSH1-170: Manila Skyrises,https://www.inprnt.com/gallery/joshuadenouden/josh1-170-manila-skyrises/,Common,Manila (MNL) 🇵🇭,iPhone 12 / Archival Capture
https://cdn.inprnt.com/thumbs/2d/36/2d36dee988791ea5f2c4147d81c13676@2x.jpg,"JOSH1-169: Fi-ends
Architectural geometry and urban stillness. Recorded for archival permanence.

JOSH¹ Archive — Limited Edition Phygital Art Piece
Edition: 100% Cotton Rag Archival Fine-Art Print (300gsm)
Provenance: Solana Blockchain verified (JOSHSHOOT.SOL) -> Physical exhibition print via INPRNT

Collect the archive via link in bio
📸 iPhone 12 / Archival Capture
📍 Rotterdam (RTM) 🇳🇱
💎 Rarity: Common
⚡ On-Chain: JOSHSHOOT.SOL

.
.
.
#PhygitalArt #BrutalistArchitecture #MinimalistPhotography #SolanaArt",JOSH1-169: Fi-ends,https://www.inprnt.com/gallery/joshuadenouden/josh1-169-fi-ends/,Common,Rotterdam (RTM) 🇳🇱,iPhone 12 / Archival Capture
https://cdn.inprnt.com/thumbs/79/ba/79ba1a84e886b133ce18708650596f0c@2x.jpg,"JOSH1-168: Amsterdam North Side
Amsterdam's narrow alleyways. Spatial compression and natural light in the European urban grid.

JOSH¹ Archive — Limited Edition Phygital Art Piece
Edition: 100% Cotton Rag Archival Fine-Art Print (300gsm)
Provenance: Solana Blockchain verified (JOSHSHOOT.SOL) -> Physical exhibition print via INPRNT

Collect the archive via link in bio
📸 iPhone 12 / Archival Capture
📍 Amsterdam (AMS) 🇳🇱
💎 Rarity: Common
⚡ On-Chain: JOSHSHOOT.SOL

.
.
.
#ContemporaryCollector #PhygitalArt #UrbanGeometry #ArchitecturalPhotography",JOSH1-168: Amsterdam North Side,https://www.inprnt.com/gallery/joshuadenouden/josh1-168-amsterdam-north-side/,Common,Amsterdam (AMS) 🇳🇱,iPhone 12 / Archival Capture
https://cdn.inprnt.com/thumbs/1e/46/1e4608d1e5967c9f4059813e5f315ac3@2x.jpg,"JOSH1-167: The Amsterdam Lookout
Amsterdam's narrow alleyways. Spatial compression and natural light in the European urban grid.

JOSH¹ Archive — Limited Edition Phygital Art Piece
Edition: 100% Cotton Rag Archival Fine-Art Print (300gsm)
Provenance: Solana Blockchain verified (JOSHSHOOT.SOL) -> Physical exhibition print via INPRNT

Collect the archive via link in bio
📸 iPhone 12 / Archival Capture
📍 Amsterdam (AMS) 🇳🇱
💎 Rarity: Common
⚡ On-Chain: JOSHSHOOT.SOL

.
.
.
#BrutalistArchitecture #PhygitalArt #WallArtDecor #ArchivalPrint",JOSH1-167: The Amsterdam Lookout,https://www.inprnt.com/gallery/joshuadenouden/josh1-167-the-amsterdam-lookout/,Common,Amsterdam (AMS) 🇳🇱,iPhone 12 / Archival Capture
https://cdn.inprnt.com/thumbs/25/d7/25d78e1cd5b0186e9d458a721c25b885@2x.jpg,"JOSH1-166: The 2nd Symmetry Photography
Architectural geometry and urban stillness. Recorded for archival permanence.

JOSH¹ Archive — Limited Edition Phygital Art Piece
Edition: 100% Cotton Rag Archival Fine-Art Print (300gsm)
Provenance: Solana Blockchain verified (JOSHSHOOT.SOL) -> Physical exhibition print via INPRNT

Collect the archive via link in bio
📸 iPhone 12 / Archival Capture
📍 Rotterdam (RTM) 🇳🇱
💎 Rarity: Common
⚡ On-Chain: JOSHSHOOT.SOL

.
.
.
#ContemporaryCollector #Industrial #MinimalistPhotography #UrbanGeometry",JOSH1-166: The 2nd Symmetry Photography,https://www.inprnt.com/gallery/joshuadenouden/josh1-166-the-2nd-symmetry-photography/,Common,Rotterdam (RTM) 🇳🇱,iPhone 12 / Archival Capture
https://cdn.inprnt.com/thumbs/62/d6/62d612b170fa146692815e136675810a@2x.jpg,"JOSH1-165: The Eras Bridge
Architectural geometry and urban stillness. Recorded for archival permanence.

JOSH¹ Archive — Limited Edition Phygital Art Piece
Edition: 100% Cotton Rag Archival Fine-Art Print (300gsm)
Provenance: Solana Blockchain verified (JOSHSHOOT.SOL) -> Physical exhibition print via INPRNT

Collect the archive via link in bio
📸 iPhone 12 / Archival Capture
📍 Rotterdam (RTM) 🇳🇱
💎 Rarity: Common
⚡ On-Chain: JOSHSHOOT.SOL

.
.
.
#ArtCollector #ArchivalPrint #StreetPhotography #UrbanGeometry",JOSH1-165: The Eras Bridge,https://www.inprnt.com/gallery/joshuadenouden/josh1-165-the-eras-bridge/,Common,Rotterdam (RTM) 🇳🇱,iPhone 12 / Archival Capture
https://cdn.inprnt.com/thumbs/b7/39/b739dc70589d3269f14081b04fee0e94@2x.jpg,"JOSH1-164: Greetings to me
Architectural geometry and urban stillness. Recorded for archival permanence.

JOSH¹ Archive — Limited Edition Phygital Art Piece
Edition: 100% Cotton Rag Archival Fine-Art Print (300gsm)
Provenance: Solana Blockchain verified (JOSHSHOOT.SOL) -> Physical exhibition print via INPRNT

Collect the archive via link in bio
📸 iPhone 12 / Archival Capture
📍 Rotterdam (RTM) 🇳🇱
💎 Rarity: Common
⚡ On-Chain: JOSHSHOOT.SOL

.
.
.
#SolanaArt #SolanaNFT #ContemporaryCollector #OnChainArt",JOSH1-164: Greetings to me,https://www.inprnt.com/gallery/joshuadenouden/josh1-164-greetings-to-me/,Common,Rotterdam (RTM) 🇳🇱,iPhone 12 / Archival Capture
https://cdn.inprnt.com/thumbs/e7/29/e729f50774aa772da05d6b8354546024@2x.jpg,"JOSH1-163: All Abort
Architectural geometry and urban stillness. Recorded for archival permanence.

JOSH¹ Archive — Limited Edition Phygital Art Piece
Edition: 100% Cotton Rag Archival Fine-Art Print (300gsm)
Provenance: Solana Blockchain verified (JOSHSHOOT.SOL) -> Physical exhibition print via INPRNT

Collect the archive via link in bio
📸 iPhone 12 / Archival Capture
📍 Rotterdam (RTM) 🇳🇱
💎 Rarity: Common
⚡ On-Chain: JOSHSHOOT.SOL

.
.
.
#ContemporaryCollector #ArchitecturalPhotography #Industrial #OnChainArt",JOSH1-163: All Abort,https://www.inprnt.com/gallery/joshuadenouden/josh1-163-all-abort/,Common,Rotterdam (RTM) 🇳🇱,iPhone 12 / Archival Capture
https://cdn.inprnt.com/thumbs/d4/5d/d45d5c17ce3067273320cdef7ff31885@2x.jpg,"JOSH1-162: Hallo, Ello
Architectural geometry and urban stillness. Recorded for archival permanence.

JOSH¹ Archive — Limited Edition Phygital Art Piece
Edition: 100% Cotton Rag Archival Fine-Art Print (300gsm)
Provenance: Solana Blockchain verified (JOSHSHOOT.SOL) -> Physical exhibition print via INPRNT

Collect the archive via link in bio
📸 iPhone 12 / Archival Capture
📍 Rotterdam (RTM) 🇳🇱
💎 Rarity: Common
⚡ On-Chain: JOSHSHOOT.SOL

.
.
.
#ContemporaryCollector #JOSHSHOOTPRINTS #FineArtPrint #SolanaNFT","JOSH1-162: Hallo, Ello",https://www.inprnt.com/gallery/joshuadenouden/josh1-162-hallo-ello/,Common,Rotterdam (RTM) 🇳🇱,iPhone 12 / Archival Capture
https://cdn.inprnt.com/thumbs/83/be/83be66a9a67d2d1becd0ae241766b3bf@2x.jpg,"JOSH1-161: The Rotterdam Dutch
Architectural geometry and urban stillness. Recorded for archival permanence.

JOSH¹ Archive — Limited Edition Phygital Art Piece
Edition: 100% Cotton Rag Archival Fine-Art Print (300gsm)
Provenance: Solana Blockchain verified (JOSHSHOOT.SOL) -> Physical exhibition print via INPRNT

Collect the archive via link in bio
📸 iPhone 12 / Archival Capture
📍 Rotterdam (RTM) 🇳🇱
💎 Rarity: Common
⚡ On-Chain: JOSHSHOOT.SOL

.
.
.
#MinimalistPhotography #SolanaNFT #UrbanGeometry #BrutalistArchitecture",JOSH1-161: The Rotterdam Dutch,https://www.inprnt.com/gallery/joshuadenouden/josh1-161-the-rotterdam-dutch/,Common,Rotterdam (RTM) 🇳🇱,iPhone 12 / Archival Capture
https://cdn.inprnt.com/thumbs/6f/8e/6f8ec78982534667ed248b2890eea649@2x.jpg,"JOSH1-160: More of Brussels
Architectural geometry and urban stillness. Recorded for archival permanence.

JOSH¹ Archive — Limited Edition Phygital Art Piece
Edition: 100% Cotton Rag Archival Fine-Art Print (300gsm)
Provenance: Solana Blockchain verified (JOSHSHOOT.SOL) -> Physical exhibition print via INPRNT

Collect the archive via link in bio
📸 iPhone 12 / Archival Capture
📍 Rotterdam (RTM) 🇳🇱
💎 Rarity: Common
⚡ On-Chain: JOSHSHOOT.SOL

.
.
.
#StreetPhotography #BrutalistArchitecture #FineArtPrint #INPRNT",JOSH1-160: More of Brussels,https://www.inprnt.com/gallery/joshuadenouden/josh1-160-more-of-brussels/,Common,Rotterdam (RTM) 🇳🇱,iPhone 12 / Archival Capture
https://cdn.inprnt.com/thumbs/b9/5b/b95b8871624a25a637692315474c8540@2x.jpg,"JOSH1-159: I Like Belgium
Architectural geometry and urban stillness. Recorded for archival permanence.

JOSH¹ Archive — Limited Edition Phygital Art Piece
Edition: 100% Cotton Rag Archival Fine-Art Print (300gsm)
Provenance: Solana Blockchain verified (JOSHSHOOT.SOL) -> Physical exhibition print via INPRNT

Collect the archive via link in bio
📸 iPhone 12 / Archival Capture
📍 Rotterdam (RTM) 🇳🇱
💎 Rarity: Common
⚡ On-Chain: JOSHSHOOT.SOL

.
.
.
#ArchitecturalPhotography #OnChainArt #JOSHSHOOTPRINTS #SolanaNFT",JOSH1-159: I Like Belgium,https://www.inprnt.com/gallery/joshuadenouden/josh1-159-i-like-belgium/,Common,Rotterdam (RTM) 🇳🇱,iPhone 12 / Archival Capture
https://cdn.inprnt.com/thumbs/c7/74/c774eb1d3aa1e14979f3cd21a159b022@2x.jpg,"JOSH1-158: Inner Streets
Rotterdam waterfront architecture. Structural geometry along the urban harbor.

JOSH¹ Archive — Limited Edition Phygital Art Piece
Edition: 100% Cotton Rag Archival Fine-Art Print (300gsm)
Provenance: Solana Blockchain verified (JOSHSHOOT.SOL) -> Physical exhibition print via INPRNT

Collect the archive via link in bio
📸 iPhone 12 / Archival Capture
📍 Rotterdam (RTM) 🇳🇱
💎 Rarity: Common
⚡ On-Chain: JOSHSHOOT.SOL

.
.
.
#SolanaArt #OnChainArt #INPRNT #ArchivalPrint",JOSH1-158: Inner Streets,https://www.inprnt.com/gallery/joshuadenouden/josh1-158-inner-streets/,Common,Rotterdam (RTM) 🇳🇱,iPhone 12 / Archival Capture
https://cdn.inprnt.com/thumbs/fe/79/fe794ed8dcc2766a5a468eda53da2b74@2x.jpg,"JOSH1-157: The Brussels Skyline
Architectural geometry and urban stillness. Recorded for archival permanence.

JOSH¹ Archive — Limited Edition Phygital Art Piece
Edition: 100% Cotton Rag Archival Fine-Art Print (300gsm)
Provenance: Solana Blockchain verified (JOSHSHOOT.SOL) -> Physical exhibition print via INPRNT

Collect the archive via link in bio
📸 iPhone 12 / Archival Capture
📍 Rotterdam (RTM) 🇳🇱
💎 Rarity: Common
⚡ On-Chain: JOSHSHOOT.SOL

.
.
.
#UrbanGeometry #ArtCollector #ContemporaryCollector #SolanaNFT",JOSH1-157: The Brussels Skyline,https://www.inprnt.com/gallery/joshuadenouden/josh1-157-the-brussels-inner-streets/,Common,Rotterdam (RTM) 🇳🇱,iPhone 12 / Archival Capture
https://cdn.inprnt.com/thumbs/1c/4c/1c4c3dcef7240611fc70633d66ceae88@2x.jpg,"JOSH1-156: Brussels Graffiti
Architectural geometry and urban stillness. Recorded for archival permanence.

JOSH¹ Archive — Limited Edition Phygital Art Piece
Edition: 100% Cotton Rag Archival Fine-Art Print (300gsm)
Provenance: Solana Blockchain verified (JOSHSHOOT.SOL) -> Physical exhibition print via INPRNT

Collect the archive via link in bio
📸 iPhone 12 / Archival Capture
📍 Rotterdam (RTM) 🇳🇱
💎 Rarity: Common
⚡ On-Chain: JOSHSHOOT.SOL

.
.
.
#FineArtPrint #JOSHSHOOTPRINTS #OnChainArt #StreetPhotography",JOSH1-156: Brussels Graffiti,https://www.inprnt.com/gallery/joshuadenouden/josh1-156-brussels-graffiti/,Common,Rotterdam (RTM) 🇳🇱,iPhone 12 / Archival Capture
https://cdn.inprnt.com/thumbs/74/27/7427a751f8ce7898eaa47b7ae99879eb@2x.jpg,"JOSH1-155: A Couple of Nights
Monochromatic depth and low-light atmosphere. Structural brutalism recorded after dark.

JOSH¹ Archive — Limited Edition Phygital Art Piece
Edition: 100% Cotton Rag Archival Fine-Art Print (300gsm)
Provenance: Solana Blockchain verified (JOSHSHOOT.SOL) -> Physical exhibition print via INPRNT

Collect the archive via link in bio
📸 iPhone 12 / Archival Capture
📍 Rotterdam (RTM) 🇳🇱
💎 Rarity: Common
⚡ On-Chain: JOSHSHOOT.SOL

.
.
.
#ArchitecturalPhotography #SolanaArt #Industrial #ArchivalPrint",JOSH1-155: A Couple of Nights,https://www.inprnt.com/gallery/joshuadenouden/josh1-155-a-couple-of-nights/,Common,Rotterdam (RTM) 🇳🇱,iPhone 12 / Archival Capture
https://cdn.inprnt.com/thumbs/69/bc/69bca8268e593b2b4ecafca9a61e00e0@2x.jpg,"JOSH1-154: Sustain Ability
Architectural geometry and urban stillness. Recorded for archival permanence.

JOSH¹ Archive — Limited Edition Phygital Art Piece
Edition: 100% Cotton Rag Archival Fine-Art Print (300gsm)
Provenance: Solana Blockchain verified (JOSHSHOOT.SOL) -> Physical exhibition print via INPRNT

Collect the archive via link in bio
📸 iPhone 12 / Archival Capture
📍 Rotterdam (RTM) 🇳🇱
💎 Rarity: Common
⚡ On-Chain: JOSHSHOOT.SOL

.
.
.
#FineArtPrint #JOSHSHOOTPRINTS #BrutalistArchitecture #ArtCollector",JOSH1-154: Sustain Ability,https://www.inprnt.com/gallery/joshuadenouden/josh1-154-sustain-ability/,Common,Rotterdam (RTM) 🇳🇱,iPhone 12 / Archival Capture
https://cdn.inprnt.com/thumbs/e6/76/e67685dd530be2fa945bf07637243d35@2x.jpg,"JOSH1-153: Blaak Station
Urban transit and architectural scale. Kinetic movement recorded inside modern transport terminals.

JOSH¹ Archive — Limited Edition Phygital Art Piece
Edition: 100% Cotton Rag Archival Fine-Art Print (300gsm)
Provenance: Solana Blockchain verified (JOSHSHOOT.SOL) -> Physical exhibition print via INPRNT

Collect the archive via link in bio
📸 iPhone 12 / Archival Capture
📍 Rotterdam (RTM) 🇳🇱
💎 Rarity: Common
⚡ On-Chain: JOSHSHOOT.SOL

.
.
.
#INPRNT #OnChainArt #ContemporaryCollector #MinimalistPhotography",JOSH1-153: Blaak Station,https://www.inprnt.com/gallery/joshuadenouden/josh1-153-blaak-station/,Common,Rotterdam (RTM) 🇳🇱,iPhone 12 / Archival Capture
https://cdn.inprnt.com/thumbs/30/4b/304b61f6fefddec7860766b2a37db8db@2x.jpg,"JOSH1-152: M Logo
Architectural geometry and urban stillness. Recorded for archival permanence.

JOSH¹ Archive — Limited Edition Phygital Art Piece
Edition: 100% Cotton Rag Archival Fine-Art Print (300gsm)
Provenance: Solana Blockchain verified (JOSHSHOOT.SOL) -> Physical exhibition print via INPRNT

Collect the archive via link in bio
📸 iPhone 12 / Archival Capture
📍 Rotterdam (RTM) 🇳🇱
💎 Rarity: Common
⚡ On-Chain: JOSHSHOOT.SOL

.
.
.
#JOSHSHOOTPRINTS #ArchitecturalPhotography #WallArtDecor #SolanaNFT",JOSH1-152: M Logo,https://www.inprnt.com/gallery/joshuadenouden/josh1-152-m-logo/,Common,Rotterdam (RTM) 🇳🇱,iPhone 12 / Archival Capture
https://cdn.inprnt.com/thumbs/32/75/3275ea71bb63c42ef224ac74909841dd@2x.jpg,"JOSH1-151: Metro That Way
Architectural geometry and urban stillness. Recorded for archival permanence.

JOSH¹ Archive — Limited Edition Phygital Art Piece
Edition: 100% Cotton Rag Archival Fine-Art Print (300gsm)
Provenance: Solana Blockchain verified (JOSHSHOOT.SOL) -> Physical exhibition print via INPRNT

Collect the archive via link in bio
📸 iPhone 12 / Archival Capture
📍 Rotterdam (RTM) 🇳🇱
💎 Rarity: Common
⚡ On-Chain: JOSHSHOOT.SOL

.
.
.
#JOSHSHOOTPRINTS #UrbanGeometry #SolanaArt #WallArtDecor",JOSH1-151: Metro That Way,https://www.inprnt.com/gallery/joshuadenouden/josh1-151-metro-that-way/,Common,Rotterdam (RTM) 🇳🇱,iPhone 12 / Archival Capture
https://cdn.inprnt.com/thumbs/36/2d/362d6b1d9f3ac27bb958a2578940ec6e@2x.jpg,"JOSH1-150: Tommy Gun
Architectural geometry and urban stillness. Recorded for archival permanence.

JOSH¹ Archive — Limited Edition Phygital Art Piece
Edition: 100% Cotton Rag Archival Fine-Art Print (300gsm)
Provenance: Solana Blockchain verified (JOSHSHOOT.SOL) -> Physical exhibition print via INPRNT

Collect the archive via link in bio
📸 iPhone 12 / Archival Capture
📍 Rotterdam (RTM) 🇳🇱
💎 Rarity: Common
⚡ On-Chain: JOSHSHOOT.SOL

.
.
.
#JOSHSHOOTPRINTS #MinimalistPhotography #StreetPhotography #Industrial",JOSH1-150: Tommy Gun,https://www.inprnt.com/gallery/joshuadenouden/josh1-150-tommy-gun/,Common,Rotterdam (RTM) 🇳🇱,iPhone 12 / Archival Capture
https://cdn.inprnt.com/thumbs/69/e7/69e7c6ca94ecd81033d7ef665ee8289f@2x.jpg,"JOSH1-149: A Dutch Shed
Architectural geometry and urban stillness. Recorded for archival permanence.

JOSH¹ Archive — Limited Edition Phygital Art Piece
Edition: 100% Cotton Rag Archival Fine-Art Print (300gsm)
Provenance: Solana Blockchain verified (JOSHSHOOT.SOL) -> Physical exhibition print via INPRNT

Collect the archive via link in bio
📸 iPhone 12 / Archival Capture
📍 Rotterdam (RTM) 🇳🇱
💎 Rarity: Common
⚡ On-Chain: JOSHSHOOT.SOL

.
.
.
#ContemporaryCollector #ArtCollector #Industrial #ArchivalPrint",JOSH1-149: A Dutch Shed,https://www.inprnt.com/gallery/joshuadenouden/josh1-149-a-dutch-shed/,Common,Rotterdam (RTM) 🇳🇱,iPhone 12 / Archival Capture
https://cdn.inprnt.com/thumbs/76/5e/765e2dc715e444cf4cda1fff963e77fc@2x.jpg,"JOSH1-148: A Dutch Picnic
Architectural geometry and urban stillness. Recorded for archival permanence.

JOSH¹ Archive — Limited Edition Phygital Art Piece
Edition: 100% Cotton Rag Archival Fine-Art Print (300gsm)
Provenance: Solana Blockchain verified (JOSHSHOOT.SOL) -> Physical exhibition print via INPRNT

Collect the archive via link in bio
📸 iPhone 12 / Archival Capture
📍 Rotterdam (RTM) 🇳🇱
💎 Rarity: Common
⚡ On-Chain: JOSHSHOOT.SOL

.
.
.
#Industrial #SolanaArt #ContemporaryCollector #PhygitalArt",JOSH1-148: A Dutch Picnic,https://www.inprnt.com/gallery/joshuadenouden/josh1-148-a-dutch-picnic/,Common,Rotterdam (RTM) 🇳🇱,iPhone 12 / Archival Capture
https://cdn.inprnt.com/thumbs/e6/45/e6452b6ffa09b87d894028a3eed880ea@2x.jpg,"JOSH1-147: The Middle of Venlo
Architectural geometry and urban stillness. Recorded for archival permanence.

JOSH¹ Archive — Limited Edition Phygital Art Piece
Edition: 100% Cotton Rag Archival Fine-Art Print (300gsm)
Provenance: Solana Blockchain verified (JOSHSHOOT.SOL) -> Physical exhibition print via INPRNT

Collect the archive via link in bio
📸 iPhone 12 / Archival Capture
📍 Rotterdam (RTM) 🇳🇱
💎 Rarity: Common
⚡ On-Chain: JOSHSHOOT.SOL

.
.
.
#BrutalistArchitecture #ArchitecturalPhotography #Industrial #ContemporaryCollector",JOSH1-147: The Middle of Venlo,https://www.inprnt.com/gallery/joshuadenouden/josh1-147-the-middle-of-venlo/,Common,Rotterdam (RTM) 🇳🇱,iPhone 12 / Archival Capture
https://cdn.inprnt.com/thumbs/8e/38/8e386c932aa5cbe96aafd6f0bfdbb332@2x.jpg,"JOSH1-146: The Maastricht Square
Architectural geometry and urban stillness. Recorded for archival permanence.

JOSH¹ Archive — Limited Edition Phygital Art Piece
Edition: 100% Cotton Rag Archival Fine-Art Print (300gsm)
Provenance: Solana Blockchain verified (JOSHSHOOT.SOL) -> Physical exhibition print via INPRNT

Collect the archive via link in bio
📸 iPhone 12 / Archival Capture
📍 Rotterdam (RTM) 🇳🇱
💎 Rarity: Common
⚡ On-Chain: JOSHSHOOT.SOL

.
.
.
#ArtCollector #WallArtDecor #INPRNT #ContemporaryCollector",JOSH1-146: The Maastricht Square,https://www.inprnt.com/gallery/joshuadenouden/josh1-146-the-maastricht-square/,Common,Rotterdam (RTM) 🇳🇱,iPhone 12 / Archival Capture
https://cdn.inprnt.com/thumbs/06/21/0621e26b0baf65ffb23a0d944af6f137@2x.jpg,"JOSH1-145: The Bridge of Maastricht
Architectural geometry and urban stillness. Recorded for archival permanence.

JOSH¹ Archive — Limited Edition Phygital Art Piece
Edition: 100% Cotton Rag Archival Fine-Art Print (300gsm)
Provenance: Solana Blockchain verified (JOSHSHOOT.SOL) -> Physical exhibition print via INPRNT

Collect the archive via link in bio
📸 iPhone 12 / Archival Capture
📍 Rotterdam (RTM) 🇳🇱
💎 Rarity: Common
⚡ On-Chain: JOSHSHOOT.SOL

.
.
.
#JOSHSHOOTPRINTS #OnChainArt #BrutalistArchitecture #Industrial",JOSH1-145: The Bridge of Maastricht,https://www.inprnt.com/gallery/joshuadenouden/josh1-145-the-bridge-of-maastricht/,Common,Rotterdam (RTM) 🇳🇱,iPhone 12 / Archival Capture
https://cdn.inprnt.com/thumbs/41/c4/41c41302c623f4f22062e39c9a8352b1@2x.jpg,"JOSH1-144: Peak Isolation
Architectural geometry and urban stillness. Recorded for archival permanence.

JOSH¹ Archive — Limited Edition Phygital Art Piece
Edition: 100% Cotton Rag Archival Fine-Art Print (300gsm)
Provenance: Solana Blockchain verified (JOSHSHOOT.SOL) -> Physical exhibition print via INPRNT

Collect the archive via link in bio
📸 iPhone 12 / Archival Capture
📍 Rotterdam (RTM) 🇳🇱
💎 Rarity: Common
⚡ On-Chain: JOSHSHOOT.SOL

.
.
.
#Industrial #MinimalistPhotography #FineArtPrint #ArtCollector",JOSH1-144: Peak Isolation,https://www.inprnt.com/gallery/joshuadenouden/josh1-144-peak-isolation/,Common,Rotterdam (RTM) 🇳🇱,iPhone 12 / Archival Capture
https://cdn.inprnt.com/thumbs/ef/55/ef55e9cf0e09f940ff4f356fbd2aab9b@2x.jpg,"JOSH1-143: Industrial Rhythm
Architectural geometry and urban stillness. Recorded for archival permanence.

JOSH¹ Archive — Limited Edition Phygital Art Piece
Edition: 100% Cotton Rag Archival Fine-Art Print (300gsm)
Provenance: Solana Blockchain verified (JOSHSHOOT.SOL) -> Physical exhibition print via INPRNT

Collect the archive via link in bio
📸 iPhone 12 / Archival Capture
📍 Rotterdam (RTM) 🇳🇱
💎 Rarity: Common
⚡ On-Chain: JOSHSHOOT.SOL

.
.
.
#ArtCollector #ContemporaryCollector #MinimalistPhotography #UrbanGeometry",JOSH1-143: Industrial Rhythm,https://www.inprnt.com/gallery/joshuadenouden/josh1-143-industrial-rhythm/,Common,Rotterdam (RTM) 🇳🇱,iPhone 12 / Archival Capture
https://cdn.inprnt.com/thumbs/07/68/076846006310ed39e3dbc41f60c72d50@2x.jpg,"JOSH1-142: Geometric Repetition
Architectural geometry and urban stillness. Recorded for archival permanence.

JOSH¹ Archive — Limited Edition Phygital Art Piece
Edition: 100% Cotton Rag Archival Fine-Art Print (300gsm)
Provenance: Solana Blockchain verified (JOSHSHOOT.SOL) -> Physical exhibition print via INPRNT

Collect the archive via link in bio
📸 iPhone 12 / Archival Capture
📍 Rotterdam (RTM) 🇳🇱
💎 Rarity: Common
⚡ On-Chain: JOSHSHOOT.SOL

.
.
.
#BrutalistArchitecture #ArtCollector #INPRNT #ArchivalPrint",JOSH1-142: Geometric Repetition,https://www.inprnt.com/gallery/joshuadenouden/josh1-142-geometric-repetition/,Common,Rotterdam (RTM) 🇳🇱,iPhone 12 / Archival Capture
https://cdn.inprnt.com/thumbs/b3/c3/b3c30bb8180ab5e526d441d74fbca439@2x.jpg,"JOSH1-141: De Euromast
Architectural geometry and urban stillness. Recorded for archival permanence.

JOSH¹ Archive — Limited Edition Phygital Art Piece
Edition: 100% Cotton Rag Archival Fine-Art Print (300gsm)
Provenance: Solana Blockchain verified (JOSHSHOOT.SOL) -> Physical exhibition print via INPRNT

Collect the archive via link in bio
📸 iPhone 12 / Archival Capture
📍 Rotterdam (RTM) 🇳🇱
💎 Rarity: Common
⚡ On-Chain: JOSHSHOOT.SOL

.
.
.
#INPRNT #JOSHSHOOTPRINTS #WallArtDecor #PhygitalArt",JOSH1-141: De Euromast,https://www.inprnt.com/gallery/joshuadenouden/josh1-141-de-euromast/,Common,Rotterdam (RTM) 🇳🇱,iPhone 12 / Archival Capture
https://cdn.inprnt.com/thumbs/5c/fd/5cfd097079139c4729842b67c7631c7f@2x.jpg,"JOSH1-140: Weena Ecstasy
Architectural geometry and urban stillness. Recorded for archival permanence.

JOSH¹ Archive — Limited Edition Phygital Art Piece
Edition: 100% Cotton Rag Archival Fine-Art Print (300gsm)
Provenance: Solana Blockchain verified (JOSHSHOOT.SOL) -> Physical exhibition print via INPRNT

Collect the archive via link in bio
📸 iPhone 12 / Archival Capture
📍 Rotterdam (RTM) 🇳🇱
💎 Rarity: Common
⚡ On-Chain: JOSHSHOOT.SOL

.
.
.
#SolanaNFT #INPRNT #SolanaArt #FineArtPrint",JOSH1-140: Weena Ecstasy,https://www.inprnt.com/gallery/joshuadenouden/josh1-140-weena-ecstasy/,Common,Rotterdam (RTM) 🇳🇱,iPhone 12 / Archival Capture
https://cdn.inprnt.com/thumbs/6c/b3/6cb3b55859a82224bd8ff71f97aeda87@2x.jpg,"JOSH1-139: De Rotterdam
Architectural geometry and urban stillness. Recorded for archival permanence.

JOSH¹ Archive — Limited Edition Phygital Art Piece
Edition: 100% Cotton Rag Archival Fine-Art Print (300gsm)
Provenance: Solana Blockchain verified (JOSHSHOOT.SOL) -> Physical exhibition print via INPRNT

Collect the archive via link in bio
📸 iPhone 12 / Archival Capture
📍 Rotterdam (RTM) 🇳🇱
💎 Rarity: Common
⚡ On-Chain: JOSHSHOOT.SOL

.
.
.
#WallArtDecor #SolanaNFT #MinimalistPhotography #PhygitalArt",JOSH1-139: De Rotterdam,https://www.inprnt.com/gallery/joshuadenouden/josh1-139-de-rotterdam/,Common,Rotterdam (RTM) 🇳🇱,iPhone 12 / Archival Capture
https://cdn.inprnt.com/thumbs/5e/c5/5ec5a28572745b228588f338b6da0b3e@2x.jpg,"JOSH1-138: And how building
Architectural geometry and urban stillness. Recorded for archival permanence.

JOSH¹ Archive — Limited Edition Phygital Art Piece
Edition: 100% Cotton Rag Archival Fine-Art Print (300gsm)
Provenance: Solana Blockchain verified (JOSHSHOOT.SOL) -> Physical exhibition print via INPRNT

Collect the archive via link in bio
📸 iPhone 12 / Archival Capture
📍 Rotterdam (RTM) 🇳🇱
💎 Rarity: Common
⚡ On-Chain: JOSHSHOOT.SOL

.
.
.
#OnChainArt #ArtCollector #JOSHSHOOTPRINTS #ArchivalPrint",JOSH1-138: And how building,https://www.inprnt.com/gallery/joshuadenouden/josh1-138-and-how-building/,Common,Rotterdam (RTM) 🇳🇱,iPhone 12 / Archival Capture
https://cdn.inprnt.com/thumbs/f8/7d/f87dda21d9457cd4035152244f635f8b@2x.jpg,"JOSH1-137: Only Thing that Stuck
Architectural geometry and urban stillness. Recorded for archival permanence.

JOSH¹ Archive — Limited Edition Phygital Art Piece
Edition: 100% Cotton Rag Archival Fine-Art Print (300gsm)
Provenance: Solana Blockchain verified (JOSHSHOOT.SOL) -> Physical exhibition print via INPRNT

Collect the archive via link in bio
📸 iPhone 12 / Archival Capture
📍 Rotterdam (RTM) 🇳🇱
💎 Rarity: Common
⚡ On-Chain: JOSHSHOOT.SOL

.
.
.
#ArchitecturalPhotography #JOSHSHOOTPRINTS #Industrial #PhygitalArt",JOSH1-137: Only Thing that Stuck,https://www.inprnt.com/gallery/joshuadenouden/josh1-137-only-thing-that-stuck/,Common,Rotterdam (RTM) 🇳🇱,iPhone 12 / Archival Capture
https://cdn.inprnt.com/thumbs/27/e7/27e74cda62a72476cc86c3327f1eca77@2x.jpg,"JOSH1-136: Back to The Reef
Architectural geometry and urban stillness. Recorded for archival permanence.

JOSH¹ Archive — Limited Edition Phygital Art Piece
Edition: 100% Cotton Rag Archival Fine-Art Print (300gsm)
Provenance: Solana Blockchain verified (JOSHSHOOT.SOL) -> Physical exhibition print via INPRNT

Collect the archive via link in bio
📸 iPhone 12 / Archival Capture
📍 Rotterdam (RTM) 🇳🇱
💎 Rarity: Common
⚡ On-Chain: JOSHSHOOT.SOL

.
.
.
#Industrial #SolanaNFT #ArtCollector #ArchivalPrint",JOSH1-136: Back to The Reef,https://www.inprnt.com/gallery/joshuadenouden/josh1-136-back-to-the-reef/,Common,Rotterdam (RTM) 🇳🇱,iPhone 12 / Archival Capture
https://cdn.inprnt.com/thumbs/0b/52/0b520cddcf207688e8b4148b5b7639ae@2x.jpg,"JOSH1-135: Worth The Wait
Architectural geometry and urban stillness. Recorded for archival permanence.

JOSH¹ Archive — Limited Edition Phygital Art Piece
Edition: 100% Cotton Rag Archival Fine-Art Print (300gsm)
Provenance: Solana Blockchain verified (JOSHSHOOT.SOL) -> Physical exhibition print via INPRNT

Collect the archive via link in bio
📸 iPhone 12 / Archival Capture
📍 Rotterdam (RTM) 🇳🇱
💎 Rarity: Common
⚡ On-Chain: JOSHSHOOT.SOL

.
.
.
#WallArtDecor #JOSHSHOOTPRINTS #FineArtPrint #PhygitalArt",JOSH1-135: Worth The Wait,https://www.inprnt.com/gallery/joshuadenouden/josh1-135-worth-the-wait/,Common,Rotterdam (RTM) 🇳🇱,iPhone 12 / Archival Capture
https://cdn.inprnt.com/thumbs/87/8f/878fd59b36508198550a16d3b39d2bb8@2x.jpg,"JOSH1-134: The Hilless
Architectural geometry and urban stillness. Recorded for archival permanence.

JOSH¹ Archive — Limited Edition Phygital Art Piece
Edition: 100% Cotton Rag Archival Fine-Art Print (300gsm)
Provenance: Solana Blockchain verified (JOSHSHOOT.SOL) -> Physical exhibition print via INPRNT

Collect the archive via link in bio
📸 iPhone 12 / Archival Capture
📍 Rotterdam (RTM) 🇳🇱
💎 Rarity: Common
⚡ On-Chain: JOSHSHOOT.SOL

.
.
.
#StreetPhotography #Industrial #INPRNT #UrbanGeometry",JOSH1-134: The Hilless,https://www.inprnt.com/gallery/joshuadenouden/josh1-134-the-hilless/,Common,Rotterdam (RTM) 🇳🇱,iPhone 12 / Archival Capture
https://cdn.inprnt.com/thumbs/6f/1d/6f1d9422b7a448a24dffbcd3a8757364@2x.jpg,"JOSH1-133: Dam Housing Crisis
Architectural geometry and urban stillness. Recorded for archival permanence.

JOSH¹ Archive — Limited Edition Phygital Art Piece
Edition: 100% Cotton Rag Archival Fine-Art Print (300gsm)
Provenance: Solana Blockchain verified (JOSHSHOOT.SOL) -> Physical exhibition print via INPRNT

Collect the archive via link in bio
📸 iPhone 12 / Archival Capture
📍 Rotterdam (RTM) 🇳🇱
💎 Rarity: Common
⚡ On-Chain: JOSHSHOOT.SOL

.
.
.
#WallArtDecor #Industrial #PhygitalArt #ArchivalPrint",JOSH1-133: Dam Housing Crisis,https://www.inprnt.com/gallery/joshuadenouden/josh1-133-dam-housing-crisis/,Common,Rotterdam (RTM) 🇳🇱,iPhone 12 / Archival Capture
https://cdn.inprnt.com/thumbs/5c/7a/5c7a3c071412f394ebeaa2a9fb15c3a8@2x.jpg,"JOSH1-132: What does Blaak Mean?
Architectural geometry and urban stillness. Recorded for archival permanence.

JOSH¹ Archive — Limited Edition Phygital Art Piece
Edition: 100% Cotton Rag Archival Fine-Art Print (300gsm)
Provenance: Solana Blockchain verified (JOSHSHOOT.SOL) -> Physical exhibition print via INPRNT

Collect the archive via link in bio
📸 iPhone 12 / Archival Capture
📍 Rotterdam (RTM) 🇳🇱
💎 Rarity: Common
⚡ On-Chain: JOSHSHOOT.SOL

.
.
.
#JOSHSHOOTPRINTS #UrbanGeometry #Industrial #SolanaNFT",JOSH1-132: What does Blaak Mean?,https://www.inprnt.com/gallery/joshuadenouden/josh1-132-what-does-blaak-mean/,Common,Rotterdam (RTM) 🇳🇱,iPhone 12 / Archival Capture
https://cdn.inprnt.com/thumbs/c8/88/c8888468affd08fa7a3ef192dc9baae6@2x.jpg,"JOSH1-131: The Forum
Architectural geometry and urban stillness. Recorded for archival permanence.

JOSH¹ Archive — Limited Edition Phygital Art Piece
Edition: 100% Cotton Rag Archival Fine-Art Print (300gsm)
Provenance: Solana Blockchain verified (JOSHSHOOT.SOL) -> Physical exhibition print via INPRNT

Collect the archive via link in bio
📸 iPhone 12 / Archival Capture
📍 Rotterdam (RTM) 🇳🇱
💎 Rarity: Common
⚡ On-Chain: JOSHSHOOT.SOL

.
.
.
#ArtCollector #PhygitalArt #ContemporaryCollector #WallArtDecor",JOSH1-131: The Forum,https://www.inprnt.com/gallery/joshuadenouden/josh1-131-the-forum/,Common,Rotterdam (RTM) 🇳🇱,iPhone 12 / Archival Capture
https://cdn.inprnt.com/thumbs/0d/01/0d0106cf405a78f6941f353760f96d3c@2x.jpg,"JOSH1-130: The Beurs Dis
Architectural geometry and urban stillness. Recorded for archival permanence.

JOSH¹ Archive — Limited Edition Phygital Art Piece
Edition: 100% Cotton Rag Archival Fine-Art Print (300gsm)
Provenance: Solana Blockchain verified (JOSHSHOOT.SOL) -> Physical exhibition print via INPRNT

Collect the archive via link in bio
📸 iPhone 12 / Archival Capture
📍 Rotterdam (RTM) 🇳🇱
💎 Rarity: Common
⚡ On-Chain: JOSHSHOOT.SOL

.
.
.
#SolanaArt #ArchitecturalPhotography #OnChainArt #ArchivalPrint",JOSH1-130: The Beurs Dis,https://www.inprnt.com/gallery/joshuadenouden/josh1-130-the-beurs-dis/,Common,Rotterdam (RTM) 🇳🇱,iPhone 12 / Archival Capture
https://cdn.inprnt.com/thumbs/f4/23/f423c9a05fffe9710da5aba50b4579b0@2x.jpg,"JOSH1-128: The Two Bikes
Architectural geometry and urban stillness. Recorded for archival permanence.

JOSH¹ Archive — Limited Edition Phygital Art Piece
Edition: 100% Cotton Rag Archival Fine-Art Print (300gsm)
Provenance: Solana Blockchain verified (JOSHSHOOT.SOL) -> Physical exhibition print via INPRNT

Collect the archive via link in bio
📸 iPhone 12 / Archival Capture
📍 Rotterdam (RTM) 🇳🇱
💎 Rarity: Common
⚡ On-Chain: JOSHSHOOT.SOL

.
.
.
#INPRNT #ArchivalPrint #ContemporaryCollector #JOSHSHOOTPRINTS",JOSH1-128: The Two Bikes,https://www.inprnt.com/gallery/joshuadenouden/josh1-128-the-two-bikes/,Common,Rotterdam (RTM) 🇳🇱,iPhone 12 / Archival Capture
https://cdn.inprnt.com/thumbs/3f/66/3f66472906f70613038cfb99b9d1ed05@2x.jpg,"JOSH1-127: Canal Grafitti
Architectural geometry and urban stillness. Recorded for archival permanence.

JOSH¹ Archive — Limited Edition Phygital Art Piece
Edition: 100% Cotton Rag Archival Fine-Art Print (300gsm)
Provenance: Solana Blockchain verified (JOSHSHOOT.SOL) -> Physical exhibition print via INPRNT

Collect the archive via link in bio
📸 iPhone 12 / Archival Capture
📍 Rotterdam (RTM) 🇳🇱
💎 Rarity: Common
⚡ On-Chain: JOSHSHOOT.SOL

.
.
.
#BrutalistArchitecture #FineArtPrint #OnChainArt #ArchivalPrint",JOSH1-127: Canal Grafitti,https://www.inprnt.com/gallery/joshuadenouden/josh1-127-canal-grafitti/,Common,Rotterdam (RTM) 🇳🇱,iPhone 12 / Archival Capture
https://cdn.inprnt.com/thumbs/1a/99/1a99c7dd90e2dd9df01dd3bdce527488@2x.jpg,"JOSH1-126: Kalverstraat 2020
Architectural geometry and urban stillness. Recorded for archival permanence.

JOSH¹ Archive — Limited Edition Phygital Art Piece
Edition: 100% Cotton Rag Archival Fine-Art Print (300gsm)
Provenance: Solana Blockchain verified (JOSHSHOOT.SOL) -> Physical exhibition print via INPRNT

Collect the archive via link in bio
📸 iPhone 12 / Archival Capture
📍 Rotterdam (RTM) 🇳🇱
💎 Rarity: Common
⚡ On-Chain: JOSHSHOOT.SOL

.
.
.
#ArchivalPrint #Industrial #JOSHSHOOTPRINTS #MinimalistPhotography",JOSH1-126: Kalverstraat 2020,https://www.inprnt.com/gallery/joshuadenouden/josh1-126-kalverstraat-2020/,Common,Rotterdam (RTM) 🇳🇱,iPhone 12 / Archival Capture
https://cdn.inprnt.com/thumbs/cb/0a/cb0ab03893c25f94fbb29f8111b7a815@2x.jpg,"JOSH1-125: Something about
Architectural geometry and urban stillness. Recorded for archival permanence.

JOSH¹ Archive — Limited Edition Phygital Art Piece
Edition: 100% Cotton Rag Archival Fine-Art Print (300gsm)
Provenance: Solana Blockchain verified (JOSHSHOOT.SOL) -> Physical exhibition print via INPRNT

Collect the archive via link in bio
📸 iPhone 12 / Archival Capture
📍 Rotterdam (RTM) 🇳🇱
💎 Rarity: Common
⚡ On-Chain: JOSHSHOOT.SOL

.
.
.
#BrutalistArchitecture #JOSHSHOOTPRINTS #FineArtPrint #StreetPhotography",JOSH1-125: Something about,https://www.inprnt.com/gallery/joshuadenouden/josh1-125-something-about/,Common,Rotterdam (RTM) 🇳🇱,iPhone 12 / Archival Capture
https://cdn.inprnt.com/thumbs/26/71/2671c05c532cb53924203db1bd3118be@2x.jpg,"JOSH1-124: The Hague Centraal
Architectural geometry and urban stillness. Recorded for archival permanence.

JOSH¹ Archive — Limited Edition Phygital Art Piece
Edition: 100% Cotton Rag Archival Fine-Art Print (300gsm)
Provenance: Solana Blockchain verified (JOSHSHOOT.SOL) -> Physical exhibition print via INPRNT

Collect the archive via link in bio
📸 iPhone 12 / Archival Capture
📍 Rotterdam (RTM) 🇳🇱
💎 Rarity: Common
⚡ On-Chain: JOSHSHOOT.SOL

.
.
.
#ArchitecturalPhotography #Industrial #WallArtDecor #INPRNT",JOSH1-124: The Hague Centraal,https://www.inprnt.com/gallery/joshuadenouden/josh1-124-the-hague-centraal/,Common,Rotterdam (RTM) 🇳🇱,iPhone 12 / Archival Capture
https://cdn.inprnt.com/thumbs/50/62/50628bc65f220b3ae2472e15260c5ced@2x.jpg,"JOSH1-123: North Side River
Architectural geometry and urban stillness. Recorded for archival permanence.

JOSH¹ Archive — Limited Edition Phygital Art Piece
Edition: 100% Cotton Rag Archival Fine-Art Print (300gsm)
Provenance: Solana Blockchain verified (JOSHSHOOT.SOL) -> Physical exhibition print via INPRNT

Collect the archive via link in bio
📸 iPhone 12 / Archival Capture
📍 Rotterdam (RTM) 🇳🇱
💎 Rarity: Common
⚡ On-Chain: JOSHSHOOT.SOL

.
.
.
#StreetPhotography #INPRNT #BrutalistArchitecture #OnChainArt",JOSH1-123: North Side River,https://www.inprnt.com/gallery/joshuadenouden/josh1-123-north-side-river/,Common,Rotterdam (RTM) 🇳🇱,iPhone 12 / Archival Capture
https://cdn.inprnt.com/thumbs/b1/1b/b11be2328ccdc839438702b69fafab43@2x.jpg,"JOSH1-122: Droppin
Architectural geometry and urban stillness. Recorded for archival permanence.

JOSH¹ Archive — Limited Edition Phygital Art Piece
Edition: 100% Cotton Rag Archival Fine-Art Print (300gsm)
Provenance: Solana Blockchain verified (JOSHSHOOT.SOL) -> Physical exhibition print via INPRNT

Collect the archive via link in bio
📸 iPhone 12 / Archival Capture
📍 Rotterdam (RTM) 🇳🇱
💎 Rarity: Common
⚡ On-Chain: JOSHSHOOT.SOL

.
.
.
#INPRNT #ContemporaryCollector #Industrial #SolanaArt",JOSH1-122: Droppin,https://www.inprnt.com/gallery/joshuadenouden/josh1-122-droppin/,Common,Rotterdam (RTM) 🇳🇱,iPhone 12 / Archival Capture
https://cdn.inprnt.com/thumbs/29/40/2940d7ebec8d67d73ebea2f0a1522ea0@2x.jpg,"JOSH1-121: A Dutch Ferris Wheel
Architectural geometry and urban stillness. Recorded for archival permanence.

JOSH¹ Archive — Limited Edition Phygital Art Piece
Edition: 100% Cotton Rag Archival Fine-Art Print (300gsm)
Provenance: Solana Blockchain verified (JOSHSHOOT.SOL) -> Physical exhibition print via INPRNT

Collect the archive via link in bio
📸 iPhone 12 / Archival Capture
📍 Rotterdam (RTM) 🇳🇱
💎 Rarity: Common
⚡ On-Chain: JOSHSHOOT.SOL

.
.
.
#ArchitecturalPhotography #StreetPhotography #WallArtDecor #ArchivalPrint",JOSH1-121: A Dutch Ferris Wheel,https://www.inprnt.com/gallery/joshuadenouden/josh1-121-a-dutch-ferris-wheel/,Common,Rotterdam (RTM) 🇳🇱,iPhone 12 / Archival Capture
https://cdn.inprnt.com/thumbs/99/f0/99f09885ed895a88374ca78f533ff1fe@2x.jpg,"JOSH1-120: The Hague Beach
Architectural geometry and urban stillness. Recorded for archival permanence.

JOSH¹ Archive — Limited Edition Phygital Art Piece
Edition: 100% Cotton Rag Archival Fine-Art Print (300gsm)
Provenance: Solana Blockchain verified (JOSHSHOOT.SOL) -> Physical exhibition print via INPRNT

Collect the archive via link in bio
📸 iPhone 12 / Archival Capture
📍 Rotterdam (RTM) 🇳🇱
💎 Rarity: Common
⚡ On-Chain: JOSHSHOOT.SOL

.
.
.
#Industrial #ArchivalPrint #INPRNT #ArtCollector",JOSH1-120: The Hague Beach,https://www.inprnt.com/gallery/joshuadenouden/josh1-120-the-hague-beach/,Common,Rotterdam (RTM) 🇳🇱,iPhone 12 / Archival Capture
https://cdn.inprnt.com/thumbs/50/52/5052f5710304c7718711bc9bb0f1e671@2x.jpg,"JOSH1-119: Cash In Cash Out
Architectural geometry and urban stillness. Recorded for archival permanence.

JOSH¹ Archive — Limited Edition Phygital Art Piece
Edition: 100% Cotton Rag Archival Fine-Art Print (300gsm)
Provenance: Solana Blockchain verified (JOSHSHOOT.SOL) -> Physical exhibition print via INPRNT

Collect the archive via link in bio
📸 iPhone 12 / Archival Capture
📍 Rotterdam (RTM) 🇳🇱
💎 Rarity: Common
⚡ On-Chain: JOSHSHOOT.SOL

.
.
.
#ArchivalPrint #PhygitalArt #OnChainArt #StreetPhotography",JOSH1-119: Cash In Cash Out,https://www.inprnt.com/gallery/joshuadenouden/josh1-119-cash-in-cash-out/,Common,Rotterdam (RTM) 🇳🇱,iPhone 12 / Archival Capture
https://cdn.inprnt.com/thumbs/70/45/70457f370493d12db89e9b9fc5a9257b@2x.jpg,"JOSH1-118: Cee-Clinic
Architectural geometry and urban stillness. Recorded for archival permanence.

JOSH¹ Archive — Limited Edition Phygital Art Piece
Edition: 100% Cotton Rag Archival Fine-Art Print (300gsm)
Provenance: Solana Blockchain verified (JOSHSHOOT.SOL) -> Physical exhibition print via INPRNT

Collect the archive via link in bio
📸 iPhone 12 / Archival Capture
📍 Rotterdam (RTM) 🇳🇱
💎 Rarity: Common
⚡ On-Chain: JOSHSHOOT.SOL

.
.
.
#StreetPhotography #OnChainArt #ContemporaryCollector #BrutalistArchitecture",JOSH1-118: Cee-Clinic,https://www.inprnt.com/gallery/joshuadenouden/josh1-118-cee-clinic/,Common,Rotterdam (RTM) 🇳🇱,iPhone 12 / Archival Capture
https://cdn.inprnt.com/thumbs/f3/f7/f3f77edb8d891930577cdf230ca9bedd@2x.jpg,"JOSH1-117: Type of Fishing
Architectural geometry and urban stillness. Recorded for archival permanence.

JOSH¹ Archive — Limited Edition Phygital Art Piece
Edition: 100% Cotton Rag Archival Fine-Art Print (300gsm)
Provenance: Solana Blockchain verified (JOSHSHOOT.SOL) -> Physical exhibition print via INPRNT

Collect the archive via link in bio
📸 iPhone 12 / Archival Capture
📍 Rotterdam (RTM) 🇳🇱
💎 Rarity: Common
⚡ On-Chain: JOSHSHOOT.SOL

.
.
.
#SolanaNFT #MinimalistPhotography #ContemporaryCollector #StreetPhotography",JOSH1-117: Type of Fishing,https://www.inprnt.com/gallery/joshuadenouden/josh1-117-type-of-fishing/,Common,Rotterdam (RTM) 🇳🇱,iPhone 12 / Archival Capture
https://cdn.inprnt.com/thumbs/95/ce/95ce6ea8273442e719e059a2edfff92e@2x.jpg,"JOSH1-116: Somewhere in Arlon
Architectural geometry and urban stillness. Recorded for archival permanence.

JOSH¹ Archive — Limited Edition Phygital Art Piece
Edition: 100% Cotton Rag Archival Fine-Art Print (300gsm)
Provenance: Solana Blockchain verified (JOSHSHOOT.SOL) -> Physical exhibition print via INPRNT

Collect the archive via link in bio
📸 iPhone 12 / Archival Capture
📍 Rotterdam (RTM) 🇳🇱
💎 Rarity: Common
⚡ On-Chain: JOSHSHOOT.SOL

.
.
.
#ArtCollector #SolanaArt #ArchitecturalPhotography #SolanaNFT",JOSH1-116: Somewhere in Arlon,https://www.inprnt.com/gallery/joshuadenouden/josh1-116-somewhere-in-arlon/,Common,Rotterdam (RTM) 🇳🇱,iPhone 12 / Archival Capture
https://cdn.inprnt.com/thumbs/93/9c/939c304a67a926078ce892eecea32aa7@2x.jpg,"JOSH1-115: Al Wahda Stadium
Architectural geometry and urban stillness. Recorded for archival permanence.

JOSH¹ Archive — Limited Edition Phygital Art Piece
Edition: 100% Cotton Rag Archival Fine-Art Print (300gsm)
Provenance: Solana Blockchain verified (JOSHSHOOT.SOL) -> Physical exhibition print via INPRNT

Collect the archive via link in bio
📸 iPhone 12 / Archival Capture
📍 Rotterdam (RTM) 🇳🇱
💎 Rarity: Common
⚡ On-Chain: JOSHSHOOT.SOL

.
.
.
#Industrial #SolanaArt #PhygitalArt #OnChainArt",JOSH1-115: Al Wahda Stadium,https://www.inprnt.com/gallery/joshuadenouden/josh1-115-al-wahda-stadium/,Common,Rotterdam (RTM) 🇳🇱,iPhone 12 / Archival Capture
https://cdn.inprnt.com/thumbs/79/bc/79bcdcd154f306fde7d0b9abdc45eb4c@2x.jpg,"JOSH1-114: Random Building AD 1
Architectural geometry and urban stillness. Recorded for archival permanence.

JOSH¹ Archive — Limited Edition Phygital Art Piece
Edition: 100% Cotton Rag Archival Fine-Art Print (300gsm)
Provenance: Solana Blockchain verified (JOSHSHOOT.SOL) -> Physical exhibition print via INPRNT

Collect the archive via link in bio
📸 iPhone 12 / Archival Capture
📍 Rotterdam (RTM) 🇳🇱
💎 Rarity: Common
⚡ On-Chain: JOSHSHOOT.SOL

.
.
.
#INPRNT #ContemporaryCollector #ArchitecturalPhotography #ArchivalPrint",JOSH1-114: Random Building AD 1,https://www.inprnt.com/gallery/joshuadenouden/josh1-114-random-building-ad-1/,Common,Rotterdam (RTM) 🇳🇱,iPhone 12 / Archival Capture
https://cdn.inprnt.com/thumbs/c8/82/c8829fc02f4f920782cd43238dbe6a73@2x.jpg,"JOSH1-113: As All
Architectural geometry and urban stillness. Recorded for archival permanence.

JOSH¹ Archive — Limited Edition Phygital Art Piece
Edition: 100% Cotton Rag Archival Fine-Art Print (300gsm)
Provenance: Solana Blockchain verified (JOSHSHOOT.SOL) -> Physical exhibition print via INPRNT

Collect the archive via link in bio
📸 iPhone 12 / Archival Capture
📍 Rotterdam (RTM) 🇳🇱
💎 Rarity: Common
⚡ On-Chain: JOSHSHOOT.SOL

.
.
.
#StreetPhotography #PhygitalArt #JOSHSHOOTPRINTS #OnChainArt",JOSH1-113: As All,https://www.inprnt.com/gallery/joshuadenouden/josh1-113-as-all/,Common,Rotterdam (RTM) 🇳🇱,iPhone 12 / Archival Capture
https://cdn.inprnt.com/thumbs/0a/09/0a099430d42d4bef44109f65e6293d02@2x.jpg,"JOSH1-112: People and Place
Architectural geometry and urban stillness. Recorded for archival permanence.

JOSH¹ Archive — Limited Edition Phygital Art Piece
Edition: 100% Cotton Rag Archival Fine-Art Print (300gsm)
Provenance: Solana Blockchain verified (JOSHSHOOT.SOL) -> Physical exhibition print via INPRNT

Collect the archive via link in bio
📸 iPhone 12 / Archival Capture
📍 Rotterdam (RTM) 🇳🇱
💎 Rarity: Common
⚡ On-Chain: JOSHSHOOT.SOL

.
.
.
#StreetPhotography #ArchivalPrint #PhygitalArt #Industrial",JOSH1-112: People and Place,https://www.inprnt.com/gallery/joshuadenouden/josh1-112-people-and-place/,Common,Rotterdam (RTM) 🇳🇱,iPhone 12 / Archival Capture
https://cdn.inprnt.com/thumbs/49/0a/490a549e5781cf37bd40c3ec3c292ac9@2x.jpg,"JOSH1-111: The Baqala
Architectural geometry and urban stillness. Recorded for archival permanence.

JOSH¹ Archive — Limited Edition Phygital Art Piece
Edition: 100% Cotton Rag Archival Fine-Art Print (300gsm)
Provenance: Solana Blockchain verified (JOSHSHOOT.SOL) -> Physical exhibition print via INPRNT

Collect the archive via link in bio
📸 iPhone 12 / Archival Capture
📍 Rotterdam (RTM) 🇳🇱
💎 Rarity: Common
⚡ On-Chain: JOSHSHOOT.SOL

.
.
.
#UrbanGeometry #PhygitalArt #BrutalistArchitecture #FineArtPrint",JOSH1-111: The Baqala,https://www.inprnt.com/gallery/joshuadenouden/josh1-111-the-baqala/,Common,Rotterdam (RTM) 🇳🇱,iPhone 12 / Archival Capture
https://cdn.inprnt.com/thumbs/32/e0/32e01a5edbbf18dc4ca992d1f8859c7c@2x.jpg,"JOSH1-110: Brutalism in The Philippines
Architectural geometry and urban stillness. Recorded for archival permanence.

JOSH¹ Archive — Limited Edition Phygital Art Piece
Edition: 100% Cotton Rag Archival Fine-Art Print (300gsm)
Provenance: Solana Blockchain verified (JOSHSHOOT.SOL) -> Physical exhibition print via INPRNT

Collect the archive via link in bio
📸 iPhone 12 / Archival Capture
📍 Rotterdam (RTM) 🇳🇱
💎 Rarity: Common
⚡ On-Chain: JOSHSHOOT.SOL

.
.
.
#MinimalistPhotography #StreetPhotography #PhygitalArt #OnChainArt",JOSH1-110: Brutalism in The Philippines,https://www.inprnt.com/gallery/joshuadenouden/josh1-110-brutalism-in-the-philippines/,Common,Rotterdam (RTM) 🇳🇱,iPhone 12 / Archival Capture
https://cdn.inprnt.com/thumbs/8e/c2/8ec2a64c53590184a577712c45d15417@2x.jpg,"JOSH1-109: The Abandoned Buildings
Architectural geometry and urban stillness. Recorded for archival permanence.

JOSH¹ Archive — Limited Edition Phygital Art Piece
Edition: 100% Cotton Rag Archival Fine-Art Print (300gsm)
Provenance: Solana Blockchain verified (JOSHSHOOT.SOL) -> Physical exhibition print via INPRNT

Collect the archive via link in bio
📸 iPhone 12 / Archival Capture
📍 Rotterdam (RTM) 🇳🇱
💎 Rarity: Common
⚡ On-Chain: JOSHSHOOT.SOL

.
.
.
#INPRNT #BrutalistArchitecture #ContemporaryCollector #MinimalistPhotography",JOSH1-109: The Abandoned Buildings,https://www.inprnt.com/gallery/joshuadenouden/josh1-109-the-abandoned-buildings/,Common,Rotterdam (RTM) 🇳🇱,iPhone 12 / Archival Capture
https://cdn.inprnt.com/thumbs/85/fd/85fdbdbc1c342810199e96d51d7b8d02@2x.jpg,"JOSH1-108: Drill Baby
Architectural geometry and urban stillness. Recorded for archival permanence.

JOSH¹ Archive — Limited Edition Phygital Art Piece
Edition: 100% Cotton Rag Archival Fine-Art Print (300gsm)
Provenance: Solana Blockchain verified (JOSHSHOOT.SOL) -> Physical exhibition print via INPRNT

Collect the archive via link in bio
📸 iPhone 12 / Archival Capture
📍 Rotterdam (RTM) 🇳🇱
💎 Rarity: Common
⚡ On-Chain: JOSHSHOOT.SOL

.
.
.
#FineArtPrint #PhygitalArt #ArchivalPrint #StreetPhotography",JOSH1-108: Drill Baby,https://www.inprnt.com/gallery/joshuadenouden/josh1-108-drill-baby/,Common,Rotterdam (RTM) 🇳🇱,iPhone 12 / Archival Capture
https://cdn.inprnt.com/thumbs/a1/ca/a1ca043baabe7187caa18f36bf5de792@2x.jpg,"JOSH1-107: Wahda Bus
Architectural geometry and urban stillness. Recorded for archival permanence.

JOSH¹ Archive — Limited Edition Phygital Art Piece
Edition: 100% Cotton Rag Archival Fine-Art Print (300gsm)
Provenance: Solana Blockchain verified (JOSHSHOOT.SOL) -> Physical exhibition print via INPRNT

Collect the archive via link in bio
📸 iPhone 12 / Archival Capture
📍 Rotterdam (RTM) 🇳🇱
💎 Rarity: Common
⚡ On-Chain: JOSHSHOOT.SOL

.
.
.
#INPRNT #ArchitecturalPhotography #Industrial #OnChainArt",JOSH1-107: Wahda Bus,https://www.inprnt.com/gallery/joshuadenouden/josh1-107-wahda-bus/,Common,Rotterdam (RTM) 🇳🇱,iPhone 12 / Archival Capture
https://cdn.inprnt.com/thumbs/a0/a6/a0a646393be940037e14265216a1cbbc@2x.jpg,"JOSH1-106: W P.E N*S
Architectural geometry and urban stillness. Recorded for archival permanence.

JOSH¹ Archive — Limited Edition Phygital Art Piece
Edition: 100% Cotton Rag Archival Fine-Art Print (300gsm)
Provenance: Solana Blockchain verified (JOSHSHOOT.SOL) -> Physical exhibition print via INPRNT

Collect the archive via link in bio
📸 iPhone 12 / Archival Capture
📍 Rotterdam (RTM) 🇳🇱
💎 Rarity: Common
⚡ On-Chain: JOSHSHOOT.SOL

.
.
.
#SolanaNFT #SolanaArt #UrbanGeometry #FineArtPrint",JOSH1-106: W P.E N*S,https://www.inprnt.com/gallery/joshuadenouden/josh1-106-w-pe-ns/,Common,Rotterdam (RTM) 🇳🇱,iPhone 12 / Archival Capture
https://cdn.inprnt.com/thumbs/84/45/8445ee6a953a4e4b132741a48335c5eb@2x.jpg,"JOSH1-105: The Tourist Club
Architectural geometry and urban stillness. Recorded for archival permanence.

JOSH¹ Archive — Limited Edition Phygital Art Piece
Edition: 100% Cotton Rag Archival Fine-Art Print (300gsm)
Provenance: Solana Blockchain verified (JOSHSHOOT.SOL) -> Physical exhibition print via INPRNT

Collect the archive via link in bio
📸 iPhone 12 / Archival Capture
📍 Rotterdam (RTM) 🇳🇱
💎 Rarity: Common
⚡ On-Chain: JOSHSHOOT.SOL

.
.
.
#FineArtPrint #MinimalistPhotography #WallArtDecor #ArchitecturalPhotography",JOSH1-105: The Tourist Club,https://www.inprnt.com/gallery/joshuadenouden/josh1-105-the-tourist-club/,Common,Rotterdam (RTM) 🇳🇱,iPhone 12 / Archival Capture
https://cdn.inprnt.com/thumbs/a0/01/a001dc4f0b2e27e354c7a3d7e09fb052@2x.jpg,"JOSH1-104: Claim your Build
Architectural geometry and urban stillness. Recorded for archival permanence.

JOSH¹ Archive — Limited Edition Phygital Art Piece
Edition: 100% Cotton Rag Archival Fine-Art Print (300gsm)
Provenance: Solana Blockchain verified (JOSHSHOOT.SOL) -> Physical exhibition print via INPRNT

Collect the archive via link in bio
📸 iPhone 12 / Archival Capture
📍 Rotterdam (RTM) 🇳🇱
💎 Rarity: Common
⚡ On-Chain: JOSHSHOOT.SOL

.
.
.
#SolanaArt #JOSHSHOOTPRINTS #MinimalistPhotography #WallArtDecor",JOSH1-104: Claim your Build,https://www.inprnt.com/gallery/joshuadenouden/josh1-104-claim-your-build/,Common,Rotterdam (RTM) 🇳🇱,iPhone 12 / Archival Capture
https://cdn.inprnt.com/thumbs/58/ef/58efe97697d42fbfe4cb78eea55d6c12@2x.jpg,"JOSH1-103: In my Room
Architectural geometry and urban stillness. Recorded for archival permanence.

JOSH¹ Archive — Limited Edition Phygital Art Piece
Edition: 100% Cotton Rag Archival Fine-Art Print (300gsm)
Provenance: Solana Blockchain verified (JOSHSHOOT.SOL) -> Physical exhibition print via INPRNT

Collect the archive via link in bio
📸 iPhone 12 / Archival Capture
📍 Rotterdam (RTM) 🇳🇱
💎 Rarity: Common
⚡ On-Chain: JOSHSHOOT.SOL

.
.
.
#BrutalistArchitecture #SolanaNFT #PhygitalArt #FineArtPrint",JOSH1-103: In my Room,https://www.inprnt.com/gallery/joshuadenouden/josh1-103-in-my-room/,Common,Rotterdam (RTM) 🇳🇱,iPhone 12 / Archival Capture
https://cdn.inprnt.com/thumbs/7f/54/7f542383c38fb7e8345fc599fedbe21f@2x.jpg,"JOSH1-102: The Butterfly
Architectural geometry and urban stillness. Recorded for archival permanence.

JOSH¹ Archive — Limited Edition Phygital Art Piece
Edition: 100% Cotton Rag Archival Fine-Art Print (300gsm)
Provenance: Solana Blockchain verified (JOSHSHOOT.SOL) -> Physical exhibition print via INPRNT

Collect the archive via link in bio
📸 iPhone 12 / Archival Capture
📍 Rotterdam (RTM) 🇳🇱
💎 Rarity: Common
⚡ On-Chain: JOSHSHOOT.SOL

.
.
.
#StreetPhotography #INPRNT #MinimalistPhotography #SolanaNFT",JOSH1-102: The Butterfly,https://www.inprnt.com/gallery/joshuadenouden/josh1-102-the-butterfly/,Common,Rotterdam (RTM) 🇳🇱,iPhone 12 / Archival Capture
https://cdn.inprnt.com/thumbs/11/a2/11a295885841a15041290e1f8f5eb07d@2x.jpg,"JOSH1-101: Blues Hay
Architectural geometry and urban stillness. Recorded for archival permanence.

JOSH¹ Archive — Limited Edition Phygital Art Piece
Edition: 100% Cotton Rag Archival Fine-Art Print (300gsm)
Provenance: Solana Blockchain verified (JOSHSHOOT.SOL) -> Physical exhibition print via INPRNT

Collect the archive via link in bio
📸 iPhone 12 / Archival Capture
📍 Rotterdam (RTM) 🇳🇱
💎 Rarity: Common
⚡ On-Chain: JOSHSHOOT.SOL

.
.
.
#StreetPhotography #JOSHSHOOTPRINTS #ArchivalPrint #OnChainArt",JOSH1-101: Blues Hay,https://www.inprnt.com/gallery/joshuadenouden/josh1-101-blues-hay/,Common,Rotterdam (RTM) 🇳🇱,iPhone 12 / Archival Capture
https://cdn.inprnt.com/thumbs/89/34/8934b9c6ebc90e42dda900232770c66f@2x.jpg,"JOSH1-100: Dutch Gossip
Architectural geometry and urban stillness. Recorded for archival permanence.

JOSH¹ Archive — Limited Edition Phygital Art Piece
Edition: 100% Cotton Rag Archival Fine-Art Print (300gsm)
Provenance: Solana Blockchain verified (JOSHSHOOT.SOL) -> Physical exhibition print via INPRNT

Collect the archive via link in bio
📸 iPhone 12 / Archival Capture
📍 Rotterdam (RTM) 🇳🇱
💎 Rarity: Common
⚡ On-Chain: JOSHSHOOT.SOL

.
.
.
#StreetPhotography #SolanaArt #INPRNT #MinimalistPhotography",JOSH1-100: Dutch Gossip,https://www.inprnt.com/gallery/joshuadenouden/josh1-100-dutch-gossip/,Common,Rotterdam (RTM) 🇳🇱,iPhone 12 / Archival Capture
https://cdn.inprnt.com/thumbs/1d/15/1d150a89914b13e87c20b4ef17b0cf4a@2x.jpg,"JOSH1-99: The Lady in Red
Architectural geometry and urban stillness. Recorded for archival permanence.

JOSH¹ Archive — Limited Edition Phygital Art Piece
Edition: 100% Cotton Rag Archival Fine-Art Print (300gsm)
Provenance: Solana Blockchain verified (JOSHSHOOT.SOL) -> Physical exhibition print via INPRNT

Collect the archive via link in bio
📸 iPhone 12 / Archival Capture
📍 Rotterdam (RTM) 🇳🇱
💎 Rarity: Common
⚡ On-Chain: JOSHSHOOT.SOL

.
.
.
#ArchitecturalPhotography #OnChainArt #ArchivalPrint #INPRNT",JOSH1-99: The Lady in Red,https://www.inprnt.com/gallery/joshuadenouden/josh1-99-the-lady-in-red/,Common,Rotterdam (RTM) 🇳🇱,iPhone 12 / Archival Capture
https://cdn.inprnt.com/thumbs/2c/09/2c09dcb3b04aa92fcbff7b67044a226b@2x.jpg,"JOSH1-98: A Dutch Hand
Architectural geometry and urban stillness. Recorded for archival permanence.

JOSH¹ Archive — Limited Edition Phygital Art Piece
Edition: 100% Cotton Rag Archival Fine-Art Print (300gsm)
Provenance: Solana Blockchain verified (JOSHSHOOT.SOL) -> Physical exhibition print via INPRNT

Collect the archive via link in bio
📸 iPhone 12 / Archival Capture
📍 Rotterdam (RTM) 🇳🇱
💎 Rarity: Common
⚡ On-Chain: JOSHSHOOT.SOL

.
.
.
#JOSHSHOOTPRINTS #INPRNT #ContemporaryCollector #ArchitecturalPhotography",JOSH1-98: A Dutch Hand,https://www.inprnt.com/gallery/joshuadenouden/josh1-98-a-dutch-hand/,Common,Rotterdam (RTM) 🇳🇱,iPhone 12 / Archival Capture
https://cdn.inprnt.com/thumbs/d8/83/d88374440d5a528d800b66c7524b376a@2x.jpg,"JOSH1-97: Omani Mountains
Architectural geometry and urban stillness. Recorded for archival permanence.

JOSH¹ Archive — Limited Edition Phygital Art Piece
Edition: 100% Cotton Rag Archival Fine-Art Print (300gsm)
Provenance: Solana Blockchain verified (JOSHSHOOT.SOL) -> Physical exhibition print via INPRNT

Collect the archive via link in bio
📸 iPhone 12 / Archival Capture
📍 Rotterdam (RTM) 🇳🇱
💎 Rarity: Common
⚡ On-Chain: JOSHSHOOT.SOL

.
.
.
#ContemporaryCollector #UrbanGeometry #ArtCollector #OnChainArt",JOSH1-97: Omani Mountains,https://www.inprnt.com/gallery/joshuadenouden/josh1-97-omani-mountains/,Common,Rotterdam (RTM) 🇳🇱,iPhone 12 / Archival Capture
https://cdn.inprnt.com/thumbs/d8/c0/d8c053f3e4e01c36127e5f6341f10dc5@2x.jpg,"JOSH1-96: The Man with a hand
Architectural geometry and urban stillness. Recorded for archival permanence.

JOSH¹ Archive — Limited Edition Phygital Art Piece
Edition: 100% Cotton Rag Archival Fine-Art Print (300gsm)
Provenance: Solana Blockchain verified (JOSHSHOOT.SOL) -> Physical exhibition print via INPRNT

Collect the archive via link in bio
📸 iPhone 12 / Archival Capture
📍 Rotterdam (RTM) 🇳🇱
💎 Rarity: Common
⚡ On-Chain: JOSHSHOOT.SOL

.
.
.
#OnChainArt #Industrial #MinimalistPhotography #ArtCollector",JOSH1-96: The Man with a hand,https://www.inprnt.com/gallery/joshuadenouden/josh1-96-the-man-with-a-hand/,Common,Rotterdam (RTM) 🇳🇱,iPhone 12 / Archival Capture
https://cdn.inprnt.com/thumbs/52/58/52585f8777abc5036095b267ea58abae@2x.jpg,"JOSH1-95: Parking Dat Way
Architectural geometry and urban stillness. Recorded for archival permanence.

JOSH¹ Archive — Limited Edition Phygital Art Piece
Edition: 100% Cotton Rag Archival Fine-Art Print (300gsm)
Provenance: Solana Blockchain verified (JOSHSHOOT.SOL) -> Physical exhibition print via INPRNT

Collect the archive via link in bio
📸 iPhone 12 / Archival Capture
📍 Rotterdam (RTM) 🇳🇱
💎 Rarity: Common
⚡ On-Chain: JOSHSHOOT.SOL

.
.
.
#ContemporaryCollector #ArchivalPrint #FineArtPrint #BrutalistArchitecture",JOSH1-95: Parking Dat Way,https://www.inprnt.com/gallery/joshuadenouden/josh1-95-parking-dat-way/,Common,Rotterdam (RTM) 🇳🇱,iPhone 12 / Archival Capture
https://cdn.inprnt.com/thumbs/94/62/9462dfe1a409947061a9bd3cb389eed6@2x.jpg,"JOSH1-94: A Dutch Date in Rotterdam
Architectural geometry and urban stillness. Recorded for archival permanence.

JOSH¹ Archive — Limited Edition Phygital Art Piece
Edition: 100% Cotton Rag Archival Fine-Art Print (300gsm)
Provenance: Solana Blockchain verified (JOSHSHOOT.SOL) -> Physical exhibition print via INPRNT

Collect the archive via link in bio
📸 iPhone 12 / Archival Capture
📍 Rotterdam (RTM) 🇳🇱
💎 Rarity: Common
⚡ On-Chain: JOSHSHOOT.SOL

.
.
.
#WallArtDecor #ContemporaryCollector #INPRNT #JOSHSHOOTPRINTS",JOSH1-94: A Dutch Date in Rotterdam,https://www.inprnt.com/gallery/joshuadenouden/josh1-94-a-dutch-date-in-rotterdam/,Common,Rotterdam (RTM) 🇳🇱,iPhone 12 / Archival Capture
https://cdn.inprnt.com/thumbs/e3/dc/e3dc4f93cacc2c882ca230120dd715e7@2x.jpg,"JOSH1-93: The Bohemia Style Street
Rotterdam waterfront architecture. Structural geometry along the urban harbor.

JOSH¹ Archive — Limited Edition Phygital Art Piece
Edition: 100% Cotton Rag Archival Fine-Art Print (300gsm)
Provenance: Solana Blockchain verified (JOSHSHOOT.SOL) -> Physical exhibition print via INPRNT

Collect the archive via link in bio
📸 iPhone 12 / Archival Capture
📍 Rotterdam (RTM) 🇳🇱
💎 Rarity: Common
⚡ On-Chain: JOSHSHOOT.SOL

.
.
.
#BrutalistArchitecture #ArtCollector #SolanaNFT #OnChainArt",JOSH1-93: The Bohemia Style Street,https://www.inprnt.com/gallery/joshuadenouden/josh1-93-the-bohemia-style-street/,Common,Rotterdam (RTM) 🇳🇱,iPhone 12 / Archival Capture
https://cdn.inprnt.com/thumbs/42/64/42643edc7b4bb1b1f2b66ea8032196dd@2x.jpg,"JOSH1-92: To Guard
Architectural geometry and urban stillness. Recorded for archival permanence.

JOSH¹ Archive — Limited Edition Phygital Art Piece
Edition: 100% Cotton Rag Archival Fine-Art Print (300gsm)
Provenance: Solana Blockchain verified (JOSHSHOOT.SOL) -> Physical exhibition print via INPRNT

Collect the archive via link in bio
📸 iPhone 12 / Archival Capture
📍 Rotterdam (RTM) 🇳🇱
💎 Rarity: Common
⚡ On-Chain: JOSHSHOOT.SOL

.
.
.
#MinimalistPhotography #SolanaNFT #WallArtDecor #BrutalistArchitecture",JOSH1-92: To Guard,https://www.inprnt.com/gallery/joshuadenouden/josh1-92-to-guard/,Common,Rotterdam (RTM) 🇳🇱,iPhone 12 / Archival Capture
https://cdn.inprnt.com/thumbs/b9/8d/b98d574ed1927f18963fd3d398291f85@2x.jpg,"JOSH1-91: Prague from The Castle
Architectural geometry and urban stillness. Recorded for archival permanence.

JOSH¹ Archive — Limited Edition Phygital Art Piece
Edition: 100% Cotton Rag Archival Fine-Art Print (300gsm)
Provenance: Solana Blockchain verified (JOSHSHOOT.SOL) -> Physical exhibition print via INPRNT

Collect the archive via link in bio
📸 iPhone 12 / Archival Capture
📍 Rotterdam (RTM) 🇳🇱
💎 Rarity: Common
⚡ On-Chain: JOSHSHOOT.SOL

.
.
.
#OnChainArt #StreetPhotography #WallArtDecor #ContemporaryCollector",JOSH1-91: Prague from The Castle,https://www.inprnt.com/gallery/joshuadenouden/josh1-91-prague-from-the-castle/,Common,Rotterdam (RTM) 🇳🇱,iPhone 12 / Archival Capture
https://cdn.inprnt.com/thumbs/e6/88/e688b012a9bfd03271c832eeec3f9bca@2x.jpg,"JOSH1-90: Calma BB
Architectural geometry and urban stillness. Recorded for archival permanence.

JOSH¹ Archive — Limited Edition Phygital Art Piece
Edition: 100% Cotton Rag Archival Fine-Art Print (300gsm)
Provenance: Solana Blockchain verified (JOSHSHOOT.SOL) -> Physical exhibition print via INPRNT

Collect the archive via link in bio
📸 iPhone 12 / Archival Capture
📍 Rotterdam (RTM) 🇳🇱
💎 Rarity: Common
⚡ On-Chain: JOSHSHOOT.SOL

.
.
.
#FineArtPrint #ArtCollector #JOSHSHOOTPRINTS #StreetPhotography",JOSH1-90: Calma BB,https://www.inprnt.com/gallery/joshuadenouden/josh1-90-calma-bb/,Common,Rotterdam (RTM) 🇳🇱,iPhone 12 / Archival Capture
https://cdn.inprnt.com/thumbs/38/fe/38fe2ca16043e1d2f8f1243edf1edee7@2x.jpg,"JOSH1-89: No Peps, No Coc
Architectural geometry and urban stillness. Recorded for archival permanence.

JOSH¹ Archive — Limited Edition Phygital Art Piece
Edition: 100% Cotton Rag Archival Fine-Art Print (300gsm)
Provenance: Solana Blockchain verified (JOSHSHOOT.SOL) -> Physical exhibition print via INPRNT

Collect the archive via link in bio
📸 iPhone 12 / Archival Capture
📍 Rotterdam (RTM) 🇳🇱
💎 Rarity: Common
⚡ On-Chain: JOSHSHOOT.SOL

.
.
.
#ArchitecturalPhotography #SolanaArt #INPRNT #UrbanGeometry","JOSH1-89: No Peps, No Coc",https://www.inprnt.com/gallery/joshuadenouden/josh1-89-no-peps-no-coc/,Common,Rotterdam (RTM) 🇳🇱,iPhone 12 / Archival Capture
https://cdn.inprnt.com/thumbs/24/ee/24ee20e519d3b805bff373a6d8fe88ed@2x.jpg,"JOSH1-88: Cigar
Architectural geometry and urban stillness. Recorded for archival permanence.

JOSH¹ Archive — Limited Edition Phygital Art Piece
Edition: 100% Cotton Rag Archival Fine-Art Print (300gsm)
Provenance: Solana Blockchain verified (JOSHSHOOT.SOL) -> Physical exhibition print via INPRNT

Collect the archive via link in bio
📸 iPhone 12 / Archival Capture
📍 Rotterdam (RTM) 🇳🇱
💎 Rarity: Common
⚡ On-Chain: JOSHSHOOT.SOL

.
.
.
#SolanaArt #UrbanGeometry #ContemporaryCollector #Industrial",JOSH1-88: Cigar,https://www.inprnt.com/gallery/joshuadenouden/josh1-88-cigar-by-tamino/,Common,Rotterdam (RTM) 🇳🇱,iPhone 12 / Archival Capture
https://cdn.inprnt.com/thumbs/2d/d9/2dd998b165550dd987c4094b56889b8e@2x.jpg,"JOSH1-87: The Main Square
Architectural geometry and urban stillness. Recorded for archival permanence.

JOSH¹ Archive — Limited Edition Phygital Art Piece
Edition: 100% Cotton Rag Archival Fine-Art Print (300gsm)
Provenance: Solana Blockchain verified (JOSHSHOOT.SOL) -> Physical exhibition print via INPRNT

Collect the archive via link in bio
📸 iPhone 12 / Archival Capture
📍 Rotterdam (RTM) 🇳🇱
💎 Rarity: Common
⚡ On-Chain: JOSHSHOOT.SOL

.
.
.
#Industrial #UrbanGeometry #ArchivalPrint #MinimalistPhotography",JOSH1-87: The Main Square,https://www.inprnt.com/gallery/joshuadenouden/josh1-87-the-main-square-in-frankfurt/,Common,Rotterdam (RTM) 🇳🇱,iPhone 12 / Archival Capture
https://cdn.inprnt.com/thumbs/78/ff/78fffcb5cec2ca49400de1b3af943ab4@2x.jpg,"JOSH1-86: German Quality
Architectural geometry and urban stillness. Recorded for archival permanence.

JOSH¹ Archive — Limited Edition Phygital Art Piece
Edition: 100% Cotton Rag Archival Fine-Art Print (300gsm)
Provenance: Solana Blockchain verified (JOSHSHOOT.SOL) -> Physical exhibition print via INPRNT

Collect the archive via link in bio
📸 iPhone 12 / Archival Capture
📍 Rotterdam (RTM) 🇳🇱
💎 Rarity: Common
⚡ On-Chain: JOSHSHOOT.SOL

.
.
.
#INPRNT #ContemporaryCollector #SolanaNFT #UrbanGeometry",JOSH1-86: German Quality,https://www.inprnt.com/gallery/joshuadenouden/josh1-86-german-quality/,Common,Rotterdam (RTM) 🇳🇱,iPhone 12 / Archival Capture
https://cdn.inprnt.com/thumbs/3a/c7/3ac7eb5b5e6bebe55bb81633396f05b4@2x.jpg,"JOSH1-85: The Zalmhaven
Architectural geometry and urban stillness. Recorded for archival permanence.

JOSH¹ Archive — Limited Edition Phygital Art Piece
Edition: 100% Cotton Rag Archival Fine-Art Print (300gsm)
Provenance: Solana Blockchain verified (JOSHSHOOT.SOL) -> Physical exhibition print via INPRNT

Collect the archive via link in bio
📸 iPhone 12 / Archival Capture
📍 Rotterdam (RTM) 🇳🇱
💎 Rarity: Common
⚡ On-Chain: JOSHSHOOT.SOL

.
.
.
#MinimalistPhotography #JOSHSHOOTPRINTS #ArchivalPrint #UrbanGeometry",JOSH1-85: The Zalmhaven,https://www.inprnt.com/gallery/joshuadenouden/josh1-85-the-zalmhaven/,Common,Rotterdam (RTM) 🇳🇱,iPhone 12 / Archival Capture
https://cdn.inprnt.com/thumbs/b3/cc/b3ccca9ba6925e35d0154a64cf6e97cb@2x.jpg,"JOSH1-84: Milan and his Guitar
Architectural geometry and urban stillness. Recorded for archival permanence.

JOSH¹ Archive — Limited Edition Phygital Art Piece
Edition: 100% Cotton Rag Archival Fine-Art Print (300gsm)
Provenance: Solana Blockchain verified (JOSHSHOOT.SOL) -> Physical exhibition print via INPRNT

Collect the archive via link in bio
📸 iPhone 12 / Archival Capture
📍 Rotterdam (RTM) 🇳🇱
💎 Rarity: Common
⚡ On-Chain: JOSHSHOOT.SOL

.
.
.
#SolanaArt #OnChainArt #INPRNT #ArchitecturalPhotography",JOSH1-84: Milan and his Guitar,https://www.inprnt.com/gallery/joshuadenouden/josh1-84-milan-and-his-guitar/,Common,Rotterdam (RTM) 🇳🇱,iPhone 12 / Archival Capture
https://cdn.inprnt.com/thumbs/47/e5/47e5aee3f07126c346b5b65a718bbdd5@2x.jpg,"JOSH1-83: Wooden Pencil
Architectural geometry and urban stillness. Recorded for archival permanence.

JOSH¹ Archive — Limited Edition Phygital Art Piece
Edition: 100% Cotton Rag Archival Fine-Art Print (300gsm)
Provenance: Solana Blockchain verified (JOSHSHOOT.SOL) -> Physical exhibition print via INPRNT

Collect the archive via link in bio
📸 iPhone 12 / Archival Capture
📍 Rotterdam (RTM) 🇳🇱
💎 Rarity: Common
⚡ On-Chain: JOSHSHOOT.SOL

.
.
.
#StreetPhotography #INPRNT #ContemporaryCollector #OnChainArt",JOSH1-83: Wooden Pencil,https://www.inprnt.com/gallery/joshuadenouden/josh1-83-wooden-pencil/,Common,Rotterdam (RTM) 🇳🇱,iPhone 12 / Archival Capture
https://cdn.inprnt.com/thumbs/13/e2/13e2511a904f5d83e766cfa1d3e5574a@2x.jpg,"JOSH1-82: The Belgian Galleries
Architectural geometry and urban stillness. Recorded for archival permanence.

JOSH¹ Archive — Limited Edition Phygital Art Piece
Edition: 100% Cotton Rag Archival Fine-Art Print (300gsm)
Provenance: Solana Blockchain verified (JOSHSHOOT.SOL) -> Physical exhibition print via INPRNT

Collect the archive via link in bio
📸 iPhone 12 / Archival Capture
📍 Rotterdam (RTM) 🇳🇱
💎 Rarity: Common
⚡ On-Chain: JOSHSHOOT.SOL

.
.
.
#ArchivalPrint #ContemporaryCollector #BrutalistArchitecture #SolanaNFT",JOSH1-82: The Belgian Galleries,https://www.inprnt.com/gallery/joshuadenouden/josh1-82-the-belgian-galleries/,Common,Rotterdam (RTM) 🇳🇱,iPhone 12 / Archival Capture
https://cdn.inprnt.com/thumbs/ed/54/ed54df10cf7b40785d42faad5ff0718e@2x.jpg,"JOSH1-81: The Mormons are Back
Architectural geometry and urban stillness. Recorded for archival permanence.

JOSH¹ Archive — Limited Edition Phygital Art Piece
Edition: 100% Cotton Rag Archival Fine-Art Print (300gsm)
Provenance: Solana Blockchain verified (JOSHSHOOT.SOL) -> Physical exhibition print via INPRNT

Collect the archive via link in bio
📸 iPhone 12 / Archival Capture
📍 Rotterdam (RTM) 🇳🇱
💎 Rarity: Common
⚡ On-Chain: JOSHSHOOT.SOL

.
.
.
#FineArtPrint #SolanaArt #WallArtDecor #Industrial",JOSH1-81: The Mormons are Back,https://www.inprnt.com/gallery/joshuadenouden/josh1-81-the-mormons-are-back-the-mormons-are-back/,Common,Rotterdam (RTM) 🇳🇱,iPhone 12 / Archival Capture
https://cdn.inprnt.com/thumbs/f8/cc/f8ccad3eae8fcbd9afcc7ee4b479c47d@2x.jpg,"JOSH1-80: Glimpses Inside
Architectural geometry and urban stillness. Recorded for archival permanence.

JOSH¹ Archive — Limited Edition Phygital Art Piece
Edition: 100% Cotton Rag Archival Fine-Art Print (300gsm)
Provenance: Solana Blockchain verified (JOSHSHOOT.SOL) -> Physical exhibition print via INPRNT

Collect the archive via link in bio
📸 iPhone 12 / Archival Capture
📍 Rotterdam (RTM) 🇳🇱
💎 Rarity: Common
⚡ On-Chain: JOSHSHOOT.SOL

.
.
.
#SolanaNFT #Industrial #PhygitalArt #ContemporaryCollector",JOSH1-80: Glimpses Inside,https://www.inprnt.com/gallery/joshuadenouden/josh1-80-glimpses-inside/,Common,Rotterdam (RTM) 🇳🇱,iPhone 12 / Archival Capture
https://cdn.inprnt.com/thumbs/51/f8/51f8eb27ff4a84a7f2cb78f39650f42a@2x.jpg,"JOSH1-79: Qasr Al Watan
Architectural geometry and urban stillness. Recorded for archival permanence.

JOSH¹ Archive — Limited Edition Phygital Art Piece
Edition: 100% Cotton Rag Archival Fine-Art Print (300gsm)
Provenance: Solana Blockchain verified (JOSHSHOOT.SOL) -> Physical exhibition print via INPRNT

Collect the archive via link in bio
📸 iPhone 12 / Archival Capture
📍 Rotterdam (RTM) 🇳🇱
💎 Rarity: Common
⚡ On-Chain: JOSHSHOOT.SOL

.
.
.
#ArchitecturalPhotography #JOSHSHOOTPRINTS #UrbanGeometry #ContemporaryCollector",JOSH1-79: Qasr Al Watan,https://www.inprnt.com/gallery/joshuadenouden/josh1-79-qasr-al-watan/,Common,Rotterdam (RTM) 🇳🇱,iPhone 12 / Archival Capture
https://cdn.inprnt.com/thumbs/59/1b/591b7bf011769005376d7d5879dd3bfe@2x.jpg,"JOSH1-78: Capitalistic xZ
Architectural geometry and urban stillness. Recorded for archival permanence.

JOSH¹ Archive — Limited Edition Phygital Art Piece
Edition: 100% Cotton Rag Archival Fine-Art Print (300gsm)
Provenance: Solana Blockchain verified (JOSHSHOOT.SOL) -> Physical exhibition print via INPRNT

Collect the archive via link in bio
📸 iPhone 12 / Archival Capture
📍 Rotterdam (RTM) 🇳🇱
💎 Rarity: Common
⚡ On-Chain: JOSHSHOOT.SOL

.
.
.
#SolanaNFT #Industrial #OnChainArt #ArtCollector",JOSH1-78: Capitalistic xZ,https://www.inprnt.com/gallery/joshuadenouden/josh1-78-capitalistic-xz/,Common,Rotterdam (RTM) 🇳🇱,iPhone 12 / Archival Capture
https://cdn.inprnt.com/thumbs/c4/c7/c4c7bacbd610d75539adb0cc73b5e458@2x.jpg,"JOSH1-77: Bridge of the Night
Monochromatic depth and low-light atmosphere. Structural brutalism recorded after dark.

JOSH¹ Archive — Limited Edition Phygital Art Piece
Edition: 100% Cotton Rag Archival Fine-Art Print (300gsm)
Provenance: Solana Blockchain verified (JOSHSHOOT.SOL) -> Physical exhibition print via INPRNT

Collect the archive via link in bio
📸 iPhone 12 / Archival Capture
📍 Rotterdam (RTM) 🇳🇱
💎 Rarity: Common
⚡ On-Chain: JOSHSHOOT.SOL

.
.
.
#UrbanGeometry #JOSHSHOOTPRINTS #MinimalistPhotography #INPRNT",JOSH1-77: Bridge of the Night,https://www.inprnt.com/gallery/joshuadenouden/josh1-77-bridge-of-the-night/,Common,Rotterdam (RTM) 🇳🇱,iPhone 12 / Archival Capture
https://cdn.inprnt.com/thumbs/dd/42/dd426096936b0f4cd55a3494cf4cb19a@2x.jpg,"JOSH1-76: The Wrong Museum
Institutional architecture and public space. Structural geometry recorded in natural light.

JOSH¹ Archive — Limited Edition Phygital Art Piece
Edition: 100% Cotton Rag Archival Fine-Art Print (300gsm)
Provenance: Solana Blockchain verified (JOSHSHOOT.SOL) -> Physical exhibition print via INPRNT

Collect the archive via link in bio
📸 iPhone 12 / Archival Capture
📍 Rotterdam (RTM) 🇳🇱
💎 Rarity: Common
⚡ On-Chain: JOSHSHOOT.SOL

.
.
.
#MinimalistPhotography #INPRNT #ArchivalPrint #SolanaArt",JOSH1-76: The Wrong Museum,https://www.inprnt.com/gallery/joshuadenouden/josh1-76-the-wrong-museum/,Common,Rotterdam (RTM) 🇳🇱,iPhone 12 / Archival Capture
https://cdn.inprnt.com/thumbs/1a/ed/1aed5af92ce5b97a9d1aa64210554fbf@2x.jpg,"JOSH1-75: The Vrouw
Architectural geometry and urban stillness. Recorded for archival permanence.

JOSH¹ Archive — Limited Edition Phygital Art Piece
Edition: 100% Cotton Rag Archival Fine-Art Print (300gsm)
Provenance: Solana Blockchain verified (JOSHSHOOT.SOL) -> Physical exhibition print via INPRNT

Collect the archive via link in bio
📸 iPhone 12 / Archival Capture
📍 Rotterdam (RTM) 🇳🇱
💎 Rarity: Common
⚡ On-Chain: JOSHSHOOT.SOL

.
.
.
#ArchivalPrint #SolanaArt #BrutalistArchitecture #UrbanGeometry",JOSH1-75: The Vrouw,https://www.inprnt.com/gallery/joshuadenouden/josh1-75-the-vrouw/,Common,Rotterdam (RTM) 🇳🇱,iPhone 12 / Archival Capture
https://cdn.inprnt.com/thumbs/6c/29/6c29e9a5e184dc08f3ff86e8281ab208@2x.jpg,"JOSH1-74: Ship Maker
Architectural geometry and urban stillness. Recorded for archival permanence.

JOSH¹ Archive — Limited Edition Phygital Art Piece
Edition: 100% Cotton Rag Archival Fine-Art Print (300gsm)
Provenance: Solana Blockchain verified (JOSHSHOOT.SOL) -> Physical exhibition print via INPRNT

Collect the archive via link in bio
📸 iPhone 12 / Archival Capture
📍 Rotterdam (RTM) 🇳🇱
💎 Rarity: Common
⚡ On-Chain: JOSHSHOOT.SOL

.
.
.
#WallArtDecor #ArtCollector #INPRNT #SolanaArt",JOSH1-74: Ship Maker,https://www.inprnt.com/gallery/joshuadenouden/josh1-74-ship-maker/,Common,Rotterdam (RTM) 🇳🇱,iPhone 12 / Archival Capture
https://cdn.inprnt.com/thumbs/5c/bb/5cbbfc55c22f50e7e462f9f674ce30c3@2x.jpg,"JOSH1-73: That one Church
Architectural geometry and urban stillness. Recorded for archival permanence.

JOSH¹ Archive — Limited Edition Phygital Art Piece
Edition: 100% Cotton Rag Archival Fine-Art Print (300gsm)
Provenance: Solana Blockchain verified (JOSHSHOOT.SOL) -> Physical exhibition print via INPRNT

Collect the archive via link in bio
📸 iPhone 12 / Archival Capture
📍 Rotterdam (RTM) 🇳🇱
💎 Rarity: Common
⚡ On-Chain: JOSHSHOOT.SOL

.
.
.
#ArchivalPrint #ArtCollector #JOSHSHOOTPRINTS #ArchitecturalPhotography",JOSH1-73: That one Church,https://www.inprnt.com/gallery/joshuadenouden/josh1-73-that-one-church/,Common,Rotterdam (RTM) 🇳🇱,iPhone 12 / Archival Capture
https://cdn.inprnt.com/thumbs/a9/e2/a9e250868d5a6911494debd9ca64444a@2x.jpg,"JOSH1-72: Old England
Architectural geometry and urban stillness. Recorded for archival permanence.

JOSH¹ Archive — Limited Edition Phygital Art Piece
Edition: 100% Cotton Rag Archival Fine-Art Print (300gsm)
Provenance: Solana Blockchain verified (JOSHSHOOT.SOL) -> Physical exhibition print via INPRNT

Collect the archive via link in bio
📸 iPhone 12 / Archival Capture
📍 Rotterdam (RTM) 🇳🇱
💎 Rarity: Common
⚡ On-Chain: JOSHSHOOT.SOL

.
.
.
#WallArtDecor #ArtCollector #StreetPhotography #UrbanGeometry",JOSH1-72: Old England,https://www.inprnt.com/gallery/joshuadenouden/josh1-72-old-england/,Common,Rotterdam (RTM) 🇳🇱,iPhone 12 / Archival Capture
https://cdn.inprnt.com/thumbs/63/74/6374d4d7bf908906cf4ef164964d4123@2x.jpg,"JOSH1-71: The Center of Bikes
Architectural geometry and urban stillness. Recorded for archival permanence.

JOSH¹ Archive — Limited Edition Phygital Art Piece
Edition: 100% Cotton Rag Archival Fine-Art Print (300gsm)
Provenance: Solana Blockchain verified (JOSHSHOOT.SOL) -> Physical exhibition print via INPRNT

Collect the archive via link in bio
📸 iPhone 12 / Archival Capture
📍 Rotterdam (RTM) 🇳🇱
💎 Rarity: Common
⚡ On-Chain: JOSHSHOOT.SOL

.
.
.
#JOSHSHOOTPRINTS #Industrial #UrbanGeometry #WallArtDecor",JOSH1-71: The Center of Bikes,https://www.inprnt.com/gallery/joshuadenouden/josh1-71-the-center-of-bikes-and-dikes/,Common,Rotterdam (RTM) 🇳🇱,iPhone 12 / Archival Capture
https://cdn.inprnt.com/thumbs/0d/14/0d14e660720404faf1e6f5b6879d3bc3@2x.jpg,"JOSH1-70: His name is JOM
Architectural geometry and urban stillness. Recorded for archival permanence.

JOSH¹ Archive — Limited Edition Phygital Art Piece
Edition: 100% Cotton Rag Archival Fine-Art Print (300gsm)
Provenance: Solana Blockchain verified (JOSHSHOOT.SOL) -> Physical exhibition print via INPRNT

Collect the archive via link in bio
📸 iPhone 12 / Archival Capture
📍 Rotterdam (RTM) 🇳🇱
💎 Rarity: Common
⚡ On-Chain: JOSHSHOOT.SOL

.
.
.
#OnChainArt #PhygitalArt #WallArtDecor #FineArtPrint",JOSH1-70: His name is JOM,https://www.inprnt.com/gallery/joshuadenouden/josh1-70-his-name-is-jom/,Common,Rotterdam (RTM) 🇳🇱,iPhone 12 / Archival Capture
https://cdn.inprnt.com/thumbs/ba/8c/ba8c6b11009bce06fa2a3b98f01d7b4c@2x.jpg,"JOSH1-69: Square, Square
Architectural geometry and urban stillness. Recorded for archival permanence.

JOSH¹ Archive — Limited Edition Phygital Art Piece
Edition: 100% Cotton Rag Archival Fine-Art Print (300gsm)
Provenance: Solana Blockchain verified (JOSHSHOOT.SOL) -> Physical exhibition print via INPRNT

Collect the archive via link in bio
📸 iPhone 12 / Archival Capture
📍 Rotterdam (RTM) 🇳🇱
💎 Rarity: Common
⚡ On-Chain: JOSHSHOOT.SOL

.
.
.
#BrutalistArchitecture #WallArtDecor #StreetPhotography #INPRNT","JOSH1-69: Square, Square",https://www.inprnt.com/gallery/joshuadenouden/josh1-69-square-square/,Common,Rotterdam (RTM) 🇳🇱,iPhone 12 / Archival Capture
https://cdn.inprnt.com/thumbs/85/3d/853d5fc518a4e12ab3bb03c952150b98@2x.jpg,"JOSH1-68: L D
Architectural geometry and urban stillness. Recorded for archival permanence.

JOSH¹ Archive — Limited Edition Phygital Art Piece
Edition: 100% Cotton Rag Archival Fine-Art Print (300gsm)
Provenance: Solana Blockchain verified (JOSHSHOOT.SOL) -> Physical exhibition print via INPRNT

Collect the archive via link in bio
📸 iPhone 12 / Archival Capture
📍 Rotterdam (RTM) 🇳🇱
💎 Rarity: Common
⚡ On-Chain: JOSHSHOOT.SOL

.
.
.
#ArchivalPrint #JOSHSHOOTPRINTS #INPRNT #SolanaNFT",JOSH1-68: L D,https://www.inprnt.com/gallery/joshuadenouden/josh1-68-l-d/,Common,Rotterdam (RTM) 🇳🇱,iPhone 12 / Archival Capture
https://cdn.inprnt.com/thumbs/94/2f/942f100858be945664af9eae5b98e3e0@2x.jpg,"JOSH1-67: Rustig M
Architectural geometry and urban stillness. Recorded for archival permanence.

JOSH¹ Archive — Limited Edition Phygital Art Piece
Edition: 100% Cotton Rag Archival Fine-Art Print (300gsm)
Provenance: Solana Blockchain verified (JOSHSHOOT.SOL) -> Physical exhibition print via INPRNT

Collect the archive via link in bio
📸 iPhone 12 / Archival Capture
📍 Rotterdam (RTM) 🇳🇱
💎 Rarity: Common
⚡ On-Chain: JOSHSHOOT.SOL

.
.
.
#BrutalistArchitecture #ContemporaryCollector #WallArtDecor #MinimalistPhotography",JOSH1-67: Rustig M,https://www.inprnt.com/gallery/joshuadenouden/josh1-67-rustig-m/,Common,Rotterdam (RTM) 🇳🇱,iPhone 12 / Archival Capture
https://cdn.inprnt.com/thumbs/94/dd/94dd64c83f982b9cef98e2921e463bd1@2x.jpg,"JOSH1-66: Stations in Rotterdam
Urban transit and architectural scale. Kinetic movement recorded inside modern transport terminals.

JOSH¹ Archive — Limited Edition Phygital Art Piece
Edition: 100% Cotton Rag Archival Fine-Art Print (300gsm)
Provenance: Solana Blockchain verified (JOSHSHOOT.SOL) -> Physical exhibition print via INPRNT

Collect the archive via link in bio
📸 iPhone 12 / Archival Capture
📍 Rotterdam (RTM) 🇳🇱
💎 Rarity: Common
⚡ On-Chain: JOSHSHOOT.SOL

.
.
.
#BrutalistArchitecture #ArchivalPrint #MinimalistPhotography #ArtCollector",JOSH1-66: Stations in Rotterdam,https://www.inprnt.com/gallery/joshuadenouden/josh1-66-stations-in-rotterdam/,Common,Rotterdam (RTM) 🇳🇱,iPhone 12 / Archival Capture
https://cdn.inprnt.com/thumbs/83/99/8399c757f1e0b2a228cd634bcfb2107f@2x.jpg,"JOSH1-65: The man with the Dog
Architectural geometry and urban stillness. Recorded for archival permanence.

JOSH¹ Archive — Limited Edition Phygital Art Piece
Edition: 100% Cotton Rag Archival Fine-Art Print (300gsm)
Provenance: Solana Blockchain verified (JOSHSHOOT.SOL) -> Physical exhibition print via INPRNT

Collect the archive via link in bio
📸 iPhone 12 / Archival Capture
📍 Rotterdam (RTM) 🇳🇱
💎 Rarity: Common
⚡ On-Chain: JOSHSHOOT.SOL

.
.
.
#MinimalistPhotography #SolanaArt #FineArtPrint #OnChainArt",JOSH1-65: The man with the Dog,https://www.inprnt.com/gallery/joshuadenouden/josh1-65-the-man-with-the-dog/,Common,Rotterdam (RTM) 🇳🇱,iPhone 12 / Archival Capture
https://cdn.inprnt.com/thumbs/99/07/9907a7ee22797574507fb6d54dcbb78e@2x.jpg,"JOSH1-64: Be a Classic
Architectural geometry and urban stillness. Recorded for archival permanence.

JOSH¹ Archive — Limited Edition Phygital Art Piece
Edition: 100% Cotton Rag Archival Fine-Art Print (300gsm)
Provenance: Solana Blockchain verified (JOSHSHOOT.SOL) -> Physical exhibition print via INPRNT

Collect the archive via link in bio
📸 iPhone 12 / Archival Capture
📍 Rotterdam (RTM) 🇳🇱
💎 Rarity: Common
⚡ On-Chain: JOSHSHOOT.SOL

.
.
.
#ArchitecturalPhotography #PhygitalArt #ArtCollector #OnChainArt",JOSH1-64: Be a Classic,https://www.inprnt.com/gallery/joshuadenouden/josh1-64-be-a-classic/,Common,Rotterdam (RTM) 🇳🇱,iPhone 12 / Archival Capture
https://cdn.inprnt.com/thumbs/10/e8/10e8edf3b23a301e6c59be5987dc1296@2x.jpg,"JOSH1-63: The Dub Way
Architectural geometry and urban stillness. Recorded for archival permanence.

JOSH¹ Archive — Limited Edition Phygital Art Piece
Edition: 100% Cotton Rag Archival Fine-Art Print (300gsm)
Provenance: Solana Blockchain verified (JOSHSHOOT.SOL) -> Physical exhibition print via INPRNT

Collect the archive via link in bio
📸 iPhone 12 / Archival Capture
📍 Rotterdam (RTM) 🇳🇱
💎 Rarity: Common
⚡ On-Chain: JOSHSHOOT.SOL

.
.
.
#SolanaArt #UrbanGeometry #BrutalistArchitecture #Industrial",JOSH1-63: The Dub Way,https://www.inprnt.com/gallery/joshuadenouden/josh1-63-the-dub-way/,Common,Rotterdam (RTM) 🇳🇱,iPhone 12 / Archival Capture
https://cdn.inprnt.com/thumbs/1b/bd/1bbde2b3226bfed0b56795e5a354a38b@2x.jpg,"JOSH1-62: Which Canal?
Architectural geometry and urban stillness. Recorded for archival permanence.

JOSH¹ Archive — Limited Edition Phygital Art Piece
Edition: 100% Cotton Rag Archival Fine-Art Print (300gsm)
Provenance: Solana Blockchain verified (JOSHSHOOT.SOL) -> Physical exhibition print via INPRNT

Collect the archive via link in bio
📸 iPhone 12 / Archival Capture
📍 Rotterdam (RTM) 🇳🇱
💎 Rarity: Common
⚡ On-Chain: JOSHSHOOT.SOL

.
.
.
#StreetPhotography #ArtCollector #UrbanGeometry #WallArtDecor",JOSH1-62: Which Canal?,https://www.inprnt.com/gallery/joshuadenouden/josh1-62-which-canal/,Common,Rotterdam (RTM) 🇳🇱,iPhone 12 / Archival Capture
https://cdn.inprnt.com/thumbs/2b/6a/2b6ad836ba153034fc1c72b0bba44e2b@2x.jpg,"JOSH1-61: 1st Seasons, Galleria Island
Architectural geometry and urban stillness. Recorded for archival permanence.

JOSH¹ Archive — Limited Edition Phygital Art Piece
Edition: 100% Cotton Rag Archival Fine-Art Print (300gsm)
Provenance: Solana Blockchain verified (JOSHSHOOT.SOL) -> Physical exhibition print via INPRNT

Collect the archive via link in bio
📸 iPhone 12 / Archival Capture
📍 Rotterdam (RTM) 🇳🇱
💎 Rarity: Common
⚡ On-Chain: JOSHSHOOT.SOL

.
.
.
#SolanaArt #ArchitecturalPhotography #PhygitalArt #StreetPhotography","JOSH1-61: 1st Seasons, Galleria Island",https://www.inprnt.com/gallery/joshuadenouden/josh1-61-1st-seasons-galleria-island/,Common,Rotterdam (RTM) 🇳🇱,iPhone 12 / Archival Capture
https://cdn.inprnt.com/thumbs/98/13/98134d126ac7c88138b3431564f91bc2@2x.jpg,"JOSH1-60: The 6x9 Drive
Architectural geometry and urban stillness. Recorded for archival permanence.

JOSH¹ Archive — Limited Edition Phygital Art Piece
Edition: 100% Cotton Rag Archival Fine-Art Print (300gsm)
Provenance: Solana Blockchain verified (JOSHSHOOT.SOL) -> Physical exhibition print via INPRNT

Collect the archive via link in bio
📸 iPhone 12 / Archival Capture
📍 Rotterdam (RTM) 🇳🇱
💎 Rarity: Common
⚡ On-Chain: JOSHSHOOT.SOL

.
.
.
#StreetPhotography #Industrial #ArchivalPrint #WallArtDecor",JOSH1-60: The 6x9 Drive,https://www.inprnt.com/gallery/joshuadenouden/josh1-60-the-6x9-drive/,Common,Rotterdam (RTM) 🇳🇱,iPhone 12 / Archival Capture
https://cdn.inprnt.com/thumbs/f8/06/f806279df5876c3334a5c76d071c7c4f@2x.jpg,"JOSH1-59:
Architectural geometry and urban stillness. Recorded for archival permanence.

JOSH¹ Archive — Limited Edition Phygital Art Piece
Edition: 100% Cotton Rag Archival Fine-Art Print (300gsm)
Provenance: Solana Blockchain verified (JOSHSHOOT.SOL) -> Physical exhibition print via INPRNT

Collect the archive via link in bio
📸 iPhone 12 / Archival Capture
📍 Rotterdam (RTM) 🇳🇱
💎 Rarity: Common
⚡ On-Chain: JOSHSHOOT.SOL

.
.
.
#SolanaArt #BrutalistArchitecture #StreetPhotography #FineArtPrint",JOSH1-59:,https://www.inprnt.com/gallery/joshuadenouden/josh1-59-by-amir/,Common,Rotterdam (RTM) 🇳🇱,iPhone 12 / Archival Capture
https://cdn.inprnt.com/thumbs/6b/92/6b925490659e3d80d849a0254171139e@2x.jpg,"JOSH1-58:
Architectural geometry and urban stillness. Recorded for archival permanence.

JOSH¹ Archive — Limited Edition Phygital Art Piece
Edition: 100% Cotton Rag Archival Fine-Art Print (300gsm)
Provenance: Solana Blockchain verified (JOSHSHOOT.SOL) -> Physical exhibition print via INPRNT

Collect the archive via link in bio
📸 iPhone 12 / Archival Capture
📍 Rotterdam (RTM) 🇳🇱
💎 Rarity: Common
⚡ On-Chain: JOSHSHOOT.SOL

.
.
.
#ArchivalPrint #MinimalistPhotography #StreetPhotography #SolanaNFT",JOSH1-58:,https://www.inprnt.com/gallery/joshuadenouden/josh1-58-by-trevor/,Common,Rotterdam (RTM) 🇳🇱,iPhone 12 / Archival Capture
https://cdn.inprnt.com/thumbs/7f/92/7f92a8520ddac0026dd6f86c9e8398c7@2x.jpg,"JOSH1-57: Choose Wisely
Architectural geometry and urban stillness. Recorded for archival permanence.

JOSH¹ Archive — Limited Edition Phygital Art Piece
Edition: 100% Cotton Rag Archival Fine-Art Print (300gsm)
Provenance: Solana Blockchain verified (JOSHSHOOT.SOL) -> Physical exhibition print via INPRNT

Collect the archive via link in bio
📸 iPhone 12 / Archival Capture
📍 Rotterdam (RTM) 🇳🇱
💎 Rarity: Common
⚡ On-Chain: JOSHSHOOT.SOL

.
.
.
#JOSHSHOOTPRINTS #ArtCollector #ArchitecturalPhotography #SolanaArt",JOSH1-57: Choose Wisely,https://www.inprnt.com/gallery/joshuadenouden/josh1-57-choose-wisely/,Common,Rotterdam (RTM) 🇳🇱,iPhone 12 / Archival Capture
https://cdn.inprnt.com/thumbs/7a/6c/7a6c839e64ad4eaa6a6976bd28cca687@2x.jpg,"JOSH1-56: This One Spot in Dubai
Architectural geometry and urban stillness. Recorded for archival permanence.

JOSH¹ Archive — Limited Edition Phygital Art Piece
Edition: 100% Cotton Rag Archival Fine-Art Print (300gsm)
Provenance: Solana Blockchain verified (JOSHSHOOT.SOL) -> Physical exhibition print via INPRNT

Collect the archive via link in bio
📸 iPhone 12 / Archival Capture
📍 Rotterdam (RTM) 🇳🇱
💎 Rarity: Common
⚡ On-Chain: JOSHSHOOT.SOL

.
.
.
#SolanaArt #INPRNT #Industrial #ContemporaryCollector",JOSH1-56: This One Spot in Dubai,https://www.inprnt.com/gallery/joshuadenouden/josh1-56-this-one-spot-in-dubai/,Common,Rotterdam (RTM) 🇳🇱,iPhone 12 / Archival Capture
https://cdn.inprnt.com/thumbs/96/09/9609e331a56b70d2608840f7730254bf@2x.jpg,"JOSH1-55: The Burj Khalifa
Architectural geometry and urban stillness. Recorded for archival permanence.

JOSH¹ Archive — Limited Edition Phygital Art Piece
Edition: 100% Cotton Rag Archival Fine-Art Print (300gsm)
Provenance: Solana Blockchain verified (JOSHSHOOT.SOL) -> Physical exhibition print via INPRNT

Collect the archive via link in bio
📸 iPhone 12 / Archival Capture
📍 Rotterdam (RTM) 🇳🇱
💎 Rarity: Common
⚡ On-Chain: JOSHSHOOT.SOL

.
.
.
#MinimalistPhotography #StreetPhotography #JOSHSHOOTPRINTS #ContemporaryCollector",JOSH1-55: The Burj Khalifa,https://www.inprnt.com/gallery/joshuadenouden/josh1-55-the-burj-khalifa/,Common,Rotterdam (RTM) 🇳🇱,iPhone 12 / Archival Capture
https://cdn.inprnt.com/thumbs/6d/c2/6dc25147237f3ddc5a1ef1f2945e1603@2x.jpg,"JOSH1-54: QAW Spot
Architectural geometry and urban stillness. Recorded for archival permanence.

JOSH¹ Archive — Limited Edition Phygital Art Piece
Edition: 100% Cotton Rag Archival Fine-Art Print (300gsm)
Provenance: Solana Blockchain verified (JOSHSHOOT.SOL) -> Physical exhibition print via INPRNT

Collect the archive via link in bio
📸 iPhone 12 / Archival Capture
📍 Rotterdam (RTM) 🇳🇱
💎 Rarity: Common
⚡ On-Chain: JOSHSHOOT.SOL

.
.
.
#ArchivalPrint #SolanaArt #FineArtPrint #UrbanGeometry",JOSH1-54: QAW Spot,https://www.inprnt.com/gallery/joshuadenouden/josh1-54-qaw-spot/,Common,Rotterdam (RTM) 🇳🇱,iPhone 12 / Archival Capture
https://cdn.inprnt.com/thumbs/d3/b8/d3b82d8b1591f0bc35975f0d0e82d40d@2x.jpg,"JOSH1-53: North East
Architectural geometry and urban stillness. Recorded for archival permanence.

JOSH¹ Archive — Limited Edition Phygital Art Piece
Edition: 100% Cotton Rag Archival Fine-Art Print (300gsm)
Provenance: Solana Blockchain verified (JOSHSHOOT.SOL) -> Physical exhibition print via INPRNT

Collect the archive via link in bio
📸 iPhone 12 / Archival Capture
📍 Rotterdam (RTM) 🇳🇱
💎 Rarity: Common
⚡ On-Chain: JOSHSHOOT.SOL

.
.
.
#BrutalistArchitecture #ArchivalPrint #PhygitalArt #SolanaArt",JOSH1-53: North East,https://www.inprnt.com/gallery/joshuadenouden/josh1-53-north-east/,Common,Rotterdam (RTM) 🇳🇱,iPhone 12 / Archival Capture
https://cdn.inprnt.com/thumbs/54/44/544451abbf15b42918684fdfe710d882@2x.jpg,"JOSH1-52: Skateboard A
Architectural geometry and urban stillness. Recorded for archival permanence.

JOSH¹ Archive — Limited Edition Phygital Art Piece
Edition: 100% Cotton Rag Archival Fine-Art Print (300gsm)
Provenance: Solana Blockchain verified (JOSHSHOOT.SOL) -> Physical exhibition print via INPRNT

Collect the archive via link in bio
📸 iPhone 12 / Archival Capture
📍 Rotterdam (RTM) 🇳🇱
💎 Rarity: Common
⚡ On-Chain: JOSHSHOOT.SOL

.
.
.
#PhygitalArt #INPRNT #StreetPhotography #JOSHSHOOTPRINTS",JOSH1-52: Skateboard A,https://www.inprnt.com/gallery/joshuadenouden/josh1-52-skateboard-a/,Common,Rotterdam (RTM) 🇳🇱,iPhone 12 / Archival Capture
https://cdn.inprnt.com/thumbs/e7/9a/e79a2258883cc7061516d6eb22e6b25b@2x.jpg,"JOSH1-51: Corniche Supreme
Architectural geometry and urban stillness. Recorded for archival permanence.

JOSH¹ Archive — Limited Edition Phygital Art Piece
Edition: 100% Cotton Rag Archival Fine-Art Print (300gsm)
Provenance: Solana Blockchain verified (JOSHSHOOT.SOL) -> Physical exhibition print via INPRNT

Collect the archive via link in bio
📸 iPhone 12 / Archival Capture
📍 Rotterdam (RTM) 🇳🇱
💎 Rarity: Common
⚡ On-Chain: JOSHSHOOT.SOL

.
.
.
#ArtCollector #PhygitalArt #UrbanGeometry #ArchitecturalPhotography",JOSH1-51: Corniche Supreme,https://www.inprnt.com/gallery/joshuadenouden/josh1-51-corniche-supreme/,Common,Rotterdam (RTM) 🇳🇱,iPhone 12 / Archival Capture
https://cdn.inprnt.com/thumbs/78/68/786857fc2421deb2dd58a07e50e23a9f@2x.jpg,"JOSH1-50: A Piece
Architectural geometry and urban stillness. Recorded for archival permanence.

JOSH¹ Archive — Limited Edition Phygital Art Piece
Edition: 100% Cotton Rag Archival Fine-Art Print (300gsm)
Provenance: Solana Blockchain verified (JOSHSHOOT.SOL) -> Physical exhibition print via INPRNT

Collect the archive via link in bio
📸 iPhone 12 / Archival Capture
📍 Rotterdam (RTM) 🇳🇱
💎 Rarity: Common
⚡ On-Chain: JOSHSHOOT.SOL

.
.
.
#INPRNT #WallArtDecor #SolanaArt #OnChainArt",JOSH1-50: A Piece,https://www.inprnt.com/gallery/joshuadenouden/josh1-50-a-piece/,Common,Rotterdam (RTM) 🇳🇱,iPhone 12 / Archival Capture
https://cdn.inprnt.com/thumbs/32/3c/323cb94e2da6100617c7080778cfce63@2x.jpg,"JOSH1-49: O Man in Oman
Architectural geometry and urban stillness. Recorded for archival permanence.

JOSH¹ Archive — Limited Edition Phygital Art Piece
Edition: 100% Cotton Rag Archival Fine-Art Print (300gsm)
Provenance: Solana Blockchain verified (JOSHSHOOT.SOL) -> Physical exhibition print via INPRNT

Collect the archive via link in bio
📸 iPhone 12 / Archival Capture
📍 Rotterdam (RTM) 🇳🇱
💎 Rarity: Common
⚡ On-Chain: JOSHSHOOT.SOL

.
.
.
#PhygitalArt #ArtCollector #SolanaArt #FineArtPrint",JOSH1-49: O Man in Oman,https://www.inprnt.com/gallery/joshuadenouden/josh1-49-o-man-in-oman/,Common,Rotterdam (RTM) 🇳🇱,iPhone 12 / Archival Capture
https://cdn.inprnt.com/thumbs/db/a1/dba10455deb064b3be0b81741f408570@2x.jpg,"JOSH1-48:
Architectural geometry and urban stillness. Recorded for archival permanence.

JOSH¹ Archive — Limited Edition Phygital Art Piece
Edition: 100% Cotton Rag Archival Fine-Art Print (300gsm)
Provenance: Solana Blockchain verified (JOSHSHOOT.SOL) -> Physical exhibition print via INPRNT

Collect the archive via link in bio
📸 iPhone 12 / Archival Capture
📍 Rotterdam (RTM) 🇳🇱
💎 Rarity: Common
⚡ On-Chain: JOSHSHOOT.SOL

.
.
.
#JOSHSHOOTPRINTS #WallArtDecor #OnChainArt #ContemporaryCollector",JOSH1-48:,https://www.inprnt.com/gallery/joshuadenouden/josh1-48-by-z-r/,Common,Rotterdam (RTM) 🇳🇱,iPhone 12 / Archival Capture
https://cdn.inprnt.com/thumbs/30/1f/301f9c084993d1d9d7b4df0a69e64380@2x.jpg,"JOSH1-46: 1st Symmetry Photography
Architectural geometry and urban stillness. Recorded for archival permanence.

JOSH¹ Archive — Limited Edition Phygital Art Piece
Edition: 100% Cotton Rag Archival Fine-Art Print (300gsm)
Provenance: Solana Blockchain verified (JOSHSHOOT.SOL) -> Physical exhibition print via INPRNT

Collect the archive via link in bio
📸 iPhone 12 / Archival Capture
📍 Rotterdam (RTM) 🇳🇱
💎 Rarity: Common
⚡ On-Chain: JOSHSHOOT.SOL

.
.
.
#SolanaArt #UrbanGeometry #ArchitecturalPhotography #Industrial",JOSH1-46: 1st Symmetry Photography,https://www.inprnt.com/gallery/joshuadenouden/josh1-46-1st-symmetry-photography/,Common,Rotterdam (RTM) 🇳🇱,iPhone 12 / Archival Capture
https://cdn.inprnt.com/thumbs/ce/8a/ce8aeb8391b9674212b3e30b1995f8b0@2x.jpg,"JOSH1-45:
Architectural geometry and urban stillness. Recorded for archival permanence.

JOSH¹ Archive — Limited Edition Phygital Art Piece
Edition: 100% Cotton Rag Archival Fine-Art Print (300gsm)
Provenance: Solana Blockchain verified (JOSHSHOOT.SOL) -> Physical exhibition print via INPRNT

Collect the archive via link in bio
📸 iPhone 12 / Archival Capture
📍 Rotterdam (RTM) 🇳🇱
💎 Rarity: Common
⚡ On-Chain: JOSHSHOOT.SOL

.
.
.
#SolanaNFT #SolanaArt #JOSHSHOOTPRINTS #MinimalistPhotography",JOSH1-45:,https://www.inprnt.com/gallery/joshuadenouden/josh1-45-by-elony-musky/,Common,Rotterdam (RTM) 🇳🇱,iPhone 12 / Archival Capture
https://cdn.inprnt.com/thumbs/40/84/4084df4f05d70570e61d1c29f45c3fd6@2x.jpg,"JOSH1-44: And Stil
Architectural geometry and urban stillness. Recorded for archival permanence.

JOSH¹ Archive — Limited Edition Phygital Art Piece
Edition: 100% Cotton Rag Archival Fine-Art Print (300gsm)
Provenance: Solana Blockchain verified (JOSHSHOOT.SOL) -> Physical exhibition print via INPRNT

Collect the archive via link in bio
📸 iPhone 12 / Archival Capture
📍 Rotterdam (RTM) 🇳🇱
💎 Rarity: Common
⚡ On-Chain: JOSHSHOOT.SOL

.
.
.
#ArchivalPrint #UrbanGeometry #StreetPhotography #SolanaArt",JOSH1-44: And Stil,https://www.inprnt.com/gallery/joshuadenouden/josh1-44-and-stil/,Common,Rotterdam (RTM) 🇳🇱,iPhone 12 / Archival Capture
https://cdn.inprnt.com/thumbs/09/5b/095b363add42bf06b4726516dde9e5d5@2x.jpg,"JOSH1-43: La Guarding Life
Architectural geometry and urban stillness. Recorded for archival permanence.

JOSH¹ Archive — Limited Edition Phygital Art Piece
Edition: 100% Cotton Rag Archival Fine-Art Print (300gsm)
Provenance: Solana Blockchain verified (JOSHSHOOT.SOL) -> Physical exhibition print via INPRNT

Collect the archive via link in bio
📸 iPhone 12 / Archival Capture
📍 Rotterdam (RTM) 🇳🇱
💎 Rarity: Common
⚡ On-Chain: JOSHSHOOT.SOL

.
.
.
#UrbanGeometry #ContemporaryCollector #StreetPhotography #Industrial",JOSH1-43: La Guarding Life,https://www.inprnt.com/gallery/joshuadenouden/josh1-43-la-guarding-life/,Common,Rotterdam (RTM) 🇳🇱,iPhone 12 / Archival Capture
https://cdn.inprnt.com/thumbs/a9/72/a972ee6032d0b86a8bc6a6c894af51f5@2x.jpg,"JOSH1-42:
Architectural geometry and urban stillness. Recorded for archival permanence.

JOSH¹ Archive — Limited Edition Phygital Art Piece
Edition: 100% Cotton Rag Archival Fine-Art Print (300gsm)
Provenance: Solana Blockchain verified (JOSHSHOOT.SOL) -> Physical exhibition print via INPRNT

Collect the archive via link in bio
📸 iPhone 12 / Archival Capture
📍 Rotterdam (RTM) 🇳🇱
💎 Rarity: Common
⚡ On-Chain: JOSHSHOOT.SOL

.
.
.
#JOSHSHOOTPRINTS #BrutalistArchitecture #UrbanGeometry #SolanaArt",JOSH1-42:,https://www.inprnt.com/gallery/joshuadenouden/josh1-42-by-hr-reem-island/,Common,Rotterdam (RTM) 🇳🇱,iPhone 12 / Archival Capture
https://cdn.inprnt.com/thumbs/83/6e/836e1b8a28e13a8bdfb0c36200565de6@2x.jpg,"JOSH1-41: Stole that
Architectural geometry and urban stillness. Recorded for archival permanence.

JOSH¹ Archive — Limited Edition Phygital Art Piece
Edition: 100% Cotton Rag Archival Fine-Art Print (300gsm)
Provenance: Solana Blockchain verified (JOSHSHOOT.SOL) -> Physical exhibition print via INPRNT

Collect the archive via link in bio
📸 iPhone 12 / Archival Capture
📍 Rotterdam (RTM) 🇳🇱
💎 Rarity: Common
⚡ On-Chain: JOSHSHOOT.SOL

.
.
.
#SolanaNFT #StreetPhotography #ContemporaryCollector #BrutalistArchitecture",JOSH1-41: Stole that,https://www.inprnt.com/gallery/joshuadenouden/josh1-41-stole-that/,Common,Rotterdam (RTM) 🇳🇱,iPhone 12 / Archival Capture
https://cdn.inprnt.com/thumbs/22/55/22552a0fc62cdff6e799d139f62d7409@2x.jpg,"JOSH1-40: Pasketball
Architectural geometry and urban stillness. Recorded for archival permanence.

JOSH¹ Archive — Limited Edition Phygital Art Piece
Edition: 100% Cotton Rag Archival Fine-Art Print (300gsm)
Provenance: Solana Blockchain verified (JOSHSHOOT.SOL) -> Physical exhibition print via INPRNT

Collect the archive via link in bio
📸 iPhone 12 / Archival Capture
📍 Rotterdam (RTM) 🇳🇱
💎 Rarity: Common
⚡ On-Chain: JOSHSHOOT.SOL

.
.
.
#FineArtPrint #MinimalistPhotography #BrutalistArchitecture #ArchitecturalPhotography",JOSH1-40: Pasketball,https://www.inprnt.com/gallery/joshuadenouden/josh1-40-pasketball/,Common,Rotterdam (RTM) 🇳🇱,iPhone 12 / Archival Capture
https://cdn.inprnt.com/thumbs/eb/92/eb92573ec6e0244af3d825b9cf86eac0@2x.jpg,"JOSH1-39: Horse of Ana
Architectural geometry and urban stillness. Recorded for archival permanence.

JOSH¹ Archive — Limited Edition Phygital Art Piece
Edition: 100% Cotton Rag Archival Fine-Art Print (300gsm)
Provenance: Solana Blockchain verified (JOSHSHOOT.SOL) -> Physical exhibition print via INPRNT

Collect the archive via link in bio
📸 iPhone 12 / Archival Capture
📍 Rotterdam (RTM) 🇳🇱
💎 Rarity: Common
⚡ On-Chain: JOSHSHOOT.SOL

.
.
.
#INPRNT #ContemporaryCollector #MinimalistPhotography #OnChainArt",JOSH1-39: Horse of Ana,https://www.inprnt.com/gallery/joshuadenouden/josh1-39-horse-of-ana/,Common,Rotterdam (RTM) 🇳🇱,iPhone 12 / Archival Capture
https://cdn.inprnt.com/thumbs/18/9f/189f677c7baec7679c76af3ffc78f8b8@2x.jpg,"JOSH1-38: Only in Dubai
Architectural geometry and urban stillness. Recorded for archival permanence.

JOSH¹ Archive — Limited Edition Phygital Art Piece
Edition: 100% Cotton Rag Archival Fine-Art Print (300gsm)
Provenance: Solana Blockchain verified (JOSHSHOOT.SOL) -> Physical exhibition print via INPRNT

Collect the archive via link in bio
📸 iPhone 12 / Archival Capture
📍 Rotterdam (RTM) 🇳🇱
💎 Rarity: Common
⚡ On-Chain: JOSHSHOOT.SOL

.
.
.
#ArtCollector #INPRNT #ArchivalPrint #ArchitecturalPhotography",JOSH1-38: Only in Dubai,https://www.inprnt.com/gallery/joshuadenouden/josh1-38-only-in-dubai/,Common,Rotterdam (RTM) 🇳🇱,iPhone 12 / Archival Capture
https://cdn.inprnt.com/thumbs/99/3d/993dbbc9ec1c6772af9be14834802d7c@2x.jpg,"JOSH1-37: Brighton Beach L
Architectural geometry and urban stillness. Recorded for archival permanence.

JOSH¹ Archive — Limited Edition Phygital Art Piece
Edition: 100% Cotton Rag Archival Fine-Art Print (300gsm)
Provenance: Solana Blockchain verified (JOSHSHOOT.SOL) -> Physical exhibition print via INPRNT

Collect the archive via link in bio
📸 iPhone 12 / Archival Capture
📍 Rotterdam (RTM) 🇳🇱
💎 Rarity: Common
⚡ On-Chain: JOSHSHOOT.SOL

.
.
.
#ArchitecturalPhotography #WallArtDecor #PhygitalArt #ArchivalPrint",JOSH1-37: Brighton Beach L,https://www.inprnt.com/gallery/joshuadenouden/josh1-37-brighton-beach-l/,Common,Rotterdam (RTM) 🇳🇱,iPhone 12 / Archival Capture
https://cdn.inprnt.com/thumbs/ce/3b/ce3b0438384f999dddd9a4f207a08058@2x.jpg,"JOSH1-36: King Charles of Czech
Architectural geometry and urban stillness. Recorded for archival permanence.

JOSH¹ Archive — Limited Edition Phygital Art Piece
Edition: 100% Cotton Rag Archival Fine-Art Print (300gsm)
Provenance: Solana Blockchain verified (JOSHSHOOT.SOL) -> Physical exhibition print via INPRNT

Collect the archive via link in bio
📸 iPhone 12 / Archival Capture
📍 Rotterdam (RTM) 🇳🇱
💎 Rarity: Common
⚡ On-Chain: JOSHSHOOT.SOL

.
.
.
#JOSHSHOOTPRINTS #MinimalistPhotography #OnChainArt #StreetPhotography",JOSH1-36: King Charles of Czech,https://www.inprnt.com/gallery/joshuadenouden/josh1-36-king-charles-of-czech/,Common,Rotterdam (RTM) 🇳🇱,iPhone 12 / Archival Capture
https://cdn.inprnt.com/thumbs/d4/3c/d43c72c0a264fcd36c18d3f3e8970869@2x.jpg,"JOSH1-35: China The Great
Architectural geometry and urban stillness. Recorded for archival permanence.

JOSH¹ Archive — Limited Edition Phygital Art Piece
Edition: 100% Cotton Rag Archival Fine-Art Print (300gsm)
Provenance: Solana Blockchain verified (JOSHSHOOT.SOL) -> Physical exhibition print via INPRNT

Collect the archive via link in bio
📸 iPhone 12 / Archival Capture
📍 Rotterdam (RTM) 🇳🇱
💎 Rarity: Common
⚡ On-Chain: JOSHSHOOT.SOL

.
.
.
#BrutalistArchitecture #WallArtDecor #JOSHSHOOTPRINTS #FineArtPrint",JOSH1-35: China The Great,https://www.inprnt.com/gallery/joshuadenouden/josh1-35-china-the-great/,Common,Rotterdam (RTM) 🇳🇱,iPhone 12 / Archival Capture
https://cdn.inprnt.com/thumbs/77/51/77512e6ff803ca2fc8f0a6613102be9e@2x.jpg,"JOSH1-34: Pearl with the Girl
Architectural geometry and urban stillness. Recorded for archival permanence.

JOSH¹ Archive — Limited Edition Phygital Art Piece
Edition: 100% Cotton Rag Archival Fine-Art Print (300gsm)
Provenance: Solana Blockchain verified (JOSHSHOOT.SOL) -> Physical exhibition print via INPRNT

Collect the archive via link in bio
📸 iPhone 12 / Archival Capture
📍 Rotterdam (RTM) 🇳🇱
💎 Rarity: Common
⚡ On-Chain: JOSHSHOOT.SOL

.
.
.
#ContemporaryCollector #JOSHSHOOTPRINTS #MinimalistPhotography #ArtCollector",JOSH1-34: Pearl with the Girl,https://www.inprnt.com/gallery/joshuadenouden/josh1-34-pearl-with-the-girl/,Common,Rotterdam (RTM) 🇳🇱,iPhone 12 / Archival Capture
https://cdn.inprnt.com/thumbs/f5/f0/f5f0b0e05274b19130d0dad0e2e5dc10@2x.jpg,"JOSH1-33: Willow Tree
Architectural geometry and urban stillness. Recorded for archival permanence.

JOSH¹ Archive — Limited Edition Phygital Art Piece
Edition: 100% Cotton Rag Archival Fine-Art Print (300gsm)
Provenance: Solana Blockchain verified (JOSHSHOOT.SOL) -> Physical exhibition print via INPRNT

Collect the archive via link in bio
📸 iPhone 12 / Archival Capture
📍 Rotterdam (RTM) 🇳🇱
💎 Rarity: Common
⚡ On-Chain: JOSHSHOOT.SOL

.
.
.
#OnChainArt #ContemporaryCollector #ArtCollector #ArchivalPrint",JOSH1-33: Willow Tree,https://www.inprnt.com/gallery/joshuadenouden/josh1-33-willow-tree-by-milan/,Common,Rotterdam (RTM) 🇳🇱,iPhone 12 / Archival Capture
https://cdn.inprnt.com/thumbs/dc/d6/dcd6f9a58b6be475b3c8849bcd38d3be@2x.jpg,"JOSH1-32: Smoking Paradiso
Architectural geometry and urban stillness. Recorded for archival permanence.

JOSH¹ Archive — Limited Edition Phygital Art Piece
Edition: 100% Cotton Rag Archival Fine-Art Print (300gsm)
Provenance: Solana Blockchain verified (JOSHSHOOT.SOL) -> Physical exhibition print via INPRNT

Collect the archive via link in bio
📸 iPhone 12 / Archival Capture
📍 Rotterdam (RTM) 🇳🇱
💎 Rarity: Common
⚡ On-Chain: JOSHSHOOT.SOL

.
.
.
#SolanaNFT #PhygitalArt #ArtCollector #ContemporaryCollector",JOSH1-32: Smoking Paradiso,https://www.inprnt.com/gallery/joshuadenouden/josh1-32-smoking-paradiso/,Common,Rotterdam (RTM) 🇳🇱,iPhone 12 / Archival Capture
https://cdn.inprnt.com/thumbs/6f/7c/6f7ce17a44bd8f8a4501679d112d2c69@2x.jpg,"JOSH1-31: Man with the Flute
Architectural geometry and urban stillness. Recorded for archival permanence.

JOSH¹ Archive — Limited Edition Phygital Art Piece
Edition: 100% Cotton Rag Archival Fine-Art Print (300gsm)
Provenance: Solana Blockchain verified (JOSHSHOOT.SOL) -> Physical exhibition print via INPRNT

Collect the archive via link in bio
📸 iPhone 12 / Archival Capture
📍 Rotterdam (RTM) 🇳🇱
💎 Rarity: Common
⚡ On-Chain: JOSHSHOOT.SOL

.
.
.
#Industrial #SolanaArt #PhygitalArt #ArtCollector",JOSH1-31: Man with the Flute,https://www.inprnt.com/gallery/joshuadenouden/josh1-31-man-with-the-flute/,Common,Rotterdam (RTM) 🇳🇱,iPhone 12 / Archival Capture
https://cdn.inprnt.com/thumbs/18/3c/183c972a19b8b47b09a0d4a37b1470c8@2x.jpg,"JOSH1-30: The Line Take
Architectural geometry and urban stillness. Recorded for archival permanence.

JOSH¹ Archive — Limited Edition Phygital Art Piece
Edition: 100% Cotton Rag Archival Fine-Art Print (300gsm)
Provenance: Solana Blockchain verified (JOSHSHOOT.SOL) -> Physical exhibition print via INPRNT

Collect the archive via link in bio
📸 iPhone 12 / Archival Capture
📍 Rotterdam (RTM) 🇳🇱
💎 Rarity: Common
⚡ On-Chain: JOSHSHOOT.SOL

.
.
.
#OnChainArt #SolanaArt #ArtCollector #JOSHSHOOTPRINTS",JOSH1-30: The Line Take,https://www.inprnt.com/gallery/joshuadenouden/josh1-30-the-line-take/,Common,Rotterdam (RTM) 🇳🇱,iPhone 12 / Archival Capture
https://cdn.inprnt.com/thumbs/07/4c/074cf1825cfc4e2a4e9a1ba0486929bb@2x.jpg,"JOSH1-29: 1 Year of Summer
Architectural geometry and urban stillness. Recorded for archival permanence.

JOSH¹ Archive — Limited Edition Phygital Art Piece
Edition: 100% Cotton Rag Archival Fine-Art Print (300gsm)
Provenance: Solana Blockchain verified (JOSHSHOOT.SOL) -> Physical exhibition print via INPRNT

Collect the archive via link in bio
📸 iPhone 12 / Archival Capture
📍 Rotterdam (RTM) 🇳🇱
💎 Rarity: Common
⚡ On-Chain: JOSHSHOOT.SOL

.
.
.
#ArchitecturalPhotography #MinimalistPhotography #ArchivalPrint #SolanaNFT",JOSH1-29: 1 Year of Summer,https://www.inprnt.com/gallery/joshuadenouden/josh1-29-1-year-of-summer/,Common,Rotterdam (RTM) 🇳🇱,iPhone 12 / Archival Capture
https://cdn.inprnt.com/thumbs/e9/fc/e9fcd51e0bea6287c09c0ba4058c5f58@2x.jpg,"JOSH1-28: 1 Year of Spring
Architectural geometry and urban stillness. Recorded for archival permanence.

JOSH¹ Archive — Limited Edition Phygital Art Piece
Edition: 100% Cotton Rag Archival Fine-Art Print (300gsm)
Provenance: Solana Blockchain verified (JOSHSHOOT.SOL) -> Physical exhibition print via INPRNT

Collect the archive via link in bio
📸 iPhone 12 / Archival Capture
📍 Rotterdam (RTM) 🇳🇱
💎 Rarity: Common
⚡ On-Chain: JOSHSHOOT.SOL

.
.
.
#SolanaArt #INPRNT #OnChainArt #ArtCollector",JOSH1-28: 1 Year of Spring,https://www.inprnt.com/gallery/joshuadenouden/josh1-28-1-year-of-spring/,Common,Rotterdam (RTM) 🇳🇱,iPhone 12 / Archival Capture
https://cdn.inprnt.com/thumbs/56/e0/56e03c4bd874122b4f04f9d5489d316b@2x.jpg,"JOSH1-27: The Belgian Hotel Plaza
Architectural geometry and urban stillness. Recorded for archival permanence.

JOSH¹ Archive — Limited Edition Phygital Art Piece
Edition: 100% Cotton Rag Archival Fine-Art Print (300gsm)
Provenance: Solana Blockchain verified (JOSHSHOOT.SOL) -> Physical exhibition print via INPRNT

Collect the archive via link in bio
📸 iPhone 12 / Archival Capture
📍 Rotterdam (RTM) 🇳🇱
💎 Rarity: Common
⚡ On-Chain: JOSHSHOOT.SOL

.
.
.
#StreetPhotography #Industrial #ArchitecturalPhotography #SolanaNFT",JOSH1-27: The Belgian Hotel Plaza,https://www.inprnt.com/gallery/joshuadenouden/josh1-27-the-belgian-hotel-plaza/,Common,Rotterdam (RTM) 🇳🇱,iPhone 12 / Archival Capture
https://cdn.inprnt.com/thumbs/1b/d3/1bd3ee0ac5b50ac9bb5d0b2fb8be62fb@2x.jpg,"JOSH1-26: Buddy Boy in Pis
Architectural geometry and urban stillness. Recorded for archival permanence.

JOSH¹ Archive — Limited Edition Phygital Art Piece
Edition: 100% Cotton Rag Archival Fine-Art Print (300gsm)
Provenance: Solana Blockchain verified (JOSHSHOOT.SOL) -> Physical exhibition print via INPRNT

Collect the archive via link in bio
📸 iPhone 12 / Archival Capture
📍 Rotterdam (RTM) 🇳🇱
💎 Rarity: Common
⚡ On-Chain: JOSHSHOOT.SOL

.
.
.
#MinimalistPhotography #PhygitalArt #ArchitecturalPhotography #WallArtDecor",JOSH1-26: Buddy Boy in Pis,https://www.inprnt.com/gallery/joshuadenouden/josh1-26-buddy-boy-in-pis/,Common,Rotterdam (RTM) 🇳🇱,iPhone 12 / Archival Capture
https://cdn.inprnt.com/thumbs/53/c5/53c507040f49334b6c8719e8780c69f0@2x.jpg,"JOSH1-25: One of The Brussels
Architectural geometry and urban stillness. Recorded for archival permanence.

JOSH¹ Archive — Limited Edition Phygital Art Piece
Edition: 100% Cotton Rag Archival Fine-Art Print (300gsm)
Provenance: Solana Blockchain verified (JOSHSHOOT.SOL) -> Physical exhibition print via INPRNT

Collect the archive via link in bio
📸 iPhone 12 / Archival Capture
📍 Rotterdam (RTM) 🇳🇱
💎 Rarity: Common
⚡ On-Chain: JOSHSHOOT.SOL

.
.
.
#Industrial #WallArtDecor #SolanaNFT #JOSHSHOOTPRINTS",JOSH1-25: One of The Brussels,https://www.inprnt.com/gallery/joshuadenouden/josh1-25-one-of-the-brussels/,Common,Rotterdam (RTM) 🇳🇱,iPhone 12 / Archival Capture
https://cdn.inprnt.com/thumbs/2e/f0/2ef04b86f1d36127ef27c9cbece85bfe@2x.jpg,"JOSH1-24: This is Ali
Architectural geometry and urban stillness. Recorded for archival permanence.

JOSH¹ Archive — Limited Edition Phygital Art Piece
Edition: 100% Cotton Rag Archival Fine-Art Print (300gsm)
Provenance: Solana Blockchain verified (JOSHSHOOT.SOL) -> Physical exhibition print via INPRNT

Collect the archive via link in bio
📸 iPhone 12 / Archival Capture
📍 Rotterdam (RTM) 🇳🇱
💎 Rarity: Common
⚡ On-Chain: JOSHSHOOT.SOL

.
.
.
#ArchivalPrint #INPRNT #PhygitalArt #Industrial",JOSH1-24: This is Ali,https://www.inprnt.com/gallery/joshuadenouden/josh1-24-this-is-ali/,Common,Rotterdam (RTM) 🇳🇱,iPhone 12 / Archival Capture
https://cdn.inprnt.com/thumbs/fa/a3/faa31a690a8b3f84f6ef6477209f2199@2x.jpg,"JOSH1-23: Maastrict BBW
Architectural geometry and urban stillness. Recorded for archival permanence.

JOSH¹ Archive — Limited Edition Phygital Art Piece
Edition: 100% Cotton Rag Archival Fine-Art Print (300gsm)
Provenance: Solana Blockchain verified (JOSHSHOOT.SOL) -> Physical exhibition print via INPRNT

Collect the archive via link in bio
📸 iPhone 12 / Archival Capture
📍 Rotterdam (RTM) 🇳🇱
💎 Rarity: Common
⚡ On-Chain: JOSHSHOOT.SOL

.
.
.
#SolanaArt #SolanaNFT #StreetPhotography #ArchitecturalPhotography",JOSH1-23: Maastrict BBW,https://www.inprnt.com/gallery/joshuadenouden/josh1-23-maastrict-bbw/,Common,Rotterdam (RTM) 🇳🇱,iPhone 12 / Archival Capture
https://cdn.inprnt.com/thumbs/77/56/7756a6cf6a82c68eb84909fc454b2395@2x.jpg,"JOSH1-22: 1 Year of Winter
Architectural geometry and urban stillness. Recorded for archival permanence.

JOSH¹ Archive — Limited Edition Phygital Art Piece
Edition: 100% Cotton Rag Archival Fine-Art Print (300gsm)
Provenance: Solana Blockchain verified (JOSHSHOOT.SOL) -> Physical exhibition print via INPRNT

Collect the archive via link in bio
📸 iPhone 12 / Archival Capture
📍 Rotterdam (RTM) 🇳🇱
💎 Rarity: Common
⚡ On-Chain: JOSHSHOOT.SOL

.
.
.
#OnChainArt #ArtCollector #FineArtPrint #UrbanGeometry",JOSH1-22: 1 Year of Winter,https://www.inprnt.com/gallery/joshuadenouden/josh1-22-1-year-of-winter/,Common,Rotterdam (RTM) 🇳🇱,iPhone 12 / Archival Capture
https://cdn.inprnt.com/thumbs/ce/15/ce15a9944143ff6bf4482b39835bc3fe@2x.jpg,"JOSH1-21: Het Park in Autumn
Architectural geometry and urban stillness. Recorded for archival permanence.

JOSH¹ Archive — Limited Edition Phygital Art Piece
Edition: 100% Cotton Rag Archival Fine-Art Print (300gsm)
Provenance: Solana Blockchain verified (JOSHSHOOT.SOL) -> Physical exhibition print via INPRNT

Collect the archive via link in bio
📸 iPhone 12 / Archival Capture
📍 Rotterdam (RTM) 🇳🇱
💎 Rarity: Common
⚡ On-Chain: JOSHSHOOT.SOL

.
.
.
#UrbanGeometry #SolanaNFT #JOSHSHOOTPRINTS #ArchitecturalPhotography",JOSH1-21: Het Park in Autumn,https://www.inprnt.com/gallery/joshuadenouden/josh1-21-het-park-in-autumn/,Common,Rotterdam (RTM) 🇳🇱,iPhone 12 / Archival Capture
https://cdn.inprnt.com/thumbs/ea/72/ea72dec395ba18b3ca8dbac68c1a2dea@2x.jpg,"JOSH1-20: Flowers op de
Architectural geometry and urban stillness. Recorded for archival permanence.

JOSH¹ Archive — Limited Edition Phygital Art Piece
Edition: 100% Cotton Rag Archival Fine-Art Print (300gsm)
Provenance: Solana Blockchain verified (JOSHSHOOT.SOL) -> Physical exhibition print via INPRNT

Collect the archive via link in bio
📸 iPhone 12 / Archival Capture
📍 Rotterdam (RTM) 🇳🇱
💎 Rarity: Common
⚡ On-Chain: JOSHSHOOT.SOL

.
.
.
#BrutalistArchitecture #Industrial #ContemporaryCollector #OnChainArt",JOSH1-20: Flowers op de,https://www.inprnt.com/gallery/joshuadenouden/josh1-20-flowers-op-de/,Common,Rotterdam (RTM) 🇳🇱,iPhone 12 / Archival Capture
https://cdn.inprnt.com/thumbs/20/00/2000b39ed3750bbf112b4262be1a7f96@2x.jpg,"JOSH1-19: Mother and Kid
Architectural geometry and urban stillness. Recorded for archival permanence.

JOSH¹ Archive — Limited Edition Phygital Art Piece
Edition: 100% Cotton Rag Archival Fine-Art Print (300gsm)
Provenance: Solana Blockchain verified (JOSHSHOOT.SOL) -> Physical exhibition print via INPRNT

Collect the archive via link in bio
📸 iPhone 12 / Archival Capture
📍 Rotterdam (RTM) 🇳🇱
💎 Rarity: Common
⚡ On-Chain: JOSHSHOOT.SOL

.
.
.
#ContemporaryCollector #SolanaNFT #UrbanGeometry #FineArtPrint",JOSH1-19: Mother and Kid,https://www.inprnt.com/gallery/joshuadenouden/josh1-19-mother-and-kid/,Common,Rotterdam (RTM) 🇳🇱,iPhone 12 / Archival Capture
https://cdn.inprnt.com/thumbs/52/1b/521b9eb7414cc8f408e784ba425911f4@2x.jpg,"JOSH1-18: Birthday Cake
Architectural geometry and urban stillness. Recorded for archival permanence.

JOSH¹ Archive — Limited Edition Phygital Art Piece
Edition: 100% Cotton Rag Archival Fine-Art Print (300gsm)
Provenance: Solana Blockchain verified (JOSHSHOOT.SOL) -> Physical exhibition print via INPRNT

Collect the archive via link in bio
📸 iPhone 12 / Archival Capture
📍 Rotterdam (RTM) 🇳🇱
💎 Rarity: Common
⚡ On-Chain: JOSHSHOOT.SOL

.
.
.
#Industrial #INPRNT #MinimalistPhotography #SolanaNFT",JOSH1-18: Birthday Cake,https://www.inprnt.com/gallery/joshuadenouden/josh1-18-birthday-cake/,Common,Rotterdam (RTM) 🇳🇱,iPhone 12 / Archival Capture
https://cdn.inprnt.com/thumbs/9c/dc/9cdcf2b04000d70669a801b1eeb58a81@2x.jpg,"JOSH1-17: Arnhem Station
Urban transit and architectural scale. Kinetic movement recorded inside modern transport terminals.

JOSH¹ Archive — Limited Edition Phygital Art Piece
Edition: 100% Cotton Rag Archival Fine-Art Print (300gsm)
Provenance: Solana Blockchain verified (JOSHSHOOT.SOL) -> Physical exhibition print via INPRNT

Collect the archive via link in bio
📸 iPhone 12 / Archival Capture
📍 Rotterdam (RTM) 🇳🇱
💎 Rarity: Common
⚡ On-Chain: JOSHSHOOT.SOL

.
.
.
#FineArtPrint #SolanaArt #PhygitalArt #StreetPhotography",JOSH1-17: Arnhem Station,https://www.inprnt.com/gallery/joshuadenouden/josh1-17-arnhem-station/,Common,Rotterdam (RTM) 🇳🇱,iPhone 12 / Archival Capture
https://cdn.inprnt.com/thumbs/9d/67/9d675b9bfb333e3ac6aaea66538bc9e1@2x.jpg,"JOSH1-16: Zeitouna Bay
Architectural geometry and urban stillness. Recorded for archival permanence.

JOSH¹ Archive — Limited Edition Phygital Art Piece
Edition: 100% Cotton Rag Archival Fine-Art Print (300gsm)
Provenance: Solana Blockchain verified (JOSHSHOOT.SOL) -> Physical exhibition print via INPRNT

Collect the archive via link in bio
📸 iPhone 12 / Archival Capture
📍 Rotterdam (RTM) 🇳🇱
💎 Rarity: Common
⚡ On-Chain: JOSHSHOOT.SOL

.
.
.
#INPRNT #BrutalistArchitecture #ContemporaryCollector #FineArtPrint",JOSH1-16: Zeitouna Bay,https://www.inprnt.com/gallery/joshuadenouden/josh1-16-zeitouna-bay/,Common,Rotterdam (RTM) 🇳🇱,iPhone 12 / Archival Capture
https://cdn.inprnt.com/thumbs/bf/8a/bf8a6ca860fd219aca61bc75dfebf995@2x.jpg,"JOSH1-14: The Dirham Building
Architectural geometry and urban stillness. Recorded for archival permanence.

JOSH¹ Archive — Limited Edition Phygital Art Piece
Edition: 100% Cotton Rag Archival Fine-Art Print (300gsm)
Provenance: Solana Blockchain verified (JOSHSHOOT.SOL) -> Physical exhibition print via INPRNT

Collect the archive via link in bio
📸 iPhone 12 / Archival Capture
📍 Rotterdam (RTM) 🇳🇱
💎 Rarity: Common
⚡ On-Chain: JOSHSHOOT.SOL

.
.
.
#OnChainArt #StreetPhotography #JOSHSHOOTPRINTS #INPRNT",JOSH1-14: The Dirham Building,https://www.inprnt.com/gallery/joshuadenouden/josh1-14-the-dirham-building/,Common,Rotterdam (RTM) 🇳🇱,iPhone 12 / Archival Capture
https://cdn.inprnt.com/thumbs/ee/f0/eef024f6afe6c976266b815b4eb307ed@2x.jpg,"JOSH1-12:
Architectural geometry and urban stillness. Recorded for archival permanence.

JOSH¹ Archive — Limited Edition Phygital Art Piece
Edition: 100% Cotton Rag Archival Fine-Art Print (300gsm)
Provenance: Solana Blockchain verified (JOSHSHOOT.SOL) -> Physical exhibition print via INPRNT

Collect the archive via link in bio
📸 iPhone 12 / Archival Capture
📍 Rotterdam (RTM) 🇳🇱
💎 Rarity: Common
⚡ On-Chain: JOSHSHOOT.SOL

.
.
.
#StreetPhotography #SolanaNFT #PhygitalArt #ArchivalPrint",JOSH1-12:,https://www.inprnt.com/gallery/joshuadenouden/josh1-12-by-eli-rea/,Common,Rotterdam (RTM) 🇳🇱,iPhone 12 / Archival Capture
https://cdn.inprnt.com/thumbs/28/df/28dffa69cd36672be4e91f355bf64927@2x.jpg,"JOSH1-11: Black Blue
Architectural geometry and urban stillness. Recorded for archival permanence.

JOSH¹ Archive — Limited Edition Phygital Art Piece
Edition: 100% Cotton Rag Archival Fine-Art Print (300gsm)
Provenance: Solana Blockchain verified (JOSHSHOOT.SOL) -> Physical exhibition print via INPRNT

Collect the archive via link in bio
📸 iPhone 12 / Archival Capture
📍 Rotterdam (RTM) 🇳🇱
💎 Rarity: Common
⚡ On-Chain: JOSHSHOOT.SOL

.
.
.
#SolanaArt #ContemporaryCollector #BrutalistArchitecture #WallArtDecor",JOSH1-11: Black Blue,https://www.inprnt.com/gallery/joshuadenouden/josh1-11-black-blue/,Common,Rotterdam (RTM) 🇳🇱,iPhone 12 / Archival Capture
https://cdn.inprnt.com/thumbs/7f/82/7f82595a73825c16ae5fa1de1471fdcf@2x.jpg,"JOSH1-10: Sunflower
Architectural geometry and urban stillness. Recorded for archival permanence.

JOSH¹ Archive — Limited Edition Phygital Art Piece
Edition: 100% Cotton Rag Archival Fine-Art Print (300gsm)
Provenance: Solana Blockchain verified (JOSHSHOOT.SOL) -> Physical exhibition print via INPRNT

Collect the archive via link in bio
📸 iPhone 12 / Archival Capture
📍 Rotterdam (RTM) 🇳🇱
💎 Rarity: Common
⚡ On-Chain: JOSHSHOOT.SOL

.
.
.
#UrbanGeometry #ArchivalPrint #JOSHSHOOTPRINTS #SolanaArt",JOSH1-10: Sunflower,https://www.inprnt.com/gallery/joshuadenouden/josh1-10-sunflower-by/,Common,Rotterdam (RTM) 🇳🇱,iPhone 12 / Archival Capture
https://cdn.inprnt.com/thumbs/c9/2f/c92f156e7d0fb97f718e04cf17c00cf9@2x.jpg,"JOSH1-9: Lightning on iPhone
Architectural geometry and urban stillness. Recorded for archival permanence.

JOSH¹ Archive — Limited Edition Phygital Art Piece
Edition: 100% Cotton Rag Archival Fine-Art Print (300gsm)
Provenance: Solana Blockchain verified (JOSHSHOOT.SOL) -> Physical exhibition print via INPRNT

Collect the archive via link in bio
📸 iPhone 12 / Archival Capture
📍 Rotterdam (RTM) 🇳🇱
💎 Rarity: Common
⚡ On-Chain: JOSHSHOOT.SOL

.
.
.
#ArchitecturalPhotography #FineArtPrint #PhygitalArt #ArtCollector",JOSH1-9: Lightning on iPhone,https://www.inprnt.com/gallery/joshuadenouden/josh1-9-lightning-on-iphone/,Common,Rotterdam (RTM) 🇳🇱,iPhone 12 / Archival Capture
https://cdn.inprnt.com/thumbs/c8/29/c829979c846871a4ba0ef14d8ca960b5@2x.jpg,"JOSH1-8: 2nd Edition Spanish
Architectural geometry and urban stillness. Recorded for archival permanence.

JOSH¹ Archive — Limited Edition Phygital Art Piece
Edition: 100% Cotton Rag Archival Fine-Art Print (300gsm)
Provenance: Solana Blockchain verified (JOSHSHOOT.SOL) -> Physical exhibition print via INPRNT

Collect the archive via link in bio
📸 iPhone 12 / Archival Capture
📍 Rotterdam (RTM) 🇳🇱
💎 Rarity: Common
⚡ On-Chain: JOSHSHOOT.SOL

.
.
.
#FineArtPrint #SolanaNFT #PhygitalArt #ArchivalPrint",JOSH1-8: 2nd Edition Spanish,https://www.inprnt.com/gallery/joshuadenouden/josh1-8-2nd-edition-spanish/,Common,Rotterdam (RTM) 🇳🇱,iPhone 12 / Archival Capture
https://cdn.inprnt.com/thumbs/a9/05/a905a363391bf834cb89efdcfb38129d@2x.jpg,"JOSH1-6: Prague Castle Door
Architectural geometry and urban stillness. Recorded for archival permanence.

JOSH¹ Archive — Limited Edition Phygital Art Piece
Edition: 100% Cotton Rag Archival Fine-Art Print (300gsm)
Provenance: Solana Blockchain verified (JOSHSHOOT.SOL) -> Physical exhibition print via INPRNT

Collect the archive via link in bio
📸 iPhone 12 / Archival Capture
📍 Rotterdam (RTM) 🇳🇱
💎 Rarity: Common
⚡ On-Chain: JOSHSHOOT.SOL

.
.
.
#JOSHSHOOTPRINTS #Industrial #OnChainArt #StreetPhotography",JOSH1-6: Prague Castle Door,https://www.inprnt.com/gallery/joshuadenouden/josh1-6-prague-castle-door/,Common,Rotterdam (RTM) 🇳🇱,iPhone 12 / Archival Capture
https://cdn.inprnt.com/thumbs/1c/ef/1cef2626b141d14be3bd44f5f1bbb188@2x.jpg,"JOSH1-5: The Grand Place
Architectural geometry and urban stillness. Recorded for archival permanence.

JOSH¹ Archive — Limited Edition Phygital Art Piece
Edition: 100% Cotton Rag Archival Fine-Art Print (300gsm)
Provenance: Solana Blockchain verified (JOSHSHOOT.SOL) -> Physical exhibition print via INPRNT

Collect the archive via link in bio
📸 iPhone 12 / Archival Capture
📍 Rotterdam (RTM) 🇳🇱
💎 Rarity: Common
⚡ On-Chain: JOSHSHOOT.SOL

.
.
.
#ArchitecturalPhotography #ArtCollector #OnChainArt #WallArtDecor",JOSH1-5: The Grand Place,https://www.inprnt.com/gallery/joshuadenouden/josh1-5-the-grand-place/,Common,Rotterdam (RTM) 🇳🇱,iPhone 12 / Archival Capture
https://cdn.inprnt.com/thumbs/ec/d3/ecd383498f0ef581c68a6ebf86e6a913@2x.jpg,"JOSH1-4: JOSHSHOOT
Architectural geometry and urban stillness. Recorded for archival permanence.

JOSH¹ Archive — Limited Edition Phygital Art Piece
Edition: 100% Cotton Rag Archival Fine-Art Print (300gsm)
Provenance: Solana Blockchain verified (JOSHSHOOT.SOL) -> Physical exhibition print via INPRNT

Collect the archive via link in bio
📸 iPhone 12 / Archival Capture
📍 Rotterdam (RTM) 🇳🇱
💎 Rarity: Common
⚡ On-Chain: JOSHSHOOT.SOL

.
.
.
#WallArtDecor #ArchivalPrint #PhygitalArt #SolanaNFT",JOSH1-4: JOSHSHOOT,https://www.inprnt.com/gallery/joshuadenouden/josh1-4-joshshoot/,Common,Rotterdam (RTM) 🇳🇱,iPhone 12 / Archival Capture
https://cdn.inprnt.com/thumbs/9e/f3/9ef39a01167478753ec81478c069d1b9@2x.jpg,"JOSH1-3: The Man on the Cruise
Architectural geometry and urban stillness. Recorded for archival permanence.

JOSH¹ Archive — Limited Edition Phygital Art Piece
Edition: 100% Cotton Rag Archival Fine-Art Print (300gsm)
Provenance: Solana Blockchain verified (JOSHSHOOT.SOL) -> Physical exhibition print via INPRNT

Collect the archive via link in bio
📸 iPhone 12 / Archival Capture
📍 Rotterdam (RTM) 🇳🇱
💎 Rarity: Common
⚡ On-Chain: JOSHSHOOT.SOL

.
.
.
#ContemporaryCollector #StreetPhotography #OnChainArt #SolanaNFT",JOSH1-3: The Man on the Cruise,https://www.inprnt.com/gallery/joshuadenouden/josh1-3-the-man-on-the-cruise/,Common,Rotterdam (RTM) 🇳🇱,iPhone 12 / Archival Capture
https://cdn.inprnt.com/thumbs/0a/bb/0abb140bea0fa6aa14c6b072d2abd038@2x.jpg,"JOSH1-2: The Burj K
Architectural geometry and urban stillness. Recorded for archival permanence.

JOSH¹ Archive — Limited Edition Phygital Art Piece
Edition: 100% Cotton Rag Archival Fine-Art Print (300gsm)
Provenance: Solana Blockchain verified (JOSHSHOOT.SOL) -> Physical exhibition print via INPRNT

Collect the archive via link in bio
📸 iPhone 12 / Archival Capture
📍 Rotterdam (RTM) 🇳🇱
💎 Rarity: Common
⚡ On-Chain: JOSHSHOOT.SOL

.
.
.
#WallArtDecor #ArtCollector #ArchivalPrint #MinimalistPhotography",JOSH1-2: The Burj K,https://www.inprnt.com/gallery/joshuadenouden/josh1-2-the-burj-k/,Common,Rotterdam (RTM) 🇳🇱,iPhone 12 / Archival Capture
https://cdn.inprnt.com/thumbs/82/0d/820d9070ac115829731f2257d6fdbbbf@2x.jpg,"JOSH1-1: The AA THC Meeting
Architectural geometry and urban stillness. Recorded for archival permanence.

JOSH¹ Archive — Limited Edition Phygital Art Piece
Edition: 100% Cotton Rag Archival Fine-Art Print (300gsm)
Provenance: Solana Blockchain verified (JOSHSHOOT.SOL) -> Physical exhibition print via INPRNT

Collect the archive via link in bio
📸 iPhone 12 / Archival Capture
📍 Rotterdam (RTM) 🇳🇱
💎 Rarity: Common
⚡ On-Chain: JOSHSHOOT.SOL

.
.
.
#PhygitalArt #ContemporaryCollector #MinimalistPhotography #WallArtDecor",JOSH1-1: The AA THC Meeting,https://www.inprnt.com/gallery/joshuadenouden/josh1-1-the-aa-thc-meeting/,Common,Rotterdam (RTM) 🇳🇱,iPhone 12 / Archival Capture
