Title,Media URL,Pinterest Board,Thumbnail,Description,Link,Publish Date,Keywords
JOSH1-222: The Dutch Blue Man | JOSH¹ Archive Brutalist Photography & Phygital Art Print,https://cdn.inprnt.com/thumbs/74/b7/74b70fe8f76742d2cf8df9976a8b703a.jpg,JOSH¹ Archive // Phygital Photography Prints,https://cdn.inprnt.com/thumbs/74/b7/74b70fe8f76742d2cf8df9976a8b703a.jpg,"This is a Common rarity asset in the JOSH¹ Archive ('JOSH1-222: The Dutch Blue Man'). Exclusively available as a limited edition Phygital Art piece, bridging Solana blockchain provenance (JOSHSHOOT.SOL) and a gallery-quality physical print. Captured in Rotterdam (RTM) 🇳🇱. Rendered on 100% cotton rag archival paper with pigment inks via INPRNT. Collect the archive & explore global shipping: joshuadenouden21-hiuos.wordpress.com | https://www.inprnt.com/gallery/joshuadenouden/josh1-222-the-dutch-blue-man/ • #PhygitalArt #SolanaNFT #Industrial #BrutalistArchitecture #ArchitecturalPhotography #FineArtPrint #JOSHSHOOTPRINTS #WallArtDecor #INPRNT #ArtCollector",https://www.inprnt.com/gallery/joshuadenouden/josh1-222-the-dutch-blue-man/,,#PhygitalArt #SolanaNFT #Industrial #BrutalistArchitecture #ArchitecturalPhotography #FineArtPrint #JOSHSHOOTPRINTS #WallArtDecor #INPRNT #ArtCollector
JOSH1-221: I Think 56 Nights Crazy | JOSH¹ Archive Brutalist Photography & Phygital Art Print,https://cdn.inprnt.com/thumbs/ed/f3/edf3621d6449d3c63836639747d60c6d.jpg,JOSH¹ Archive // Phygital Photography Prints,https://cdn.inprnt.com/thumbs/ed/f3/edf3621d6449d3c63836639747d60c6d.jpg,"This is a Common rarity asset in the JOSH¹ Archive ('JOSH1-221: I Think 56 Nights Crazy'). Exclusively available as a limited edition Phygital Art piece, bridging Solana blockchain provenance (JOSHSHOOT.SOL) and a gallery-quality physical print. Captured in Rotterdam (RTM) 🇳🇱. Rendered on 100% cotton rag archival paper with pigment inks via INPRNT. Collect the archive & explore global shipping: joshuadenouden21-hiuos.wordpress.com | https://www.inprnt.com/gallery/joshuadenouden/josh1-221-i-think-56-nights-crazy/ • #PhygitalArt #SolanaNFT #Industrial #BrutalistArchitecture #ArchitecturalPhotography #FineArtPrint #JOSHSHOOTPRINTS #WallArtDecor #INPRNT #ArtCollector",https://www.inprnt.com/gallery/joshuadenouden/josh1-221-i-think-56-nights-crazy/,,#PhygitalArt #SolanaNFT #Industrial #BrutalistArchitecture #ArchitecturalPhotography #FineArtPrint #JOSHSHOOTPRINTS #WallArtDecor #INPRNT #ArtCollector
JOSH1-220: The Mall of Asia | JOSH¹ Archive Brutalist Photography & Phygital Art Print,https://cdn.inprnt.com/thumbs/01/3c/013c167b4f6b2d6b20c08f3c7b36975b.jpg,JOSH¹ Archive // Phygital Photography Prints,https://cdn.inprnt.com/thumbs/01/3c/013c167b4f6b2d6b20c08f3c7b36975b.jpg,"This is a Common rarity asset in the JOSH¹ Archive ('JOSH1-220: The Mall of Asia'). Exclusively available as a limited edition Phygital Art piece, bridging Solana blockchain provenance (JOSHSHOOT.SOL) and a gallery-quality physical print. Captured in Manila (MNL) 🇵🇭. Rendered on 100% cotton rag archival paper with pigment inks via INPRNT. Collect the archive & explore global shipping: joshuadenouden21-hiuos.wordpress.com | https://www.inprnt.com/gallery/joshuadenouden/josh1-220-the-mall-of-asia/ • #PhygitalArt #SolanaNFT #Industrial #BrutalistArchitecture #ArchitecturalPhotography #FineArtPrint #JOSHSHOOTPRINTS #WallArtDecor #INPRNT #ArtCollector",https://www.inprnt.com/gallery/joshuadenouden/josh1-220-the-mall-of-asia/,,#PhygitalArt #SolanaNFT #Industrial #BrutalistArchitecture #ArchitecturalPhotography #FineArtPrint #JOSHSHOOTPRINTS #WallArtDecor #INPRNT #ArtCollector
JOSH1-219: 36 hours in Turkey | JOSH¹ Archive Brutalist Photography & Phygital Art Print,https://cdn.inprnt.com/thumbs/1b/7f/1b7f10e3b0551cc6be92d115fef4af94.jpg,JOSH¹ Archive // Phygital Photography Prints,https://cdn.inprnt.com/thumbs/1b/7f/1b7f10e3b0551cc6be92d115fef4af94.jpg,"This is a Common rarity asset in the JOSH¹ Archive ('JOSH1-219: 36 hours in Turkey'). Exclusively available as a limited edition Phygital Art piece, bridging Solana blockchain provenance (JOSHSHOOT.SOL) and a gallery-quality physical print. Captured in Istanbul (IST) 🇹🇷. Rendered on 100% cotton rag archival paper with pigment inks via INPRNT. Collect the archive & explore global shipping: joshuadenouden21-hiuos.wordpress.com | https://www.inprnt.com/gallery/joshuadenouden/josh1-219-36-hours-in-turkey/ • #PhygitalArt #SolanaNFT #Industrial #BrutalistArchitecture #ArchitecturalPhotography #FineArtPrint #JOSHSHOOTPRINTS #WallArtDecor #INPRNT #ArtCollector",https://www.inprnt.com/gallery/joshuadenouden/josh1-219-36-hours-in-turkey/,,#PhygitalArt #SolanaNFT #Industrial #BrutalistArchitecture #ArchitecturalPhotography #FineArtPrint #JOSHSHOOTPRINTS #WallArtDecor #INPRNT #ArtCollector
JOSH1-218: No Swimming | JOSH¹ Archive Brutalist Photography & Phygital Art Print,https://cdn.inprnt.com/thumbs/a8/1e/a81e75c8e9f92a84e0a61bff0b6f26b3.jpg,JOSH¹ Archive // Phygital Photography Prints,https://cdn.inprnt.com/thumbs/a8/1e/a81e75c8e9f92a84e0a61bff0b6f26b3.jpg,"This is a Common rarity asset in the JOSH¹ Archive ('JOSH1-218: No Swimming'). Exclusively available as a limited edition Phygital Art piece, bridging Solana blockchain provenance (JOSHSHOOT.SOL) and a gallery-quality physical print. Captured in Rotterdam (RTM) 🇳🇱. Rendered on 100% cotton rag archival paper with pigment inks via INPRNT. Collect the archive & explore global shipping: joshuadenouden21-hiuos.wordpress.com | https://www.inprnt.com/gallery/joshuadenouden/josh1-218-no-swimming/ • #PhygitalArt #SolanaNFT #Industrial #BrutalistArchitecture #ArchitecturalPhotography #FineArtPrint #JOSHSHOOTPRINTS #WallArtDecor #INPRNT #ArtCollector",https://www.inprnt.com/gallery/joshuadenouden/josh1-218-no-swimming/,,#PhygitalArt #SolanaNFT #Industrial #BrutalistArchitecture #ArchitecturalPhotography #FineArtPrint #JOSHSHOOTPRINTS #WallArtDecor #INPRNT #ArtCollector
JOSH1-217: 7 Stars | JOSH¹ Archive Brutalist Photography & Phygital Art Print,https://cdn.inprnt.com/thumbs/31/3d/313de86d69c7026bb958264f352f1004.jpg,JOSH¹ Archive // Phygital Photography Prints,https://cdn.inprnt.com/thumbs/31/3d/313de86d69c7026bb958264f352f1004.jpg,"This is a Rare rarity asset in the JOSH¹ Archive ('JOSH1-217: 7 Stars'). Exclusively available as a limited edition Phygital Art piece, bridging Solana blockchain provenance (JOSHSHOOT.SOL) and a gallery-quality physical print. Captured in Rotterdam (RTM) 🇳🇱. Rendered on 100% cotton rag archival paper with pigment inks via INPRNT. Collect the archive & explore global shipping: joshuadenouden21-hiuos.wordpress.com | https://www.inprnt.com/gallery/joshuadenouden/josh1-217-7-stars/ • #PhygitalArt #SolanaNFT #Industrial #BrutalistArchitecture #ArchitecturalPhotography #FineArtPrint #JOSHSHOOTPRINTS #WallArtDecor #INPRNT #ArtCollector",https://www.inprnt.com/gallery/joshuadenouden/josh1-217-7-stars/,,#PhygitalArt #SolanaNFT #Industrial #BrutalistArchitecture #ArchitecturalPhotography #FineArtPrint #JOSHSHOOTPRINTS #WallArtDecor #INPRNT #ArtCollector
JOSH1-216: Numb | JOSH¹ Archive Brutalist Photography & Phygital Art Print,https://cdn.inprnt.com/thumbs/61/f9/61f987a5f2b3d11017aeb685b4d977ee.jpg,JOSH¹ Archive // Phygital Photography Prints,https://cdn.inprnt.com/thumbs/61/f9/61f987a5f2b3d11017aeb685b4d977ee.jpg,"This is a Common rarity asset in the JOSH¹ Archive ('JOSH1-216: Numb'). Exclusively available as a limited edition Phygital Art piece, bridging Solana blockchain provenance (JOSHSHOOT.SOL) and a gallery-quality physical print. Captured in Rotterdam (RTM) 🇳🇱. Rendered on 100% cotton rag archival paper with pigment inks via INPRNT. Collect the archive & explore global shipping: joshuadenouden21-hiuos.wordpress.com | https://www.inprnt.com/gallery/joshuadenouden/josh1-216-numb/ • #PhygitalArt #SolanaNFT #Industrial #BrutalistArchitecture #ArchitecturalPhotography #FineArtPrint #JOSHSHOOTPRINTS #WallArtDecor #INPRNT #ArtCollector",https://www.inprnt.com/gallery/joshuadenouden/josh1-216-numb/,,#PhygitalArt #SolanaNFT #Industrial #BrutalistArchitecture #ArchitecturalPhotography #FineArtPrint #JOSHSHOOTPRINTS #WallArtDecor #INPRNT #ArtCollector
JOSH1-215: Run Run | JOSH¹ Archive Brutalist Photography & Phygital Art Print,https://cdn.inprnt.com/thumbs/82/f4/82f44630a94ec0612662cd16294c8264.jpg,JOSH¹ Archive // Phygital Photography Prints,https://cdn.inprnt.com/thumbs/82/f4/82f44630a94ec0612662cd16294c8264.jpg,"This is a Common rarity asset in the JOSH¹ Archive ('JOSH1-215: Run Run'). Exclusively available as a limited edition Phygital Art piece, bridging Solana blockchain provenance (JOSHSHOOT.SOL) and a gallery-quality physical print. Captured in Rotterdam (RTM) 🇳🇱. Rendered on 100% cotton rag archival paper with pigment inks via INPRNT. Collect the archive & explore global shipping: joshuadenouden21-hiuos.wordpress.com | https://www.inprnt.com/gallery/joshuadenouden/josh1-215-run-run/ • #PhygitalArt #SolanaNFT #Industrial #BrutalistArchitecture #ArchitecturalPhotography #FineArtPrint #JOSHSHOOTPRINTS #WallArtDecor #INPRNT #ArtCollector",https://www.inprnt.com/gallery/joshuadenouden/josh1-215-run-run/,,#PhygitalArt #SolanaNFT #Industrial #BrutalistArchitecture #ArchitecturalPhotography #FineArtPrint #JOSHSHOOTPRINTS #WallArtDecor #INPRNT #ArtCollector
"JOSH1-214: Navy Red, White, Blue ... | JOSH¹ Archive Brutalist Photography & Phygital Art Print",https://cdn.inprnt.com/thumbs/3e/3e/3e3ed09b1aa80c04feef60ed487373e8.jpg,JOSH¹ Archive // Phygital Photography Prints,https://cdn.inprnt.com/thumbs/3e/3e/3e3ed09b1aa80c04feef60ed487373e8.jpg,"This is a Common rarity asset in the JOSH¹ Archive ('JOSH1-214: Navy Red, White, Blue ...'). Exclusively available as a limited edition Phygital Art piece, bridging Solana blockchain provenance (JOSHSHOOT.SOL) and a gallery-quality physical print. Captured in Rotterdam (RTM) 🇳🇱. Rendered on 100% cotton rag archival paper with pigment inks via INPRNT. Collect the archive & explore global shipping: joshuadenouden21-hiuos.wordpress.com | https://www.inprnt.com/gallery/joshuadenouden/josh1-214-navy-red-white-blue/ • #PhygitalArt #SolanaNFT #Industrial #BrutalistArchitecture #ArchitecturalPhotography #FineArtPrint #JOSHSHOOTPRINTS #WallArtDecor #INPRNT #ArtCollector",https://www.inprnt.com/gallery/joshuadenouden/josh1-214-navy-red-white-blue/,,#PhygitalArt #SolanaNFT #Industrial #BrutalistArchitecture #ArchitecturalPhotography #FineArtPrint #JOSHSHOOTPRINTS #WallArtDecor #INPRNT #ArtCollector
JOSH1-213: Stay Cool | JOSH¹ Archive Brutalist Photography & Phygital Art Print,https://cdn.inprnt.com/thumbs/b7/c1/b7c103ec0ef09a42d2c881639314c249.jpg,JOSH¹ Archive // Phygital Photography Prints,https://cdn.inprnt.com/thumbs/b7/c1/b7c103ec0ef09a42d2c881639314c249.jpg,"This is a Common rarity asset in the JOSH¹ Archive ('JOSH1-213: Stay Cool'). Exclusively available as a limited edition Phygital Art piece, bridging Solana blockchain provenance (JOSHSHOOT.SOL) and a gallery-quality physical print. Captured in Rotterdam (RTM) 🇳🇱. Rendered on 100% cotton rag archival paper with pigment inks via INPRNT. Collect the archive & explore global shipping: joshuadenouden21-hiuos.wordpress.com | https://www.inprnt.com/gallery/joshuadenouden/josh1-213-stay-cool/ • #PhygitalArt #SolanaNFT #Industrial #BrutalistArchitecture #ArchitecturalPhotography #FineArtPrint #JOSHSHOOTPRINTS #WallArtDecor #INPRNT #ArtCollector",https://www.inprnt.com/gallery/joshuadenouden/josh1-213-stay-cool/,,#PhygitalArt #SolanaNFT #Industrial #BrutalistArchitecture #ArchitecturalPhotography #FineArtPrint #JOSHSHOOTPRINTS #WallArtDecor #INPRNT #ArtCollector
JOSH1-212: Filipino Brutalism 2 | JOSH¹ Archive Brutalist Photography & Phygital Art Print,https://cdn.inprnt.com/thumbs/d3/95/d395ed9e1b341f2b7242e604bda4240f.jpg,JOSH¹ Archive // Phygital Photography Prints,https://cdn.inprnt.com/thumbs/d3/95/d395ed9e1b341f2b7242e604bda4240f.jpg,"This is a Common rarity asset in the JOSH¹ Archive ('JOSH1-212: Filipino Brutalism 2'). Exclusively available as a limited edition Phygital Art piece, bridging Solana blockchain provenance (JOSHSHOOT.SOL) and a gallery-quality physical print. Captured in Manila (MNL) 🇵🇭. Rendered on 100% cotton rag archival paper with pigment inks via INPRNT. Collect the archive & explore global shipping: joshuadenouden21-hiuos.wordpress.com | https://www.inprnt.com/gallery/joshuadenouden/josh1-212-filipino-brutalism-2/ • #PhygitalArt #SolanaNFT #Industrial #BrutalistArchitecture #ArchitecturalPhotography #FineArtPrint #JOSHSHOOTPRINTS #WallArtDecor #INPRNT #ArtCollector",https://www.inprnt.com/gallery/joshuadenouden/josh1-212-filipino-brutalism-2/,,#PhygitalArt #SolanaNFT #Industrial #BrutalistArchitecture #ArchitecturalPhotography #FineArtPrint #JOSHSHOOTPRINTS #WallArtDecor #INPRNT #ArtCollector
JOSH1-211: Keep Distance | JOSH¹ Archive Brutalist Photography & Phygital Art Print,https://cdn.inprnt.com/thumbs/45/0b/450bf77a376533b7bd7bd96d9b3070d3.jpg,JOSH¹ Archive // Phygital Photography Prints,https://cdn.inprnt.com/thumbs/45/0b/450bf77a376533b7bd7bd96d9b3070d3.jpg,"This is a Common rarity asset in the JOSH¹ Archive ('JOSH1-211: Keep Distance'). Exclusively available as a limited edition Phygital Art piece, bridging Solana blockchain provenance (JOSHSHOOT.SOL) and a gallery-quality physical print. Captured in Rotterdam (RTM) 🇳🇱. Rendered on 100% cotton rag archival paper with pigment inks via INPRNT. Collect the archive & explore global shipping: joshuadenouden21-hiuos.wordpress.com | https://www.inprnt.com/gallery/joshuadenouden/josh1-211-keep-distance/ • #PhygitalArt #SolanaNFT #Industrial #BrutalistArchitecture #ArchitecturalPhotography #FineArtPrint #JOSHSHOOTPRINTS #WallArtDecor #INPRNT #ArtCollector",https://www.inprnt.com/gallery/joshuadenouden/josh1-211-keep-distance/,,#PhygitalArt #SolanaNFT #Industrial #BrutalistArchitecture #ArchitecturalPhotography #FineArtPrint #JOSHSHOOTPRINTS #WallArtDecor #INPRNT #ArtCollector
JOSH1-210: No Rights Yield | JOSH¹ Archive Brutalist Photography & Phygital Art Print,https://cdn.inprnt.com/thumbs/c6/55/c655a29127fd7dc2bd0dd4de9ef7a947.jpg,JOSH¹ Archive // Phygital Photography Prints,https://cdn.inprnt.com/thumbs/c6/55/c655a29127fd7dc2bd0dd4de9ef7a947.jpg,"This is a Common rarity asset in the JOSH¹ Archive ('JOSH1-210: No Rights Yield'). Exclusively available as a limited edition Phygital Art piece, bridging Solana blockchain provenance (JOSHSHOOT.SOL) and a gallery-quality physical print. Captured in Rotterdam (RTM) 🇳🇱. Rendered on 100% cotton rag archival paper with pigment inks via INPRNT. Collect the archive & explore global shipping: joshuadenouden21-hiuos.wordpress.com | https://www.inprnt.com/gallery/joshuadenouden/josh1-210-no-rights-yield/ • #PhygitalArt #SolanaNFT #Industrial #BrutalistArchitecture #ArchitecturalPhotography #FineArtPrint #JOSHSHOOTPRINTS #WallArtDecor #INPRNT #ArtCollector",https://www.inprnt.com/gallery/joshuadenouden/josh1-210-no-rights-yield/,,#PhygitalArt #SolanaNFT #Industrial #BrutalistArchitecture #ArchitecturalPhotography #FineArtPrint #JOSHSHOOTPRINTS #WallArtDecor #INPRNT #ArtCollector
JOSH1-209: Manila Ice | JOSH¹ Archive Brutalist Photography & Phygital Art Print,https://cdn.inprnt.com/thumbs/de/f2/def217625c50d2cd397e82b5b1078c7d.jpg,JOSH¹ Archive // Phygital Photography Prints,https://cdn.inprnt.com/thumbs/de/f2/def217625c50d2cd397e82b5b1078c7d.jpg,"This is a Common rarity asset in the JOSH¹ Archive ('JOSH1-209: Manila Ice'). Exclusively available as a limited edition Phygital Art piece, bridging Solana blockchain provenance (JOSHSHOOT.SOL) and a gallery-quality physical print. Captured in Rotterdam (RTM) 🇳🇱. Rendered on 100% cotton rag archival paper with pigment inks via INPRNT. Collect the archive & explore global shipping: joshuadenouden21-hiuos.wordpress.com | https://www.inprnt.com/gallery/joshuadenouden/josh1-209-manila-ice/ • #PhygitalArt #SolanaNFT #Industrial #BrutalistArchitecture #ArchitecturalPhotography #FineArtPrint #JOSHSHOOTPRINTS #WallArtDecor #INPRNT #ArtCollector",https://www.inprnt.com/gallery/joshuadenouden/josh1-209-manila-ice/,,#PhygitalArt #SolanaNFT #Industrial #BrutalistArchitecture #ArchitecturalPhotography #FineArtPrint #JOSHSHOOTPRINTS #WallArtDecor #INPRNT #ArtCollector
JOSH1-208: Jolli B Ee | JOSH¹ Archive Brutalist Photography & Phygital Art Print,https://cdn.inprnt.com/thumbs/67/cb/67cbe309b326c7f6c63813db1e93110b.jpg,JOSH¹ Archive // Phygital Photography Prints,https://cdn.inprnt.com/thumbs/67/cb/67cbe309b326c7f6c63813db1e93110b.jpg,"This is a Common rarity asset in the JOSH¹ Archive ('JOSH1-208: Jolli B Ee'). Exclusively available as a limited edition Phygital Art piece, bridging Solana blockchain provenance (JOSHSHOOT.SOL) and a gallery-quality physical print. Captured in Rotterdam (RTM) 🇳🇱. Rendered on 100% cotton rag archival paper with pigment inks via INPRNT. Collect the archive & explore global shipping: joshuadenouden21-hiuos.wordpress.com | https://www.inprnt.com/gallery/joshuadenouden/josh1-208-jolli-b-ee/ • #PhygitalArt #SolanaNFT #Industrial #BrutalistArchitecture #ArchitecturalPhotography #FineArtPrint #JOSHSHOOTPRINTS #WallArtDecor #INPRNT #ArtCollector",https://www.inprnt.com/gallery/joshuadenouden/josh1-208-jolli-b-ee/,,#PhygitalArt #SolanaNFT #Industrial #BrutalistArchitecture #ArchitecturalPhotography #FineArtPrint #JOSHSHOOTPRINTS #WallArtDecor #INPRNT #ArtCollector
JOSH1-207: Town Center | JOSH¹ Archive Brutalist Photography & Phygital Art Print,https://cdn.inprnt.com/thumbs/64/af/64aff7180aec64d067b1a17af8dcc544.jpg,JOSH¹ Archive // Phygital Photography Prints,https://cdn.inprnt.com/thumbs/64/af/64aff7180aec64d067b1a17af8dcc544.jpg,"This is a Common rarity asset in the JOSH¹ Archive ('JOSH1-207: Town Center'). Exclusively available as a limited edition Phygital Art piece, bridging Solana blockchain provenance (JOSHSHOOT.SOL) and a gallery-quality physical print. Captured in Rotterdam (RTM) 🇳🇱. Rendered on 100% cotton rag archival paper with pigment inks via INPRNT. Collect the archive & explore global shipping: joshuadenouden21-hiuos.wordpress.com | https://www.inprnt.com/gallery/joshuadenouden/josh1-207-town-center/ • #PhygitalArt #SolanaNFT #Industrial #BrutalistArchitecture #ArchitecturalPhotography #FineArtPrint #JOSHSHOOTPRINTS #WallArtDecor #INPRNT #ArtCollector",https://www.inprnt.com/gallery/joshuadenouden/josh1-207-town-center/,,#PhygitalArt #SolanaNFT #Industrial #BrutalistArchitecture #ArchitecturalPhotography #FineArtPrint #JOSHSHOOTPRINTS #WallArtDecor #INPRNT #ArtCollector
JOSH1-206: The Sere Records | JOSH¹ Archive Brutalist Photography & Phygital Art Print,https://cdn.inprnt.com/thumbs/64/68/64689401d62bceede08697f5dffd607b.jpg,JOSH¹ Archive // Phygital Photography Prints,https://cdn.inprnt.com/thumbs/64/68/64689401d62bceede08697f5dffd607b.jpg,"This is a Common rarity asset in the JOSH¹ Archive ('JOSH1-206: The Sere Records'). Exclusively available as a limited edition Phygital Art piece, bridging Solana blockchain provenance (JOSHSHOOT.SOL) and a gallery-quality physical print. Captured in Rotterdam (RTM) 🇳🇱. Rendered on 100% cotton rag archival paper with pigment inks via INPRNT. Collect the archive & explore global shipping: joshuadenouden21-hiuos.wordpress.com | https://www.inprnt.com/gallery/joshuadenouden/josh1-206-the-sere-records/ • #PhygitalArt #SolanaNFT #Industrial #BrutalistArchitecture #ArchitecturalPhotography #FineArtPrint #JOSHSHOOTPRINTS #WallArtDecor #INPRNT #ArtCollector",https://www.inprnt.com/gallery/joshuadenouden/josh1-206-the-sere-records/,,#PhygitalArt #SolanaNFT #Industrial #BrutalistArchitecture #ArchitecturalPhotography #FineArtPrint #JOSHSHOOTPRINTS #WallArtDecor #INPRNT #ArtCollector
JOSH1-205: The Cube | JOSH¹ Archive Brutalist Photography & Phygital Art Print,https://cdn.inprnt.com/thumbs/ce/a6/cea63b98b3e023eaf3b1c47c27b6b414.jpg,JOSH¹ Archive // Phygital Photography Prints,https://cdn.inprnt.com/thumbs/ce/a6/cea63b98b3e023eaf3b1c47c27b6b414.jpg,"This is a Common rarity asset in the JOSH¹ Archive ('JOSH1-205: The Cube'). Exclusively available as a limited edition Phygital Art piece, bridging Solana blockchain provenance (JOSHSHOOT.SOL) and a gallery-quality physical print. Captured in Rotterdam (RTM) 🇳🇱. Rendered on 100% cotton rag archival paper with pigment inks via INPRNT. Collect the archive & explore global shipping: joshuadenouden21-hiuos.wordpress.com | https://www.inprnt.com/gallery/joshuadenouden/josh1-205-the-cube/ • #PhygitalArt #SolanaNFT #Industrial #BrutalistArchitecture #ArchitecturalPhotography #FineArtPrint #JOSHSHOOTPRINTS #WallArtDecor #INPRNT #ArtCollector",https://www.inprnt.com/gallery/joshuadenouden/josh1-205-the-cube/,,#PhygitalArt #SolanaNFT #Industrial #BrutalistArchitecture #ArchitecturalPhotography #FineArtPrint #JOSHSHOOTPRINTS #WallArtDecor #INPRNT #ArtCollector
JOSH1-204: The Cube Houses | JOSH¹ Archive Brutalist Photography & Phygital Art Print,https://cdn.inprnt.com/thumbs/6e/1e/6e1e5699c57d62e6c8d71186ec83f3e5.jpg,JOSH¹ Archive // Phygital Photography Prints,https://cdn.inprnt.com/thumbs/6e/1e/6e1e5699c57d62e6c8d71186ec83f3e5.jpg,"This is a Common rarity asset in the JOSH¹ Archive ('JOSH1-204: The Cube Houses'). Exclusively available as a limited edition Phygital Art piece, bridging Solana blockchain provenance (JOSHSHOOT.SOL) and a gallery-quality physical print. Captured in Rotterdam (RTM) 🇳🇱. Rendered on 100% cotton rag archival paper with pigment inks via INPRNT. Collect the archive & explore global shipping: joshuadenouden21-hiuos.wordpress.com | https://www.inprnt.com/gallery/joshuadenouden/josh1-204-the-cube-houses/ • #PhygitalArt #SolanaNFT #Industrial #BrutalistArchitecture #ArchitecturalPhotography #FineArtPrint #JOSHSHOOTPRINTS #WallArtDecor #INPRNT #ArtCollector",https://www.inprnt.com/gallery/joshuadenouden/josh1-204-the-cube-houses/,,#PhygitalArt #SolanaNFT #Industrial #BrutalistArchitecture #ArchitecturalPhotography #FineArtPrint #JOSHSHOOTPRINTS #WallArtDecor #INPRNT #ArtCollector
JOSH1-203: The Peak of Christianity | JOSH¹ Archive Brutalist Photography & Phygital Art Print,https://cdn.inprnt.com/thumbs/fd/35/fd3523912c1fd88ac15b3c1fae572839.jpg,JOSH¹ Archive // Phygital Photography Prints,https://cdn.inprnt.com/thumbs/fd/35/fd3523912c1fd88ac15b3c1fae572839.jpg,"This is a Common rarity asset in the JOSH¹ Archive ('JOSH1-203: The Peak of Christianity'). Exclusively available as a limited edition Phygital Art piece, bridging Solana blockchain provenance (JOSHSHOOT.SOL) and a gallery-quality physical print. Captured in Rotterdam (RTM) 🇳🇱. Rendered on 100% cotton rag archival paper with pigment inks via INPRNT. Collect the archive & explore global shipping: joshuadenouden21-hiuos.wordpress.com | https://www.inprnt.com/gallery/joshuadenouden/josh1-203-the-peak-of-christianity/ • #PhygitalArt #SolanaNFT #Industrial #BrutalistArchitecture #ArchitecturalPhotography #FineArtPrint #JOSHSHOOTPRINTS #WallArtDecor #INPRNT #ArtCollector",https://www.inprnt.com/gallery/joshuadenouden/josh1-203-the-peak-of-christianity/,,#PhygitalArt #SolanaNFT #Industrial #BrutalistArchitecture #ArchitecturalPhotography #FineArtPrint #JOSHSHOOTPRINTS #WallArtDecor #INPRNT #ArtCollector
JOSH1-202: Brighton Bird | JOSH¹ Archive Brutalist Photography & Phygital Art Print,https://cdn.inprnt.com/thumbs/66/7a/667afde80604059fb4933022d7a4edb8.jpg,JOSH¹ Archive // Phygital Photography Prints,https://cdn.inprnt.com/thumbs/66/7a/667afde80604059fb4933022d7a4edb8.jpg,"This is a Common rarity asset in the JOSH¹ Archive ('JOSH1-202: Brighton Bird'). Exclusively available as a limited edition Phygital Art piece, bridging Solana blockchain provenance (JOSHSHOOT.SOL) and a gallery-quality physical print. Captured in Rotterdam (RTM) 🇳🇱. Rendered on 100% cotton rag archival paper with pigment inks via INPRNT. Collect the archive & explore global shipping: joshuadenouden21-hiuos.wordpress.com | https://www.inprnt.com/gallery/joshuadenouden/josh1-202-brighton-bird/ • #PhygitalArt #SolanaNFT #Industrial #BrutalistArchitecture #ArchitecturalPhotography #FineArtPrint #JOSHSHOOTPRINTS #WallArtDecor #INPRNT #ArtCollector",https://www.inprnt.com/gallery/joshuadenouden/josh1-202-brighton-bird/,,#PhygitalArt #SolanaNFT #Industrial #BrutalistArchitecture #ArchitecturalPhotography #FineArtPrint #JOSHSHOOTPRINTS #WallArtDecor #INPRNT #ArtCollector
JOSH1-201: Spanish Times | JOSH¹ Archive Brutalist Photography & Phygital Art Print,https://cdn.inprnt.com/thumbs/32/c1/32c1d8235825fb63ad187f36701a51f0.jpg,JOSH¹ Archive // Phygital Photography Prints,https://cdn.inprnt.com/thumbs/32/c1/32c1d8235825fb63ad187f36701a51f0.jpg,"This is a Common rarity asset in the JOSH¹ Archive ('JOSH1-201: Spanish Times'). Exclusively available as a limited edition Phygital Art piece, bridging Solana blockchain provenance (JOSHSHOOT.SOL) and a gallery-quality physical print. Captured in Rotterdam (RTM) 🇳🇱. Rendered on 100% cotton rag archival paper with pigment inks via INPRNT. Collect the archive & explore global shipping: joshuadenouden21-hiuos.wordpress.com | https://www.inprnt.com/gallery/joshuadenouden/josh1-201-spanish-times/ • #PhygitalArt #SolanaNFT #Industrial #BrutalistArchitecture #ArchitecturalPhotography #FineArtPrint #JOSHSHOOTPRINTS #WallArtDecor #INPRNT #ArtCollector",https://www.inprnt.com/gallery/joshuadenouden/josh1-201-spanish-times/,,#PhygitalArt #SolanaNFT #Industrial #BrutalistArchitecture #ArchitecturalPhotography #FineArtPrint #JOSHSHOOTPRINTS #WallArtDecor #INPRNT #ArtCollector
JOSH1-200: L$D | JOSH¹ Archive Brutalist Photography & Phygital Art Print,https://cdn.inprnt.com/thumbs/8c/89/8c893118611994477bb8537676c0c316.jpg,JOSH¹ Archive // Phygital Photography Prints,https://cdn.inprnt.com/thumbs/8c/89/8c893118611994477bb8537676c0c316.jpg,"This is a Common rarity asset in the JOSH¹ Archive ('JOSH1-200: L$D'). Exclusively available as a limited edition Phygital Art piece, bridging Solana blockchain provenance (JOSHSHOOT.SOL) and a gallery-quality physical print. Captured in Rotterdam (RTM) 🇳🇱. Rendered on 100% cotton rag archival paper with pigment inks via INPRNT. Collect the archive & explore global shipping: joshuadenouden21-hiuos.wordpress.com | https://www.inprnt.com/gallery/joshuadenouden/josh1-200-ld/ • #PhygitalArt #SolanaNFT #Industrial #BrutalistArchitecture #ArchitecturalPhotography #FineArtPrint #JOSHSHOOTPRINTS #WallArtDecor #INPRNT #ArtCollector",https://www.inprnt.com/gallery/joshuadenouden/josh1-200-ld/,,#PhygitalArt #SolanaNFT #Industrial #BrutalistArchitecture #ArchitecturalPhotography #FineArtPrint #JOSHSHOOTPRINTS #WallArtDecor #INPRNT #ArtCollector
JOSH1-199: Overlooker | JOSH¹ Archive Brutalist Photography & Phygital Art Print,https://cdn.inprnt.com/thumbs/e7/79/e77989f9b6ddd2d5be21998604d42065.jpg,JOSH¹ Archive // Phygital Photography Prints,https://cdn.inprnt.com/thumbs/e7/79/e77989f9b6ddd2d5be21998604d42065.jpg,"This is a Common rarity asset in the JOSH¹ Archive ('JOSH1-199: Overlooker'). Exclusively available as a limited edition Phygital Art piece, bridging Solana blockchain provenance (JOSHSHOOT.SOL) and a gallery-quality physical print. Captured in Rotterdam (RTM) 🇳🇱. Rendered on 100% cotton rag archival paper with pigment inks via INPRNT. Collect the archive & explore global shipping: joshuadenouden21-hiuos.wordpress.com | https://www.inprnt.com/gallery/joshuadenouden/josh1-199-overlooker/ • #PhygitalArt #SolanaNFT #Industrial #BrutalistArchitecture #ArchitecturalPhotography #FineArtPrint #JOSHSHOOTPRINTS #WallArtDecor #INPRNT #ArtCollector",https://www.inprnt.com/gallery/joshuadenouden/josh1-199-overlooker/,,#PhygitalArt #SolanaNFT #Industrial #BrutalistArchitecture #ArchitecturalPhotography #FineArtPrint #JOSHSHOOTPRINTS #WallArtDecor #INPRNT #ArtCollector
JOSH1-198: KP's Window | JOSH¹ Archive Brutalist Photography & Phygital Art Print,https://cdn.inprnt.com/thumbs/5b/d5/5bd54671b4caf9604ab21cf9769d90ba.jpg,JOSH¹ Archive // Phygital Photography Prints,https://cdn.inprnt.com/thumbs/5b/d5/5bd54671b4caf9604ab21cf9769d90ba.jpg,"This is a Common rarity asset in the JOSH¹ Archive ('JOSH1-198: KP's Window'). Exclusively available as a limited edition Phygital Art piece, bridging Solana blockchain provenance (JOSHSHOOT.SOL) and a gallery-quality physical print. Captured in Rotterdam (RTM) 🇳🇱. Rendered on 100% cotton rag archival paper with pigment inks via INPRNT. Collect the archive & explore global shipping: joshuadenouden21-hiuos.wordpress.com | https://www.inprnt.com/gallery/joshuadenouden/josh1-198-kps-window/ • #PhygitalArt #SolanaNFT #Industrial #BrutalistArchitecture #ArchitecturalPhotography #FineArtPrint #JOSHSHOOTPRINTS #WallArtDecor #INPRNT #ArtCollector",https://www.inprnt.com/gallery/joshuadenouden/josh1-198-kps-window/,,#PhygitalArt #SolanaNFT #Industrial #BrutalistArchitecture #ArchitecturalPhotography #FineArtPrint #JOSHSHOOTPRINTS #WallArtDecor #INPRNT #ArtCollector
"JOSH1-197: Maritime Museum, Rotterdam | JOSH¹ Archive Brutalist Photography & Phygital Art Print",https://cdn.inprnt.com/thumbs/0a/9b/0a9b0c37ec23fd973eb1888c3d6ed1b6.jpg,JOSH¹ Archive // Phygital Photography Prints,https://cdn.inprnt.com/thumbs/0a/9b/0a9b0c37ec23fd973eb1888c3d6ed1b6.jpg,"This is a Common rarity asset in the JOSH¹ Archive ('JOSH1-197: Maritime Museum, Rotterdam'). Exclusively available as a limited edition Phygital Art piece, bridging Solana blockchain provenance (JOSHSHOOT.SOL) and a gallery-quality physical print. Captured in Rotterdam (RTM) 🇳🇱. Rendered on 100% cotton rag archival paper with pigment inks via INPRNT. Collect the archive & explore global shipping: joshuadenouden21-hiuos.wordpress.com | https://www.inprnt.com/gallery/joshuadenouden/josh1-197-maritime-museum-rotterdam/ • #PhygitalArt #SolanaNFT #Industrial #BrutalistArchitecture #ArchitecturalPhotography #FineArtPrint #JOSHSHOOTPRINTS #WallArtDecor #INPRNT #ArtCollector",https://www.inprnt.com/gallery/joshuadenouden/josh1-197-maritime-museum-rotterdam/,,#PhygitalArt #SolanaNFT #Industrial #BrutalistArchitecture #ArchitecturalPhotography #FineArtPrint #JOSHSHOOTPRINTS #WallArtDecor #INPRNT #ArtCollector
"JOSH1-196: Damstraatjes, Amsterdam | JOSH¹ Archive Brutalist Photography & Phygital Art Print",https://cdn.inprnt.com/thumbs/a9/c0/a9c00a349dac5e4a6f53c8f764bcdbbf.jpg,JOSH¹ Archive // Phygital Photography Prints,https://cdn.inprnt.com/thumbs/a9/c0/a9c00a349dac5e4a6f53c8f764bcdbbf.jpg,"This is a Common rarity asset in the JOSH¹ Archive ('JOSH1-196: Damstraatjes, Amsterdam'). Exclusively available as a limited edition Phygital Art piece, bridging Solana blockchain provenance (JOSHSHOOT.SOL) and a gallery-quality physical print. Captured in Rotterdam (RTM) 🇳🇱. Rendered on 100% cotton rag archival paper with pigment inks via INPRNT. Collect the archive & explore global shipping: joshuadenouden21-hiuos.wordpress.com | https://www.inprnt.com/gallery/joshuadenouden/josh1-196-damstraatjes-amsterdam/ • #PhygitalArt #SolanaNFT #Industrial #BrutalistArchitecture #ArchitecturalPhotography #FineArtPrint #JOSHSHOOTPRINTS #WallArtDecor #INPRNT #ArtCollector",https://www.inprnt.com/gallery/joshuadenouden/josh1-196-damstraatjes-amsterdam/,,#PhygitalArt #SolanaNFT #Industrial #BrutalistArchitecture #ArchitecturalPhotography #FineArtPrint #JOSHSHOOTPRINTS #WallArtDecor #INPRNT #ArtCollector
JOSH1-195: Scheepmakerskade 135 | JOSH¹ Archive Brutalist Photography & Phygital Art Print,https://cdn.inprnt.com/thumbs/0b/0a/0b0a4ed82d9a6698d4e1f7329b55fe05.jpg,JOSH¹ Archive // Phygital Photography Prints,https://cdn.inprnt.com/thumbs/0b/0a/0b0a4ed82d9a6698d4e1f7329b55fe05.jpg,"This is a Common rarity asset in the JOSH¹ Archive ('JOSH1-195: Scheepmakerskade 135'). Exclusively available as a limited edition Phygital Art piece, bridging Solana blockchain provenance (JOSHSHOOT.SOL) and a gallery-quality physical print. Captured in Rotterdam (RTM) 🇳🇱. Rendered on 100% cotton rag archival paper with pigment inks via INPRNT. Collect the archive & explore global shipping: joshuadenouden21-hiuos.wordpress.com | https://www.inprnt.com/gallery/joshuadenouden/josh1-195-scheepmakerskade-135/ • #PhygitalArt #SolanaNFT #Industrial #BrutalistArchitecture #ArchitecturalPhotography #FineArtPrint #JOSHSHOOTPRINTS #WallArtDecor #INPRNT #ArtCollector",https://www.inprnt.com/gallery/joshuadenouden/josh1-195-scheepmakerskade-135/,,#PhygitalArt #SolanaNFT #Industrial #BrutalistArchitecture #ArchitecturalPhotography #FineArtPrint #JOSHSHOOTPRINTS #WallArtDecor #INPRNT #ArtCollector
JOSH1-194: Van Gogh Museum | JOSH¹ Archive Brutalist Photography & Phygital Art Print,https://cdn.inprnt.com/thumbs/ca/8f/ca8fd3f6c99535f43d2d5a6ba3bfa46f.jpg,JOSH¹ Archive // Phygital Photography Prints,https://cdn.inprnt.com/thumbs/ca/8f/ca8fd3f6c99535f43d2d5a6ba3bfa46f.jpg,"This is a Common rarity asset in the JOSH¹ Archive ('JOSH1-194: Van Gogh Museum'). Exclusively available as a limited edition Phygital Art piece, bridging Solana blockchain provenance (JOSHSHOOT.SOL) and a gallery-quality physical print. Captured in Rotterdam (RTM) 🇳🇱. Rendered on 100% cotton rag archival paper with pigment inks via INPRNT. Collect the archive & explore global shipping: joshuadenouden21-hiuos.wordpress.com | https://www.inprnt.com/gallery/joshuadenouden/josh1-194-van-gogh-museum/ • #PhygitalArt #SolanaNFT #Industrial #BrutalistArchitecture #ArchitecturalPhotography #FineArtPrint #JOSHSHOOTPRINTS #WallArtDecor #INPRNT #ArtCollector",https://www.inprnt.com/gallery/joshuadenouden/josh1-194-van-gogh-museum/,,#PhygitalArt #SolanaNFT #Industrial #BrutalistArchitecture #ArchitecturalPhotography #FineArtPrint #JOSHSHOOTPRINTS #WallArtDecor #INPRNT #ArtCollector
JOSH1-193: Praise The Lord | JOSH¹ Archive Brutalist Photography & Phygital Art Print,https://cdn.inprnt.com/thumbs/c9/60/c9600baaedd080234941b8162bec669a.jpg,JOSH¹ Archive // Phygital Photography Prints,https://cdn.inprnt.com/thumbs/c9/60/c9600baaedd080234941b8162bec669a.jpg,"This is a Common rarity asset in the JOSH¹ Archive ('JOSH1-193: Praise The Lord'). Exclusively available as a limited edition Phygital Art piece, bridging Solana blockchain provenance (JOSHSHOOT.SOL) and a gallery-quality physical print. Captured in Rotterdam (RTM) 🇳🇱. Rendered on 100% cotton rag archival paper with pigment inks via INPRNT. Collect the archive & explore global shipping: joshuadenouden21-hiuos.wordpress.com | https://www.inprnt.com/gallery/joshuadenouden/josh1-193-praise-the-lord/ • #PhygitalArt #SolanaNFT #Industrial #BrutalistArchitecture #ArchitecturalPhotography #FineArtPrint #JOSHSHOOTPRINTS #WallArtDecor #INPRNT #ArtCollector",https://www.inprnt.com/gallery/joshuadenouden/josh1-193-praise-the-lord/,,#PhygitalArt #SolanaNFT #Industrial #BrutalistArchitecture #ArchitecturalPhotography #FineArtPrint #JOSHSHOOTPRINTS #WallArtDecor #INPRNT #ArtCollector
JOSH1-192: Mono Closing Party 22' | JOSH¹ Archive Brutalist Photography & Phygital Art Print,https://cdn.inprnt.com/thumbs/a9/3c/a93cf3d0c8a257a61f72519f122664fb.jpg,JOSH¹ Archive // Phygital Photography Prints,https://cdn.inprnt.com/thumbs/a9/3c/a93cf3d0c8a257a61f72519f122664fb.jpg,"This is a Common rarity asset in the JOSH¹ Archive ('JOSH1-192: Mono Closing Party 22''). Exclusively available as a limited edition Phygital Art piece, bridging Solana blockchain provenance (JOSHSHOOT.SOL) and a gallery-quality physical print. Captured in Rotterdam (RTM) 🇳🇱. Rendered on 100% cotton rag archival paper with pigment inks via INPRNT. Collect the archive & explore global shipping: joshuadenouden21-hiuos.wordpress.com | https://www.inprnt.com/gallery/joshuadenouden/josh1-192-mono-closing-party-22/ • #PhygitalArt #SolanaNFT #Industrial #BrutalistArchitecture #ArchitecturalPhotography #FineArtPrint #JOSHSHOOTPRINTS #WallArtDecor #INPRNT #ArtCollector",https://www.inprnt.com/gallery/joshuadenouden/josh1-192-mono-closing-party-22/,,#PhygitalArt #SolanaNFT #Industrial #BrutalistArchitecture #ArchitecturalPhotography #FineArtPrint #JOSHSHOOTPRINTS #WallArtDecor #INPRNT #ArtCollector
JOSH1-191: A's Station | JOSH¹ Archive Brutalist Photography & Phygital Art Print,https://cdn.inprnt.com/thumbs/80/3c/803c399de7acca585ff3f764089424d6.jpg,JOSH¹ Archive // Phygital Photography Prints,https://cdn.inprnt.com/thumbs/80/3c/803c399de7acca585ff3f764089424d6.jpg,"This is a Common rarity asset in the JOSH¹ Archive ('JOSH1-191: A's Station'). Exclusively available as a limited edition Phygital Art piece, bridging Solana blockchain provenance (JOSHSHOOT.SOL) and a gallery-quality physical print. Captured in Rotterdam (RTM) 🇳🇱. Rendered on 100% cotton rag archival paper with pigment inks via INPRNT. Collect the archive & explore global shipping: joshuadenouden21-hiuos.wordpress.com | https://www.inprnt.com/gallery/joshuadenouden/josh1-191-as-station/ • #PhygitalArt #SolanaNFT #Industrial #BrutalistArchitecture #ArchitecturalPhotography #FineArtPrint #JOSHSHOOTPRINTS #WallArtDecor #INPRNT #ArtCollector",https://www.inprnt.com/gallery/joshuadenouden/josh1-191-as-station/,,#PhygitalArt #SolanaNFT #Industrial #BrutalistArchitecture #ArchitecturalPhotography #FineArtPrint #JOSHSHOOTPRINTS #WallArtDecor #INPRNT #ArtCollector
JOSH1-190: Leeds University | JOSH¹ Archive Brutalist Photography & Phygital Art Print,https://cdn.inprnt.com/thumbs/cf/81/cf815e5dceefd6359ede7173c6efe4dd.jpg,JOSH¹ Archive // Phygital Photography Prints,https://cdn.inprnt.com/thumbs/cf/81/cf815e5dceefd6359ede7173c6efe4dd.jpg,"This is a Common rarity asset in the JOSH¹ Archive ('JOSH1-190: Leeds University'). Exclusively available as a limited edition Phygital Art piece, bridging Solana blockchain provenance (JOSHSHOOT.SOL) and a gallery-quality physical print. Captured in Rotterdam (RTM) 🇳🇱. Rendered on 100% cotton rag archival paper with pigment inks via INPRNT. Collect the archive & explore global shipping: joshuadenouden21-hiuos.wordpress.com | https://www.inprnt.com/gallery/joshuadenouden/josh1-190-leeds-university/ • #PhygitalArt #SolanaNFT #Industrial #BrutalistArchitecture #ArchitecturalPhotography #FineArtPrint #JOSHSHOOTPRINTS #WallArtDecor #INPRNT #ArtCollector",https://www.inprnt.com/gallery/joshuadenouden/josh1-190-leeds-university/,,#PhygitalArt #SolanaNFT #Industrial #BrutalistArchitecture #ArchitecturalPhotography #FineArtPrint #JOSHSHOOTPRINTS #WallArtDecor #INPRNT #ArtCollector
JOSH1-189: Waterloo Station | JOSH¹ Archive Brutalist Photography & Phygital Art Print,https://cdn.inprnt.com/thumbs/22/e7/22e7f6a271082f11ef6ae19b8eb72d69.jpg,JOSH¹ Archive // Phygital Photography Prints,https://cdn.inprnt.com/thumbs/22/e7/22e7f6a271082f11ef6ae19b8eb72d69.jpg,"This is a Common rarity asset in the JOSH¹ Archive ('JOSH1-189: Waterloo Station'). Exclusively available as a limited edition Phygital Art piece, bridging Solana blockchain provenance (JOSHSHOOT.SOL) and a gallery-quality physical print. Captured in Rotterdam (RTM) 🇳🇱. Rendered on 100% cotton rag archival paper with pigment inks via INPRNT. Collect the archive & explore global shipping: joshuadenouden21-hiuos.wordpress.com | https://www.inprnt.com/gallery/joshuadenouden/josh1-189-waterloo-station/ • #PhygitalArt #SolanaNFT #Industrial #BrutalistArchitecture #ArchitecturalPhotography #FineArtPrint #JOSHSHOOTPRINTS #WallArtDecor #INPRNT #ArtCollector",https://www.inprnt.com/gallery/joshuadenouden/josh1-189-waterloo-station/,,#PhygitalArt #SolanaNFT #Industrial #BrutalistArchitecture #ArchitecturalPhotography #FineArtPrint #JOSHSHOOTPRINTS #WallArtDecor #INPRNT #ArtCollector
JOSH1-188: A 2222 2022 | JOSH¹ Archive Brutalist Photography & Phygital Art Print,https://cdn.inprnt.com/thumbs/84/03/8403c6dfa2930fa70f862abf9336558f.jpg,JOSH¹ Archive // Phygital Photography Prints,https://cdn.inprnt.com/thumbs/84/03/8403c6dfa2930fa70f862abf9336558f.jpg,"This is a Common rarity asset in the JOSH¹ Archive ('JOSH1-188: A 2222 2022'). Exclusively available as a limited edition Phygital Art piece, bridging Solana blockchain provenance (JOSHSHOOT.SOL) and a gallery-quality physical print. Captured in Rotterdam (RTM) 🇳🇱. Rendered on 100% cotton rag archival paper with pigment inks via INPRNT. Collect the archive & explore global shipping: joshuadenouden21-hiuos.wordpress.com | https://www.inprnt.com/gallery/joshuadenouden/josh1-188-a-2222-2022/ • #PhygitalArt #SolanaNFT #Industrial #BrutalistArchitecture #ArchitecturalPhotography #FineArtPrint #JOSHSHOOTPRINTS #WallArtDecor #INPRNT #ArtCollector",https://www.inprnt.com/gallery/joshuadenouden/josh1-188-a-2222-2022/,,#PhygitalArt #SolanaNFT #Industrial #BrutalistArchitecture #ArchitecturalPhotography #FineArtPrint #JOSHSHOOTPRINTS #WallArtDecor #INPRNT #ArtCollector
JOSH1-187: Nieuwe Mass | JOSH¹ Archive Brutalist Photography & Phygital Art Print,https://cdn.inprnt.com/thumbs/d0/56/d056092519b22ff0a348477665b98698.jpg,JOSH¹ Archive // Phygital Photography Prints,https://cdn.inprnt.com/thumbs/d0/56/d056092519b22ff0a348477665b98698.jpg,"This is a Common rarity asset in the JOSH¹ Archive ('JOSH1-187: Nieuwe Mass'). Exclusively available as a limited edition Phygital Art piece, bridging Solana blockchain provenance (JOSHSHOOT.SOL) and a gallery-quality physical print. Captured in Rotterdam (RTM) 🇳🇱. Rendered on 100% cotton rag archival paper with pigment inks via INPRNT. Collect the archive & explore global shipping: joshuadenouden21-hiuos.wordpress.com | https://www.inprnt.com/gallery/joshuadenouden/josh1-187-nieuwe-mass/ • #PhygitalArt #SolanaNFT #Industrial #BrutalistArchitecture #ArchitecturalPhotography #FineArtPrint #JOSHSHOOTPRINTS #WallArtDecor #INPRNT #ArtCollector",https://www.inprnt.com/gallery/joshuadenouden/josh1-187-nieuwe-mass/,,#PhygitalArt #SolanaNFT #Industrial #BrutalistArchitecture #ArchitecturalPhotography #FineArtPrint #JOSHSHOOTPRINTS #WallArtDecor #INPRNT #ArtCollector
JOSH1-186: Shooting with JOM | JOSH¹ Archive Brutalist Photography & Phygital Art Print,https://cdn.inprnt.com/thumbs/33/67/3367740587edc31e6b62485016ecb2cf.jpg,JOSH¹ Archive // Phygital Photography Prints,https://cdn.inprnt.com/thumbs/33/67/3367740587edc31e6b62485016ecb2cf.jpg,"This is a Common rarity asset in the JOSH¹ Archive ('JOSH1-186: Shooting with JOM'). Exclusively available as a limited edition Phygital Art piece, bridging Solana blockchain provenance (JOSHSHOOT.SOL) and a gallery-quality physical print. Captured in Rotterdam (RTM) 🇳🇱. Rendered on 100% cotton rag archival paper with pigment inks via INPRNT. Collect the archive & explore global shipping: joshuadenouden21-hiuos.wordpress.com | https://www.inprnt.com/gallery/joshuadenouden/josh1-186-shooting-with-jom/ • #PhygitalArt #SolanaNFT #Industrial #BrutalistArchitecture #ArchitecturalPhotography #FineArtPrint #JOSHSHOOTPRINTS #WallArtDecor #INPRNT #ArtCollector",https://www.inprnt.com/gallery/joshuadenouden/josh1-186-shooting-with-jom/,,#PhygitalArt #SolanaNFT #Industrial #BrutalistArchitecture #ArchitecturalPhotography #FineArtPrint #JOSHSHOOTPRINTS #WallArtDecor #INPRNT #ArtCollector
JOSH1-185: In JOM's Room | JOSH¹ Archive Brutalist Photography & Phygital Art Print,https://cdn.inprnt.com/thumbs/0e/09/0e0987061efad496c7687d1a300f050f.jpg,JOSH¹ Archive // Phygital Photography Prints,https://cdn.inprnt.com/thumbs/0e/09/0e0987061efad496c7687d1a300f050f.jpg,"This is a Common rarity asset in the JOSH¹ Archive ('JOSH1-185: In JOM's Room'). Exclusively available as a limited edition Phygital Art piece, bridging Solana blockchain provenance (JOSHSHOOT.SOL) and a gallery-quality physical print. Captured in Rotterdam (RTM) 🇳🇱. Rendered on 100% cotton rag archival paper with pigment inks via INPRNT. Collect the archive & explore global shipping: joshuadenouden21-hiuos.wordpress.com | https://www.inprnt.com/gallery/joshuadenouden/josh1-185-in-joms-room/ • #PhygitalArt #SolanaNFT #Industrial #BrutalistArchitecture #ArchitecturalPhotography #FineArtPrint #JOSHSHOOTPRINTS #WallArtDecor #INPRNT #ArtCollector",https://www.inprnt.com/gallery/joshuadenouden/josh1-185-in-joms-room/,,#PhygitalArt #SolanaNFT #Industrial #BrutalistArchitecture #ArchitecturalPhotography #FineArtPrint #JOSHSHOOTPRINTS #WallArtDecor #INPRNT #ArtCollector
JOSH1-184: Taste of Bengal | JOSH¹ Archive Brutalist Photography & Phygital Art Print,https://cdn.inprnt.com/thumbs/29/81/298159654f8645778720436ef15cd160.jpg,JOSH¹ Archive // Phygital Photography Prints,https://cdn.inprnt.com/thumbs/29/81/298159654f8645778720436ef15cd160.jpg,"This is a Common rarity asset in the JOSH¹ Archive ('JOSH1-184: Taste of Bengal'). Exclusively available as a limited edition Phygital Art piece, bridging Solana blockchain provenance (JOSHSHOOT.SOL) and a gallery-quality physical print. Captured in Rotterdam (RTM) 🇳🇱. Rendered on 100% cotton rag archival paper with pigment inks via INPRNT. Collect the archive & explore global shipping: joshuadenouden21-hiuos.wordpress.com | https://www.inprnt.com/gallery/joshuadenouden/josh1-184-taste-of-bengal/ • #PhygitalArt #SolanaNFT #Industrial #BrutalistArchitecture #ArchitecturalPhotography #FineArtPrint #JOSHSHOOTPRINTS #WallArtDecor #INPRNT #ArtCollector",https://www.inprnt.com/gallery/joshuadenouden/josh1-184-taste-of-bengal/,,#PhygitalArt #SolanaNFT #Industrial #BrutalistArchitecture #ArchitecturalPhotography #FineArtPrint #JOSHSHOOTPRINTS #WallArtDecor #INPRNT #ArtCollector
JOSH1-183: Rotterdam Blaak Station | JOSH¹ Archive Brutalist Photography & Phygital Art Print,https://cdn.inprnt.com/thumbs/82/13/82135266e327d231b3240379c3990774.jpg,JOSH¹ Archive // Phygital Photography Prints,https://cdn.inprnt.com/thumbs/82/13/82135266e327d231b3240379c3990774.jpg,"This is a Common rarity asset in the JOSH¹ Archive ('JOSH1-183: Rotterdam Blaak Station'). Exclusively available as a limited edition Phygital Art piece, bridging Solana blockchain provenance (JOSHSHOOT.SOL) and a gallery-quality physical print. Captured in Rotterdam (RTM) 🇳🇱. Rendered on 100% cotton rag archival paper with pigment inks via INPRNT. Collect the archive & explore global shipping: joshuadenouden21-hiuos.wordpress.com | https://www.inprnt.com/gallery/joshuadenouden/josh1-183-rotterdam-blaak-station/ • #PhygitalArt #SolanaNFT #Industrial #BrutalistArchitecture #ArchitecturalPhotography #FineArtPrint #JOSHSHOOTPRINTS #WallArtDecor #INPRNT #ArtCollector",https://www.inprnt.com/gallery/joshuadenouden/josh1-183-rotterdam-blaak-station/,,#PhygitalArt #SolanaNFT #Industrial #BrutalistArchitecture #ArchitecturalPhotography #FineArtPrint #JOSHSHOOTPRINTS #WallArtDecor #INPRNT #ArtCollector
JOSH1-182: The Rotterdam Public Library | JOSH¹ Archive Brutalist Photography & Phygital Art Print,https://cdn.inprnt.com/thumbs/e3/dc/e3dc21eb9744b005208209ed70daf652.jpg,JOSH¹ Archive // Phygital Photography Prints,https://cdn.inprnt.com/thumbs/e3/dc/e3dc21eb9744b005208209ed70daf652.jpg,"This is a Common rarity asset in the JOSH¹ Archive ('JOSH1-182: The Rotterdam Public Library'). Exclusively available as a limited edition Phygital Art piece, bridging Solana blockchain provenance (JOSHSHOOT.SOL) and a gallery-quality physical print. Captured in Rotterdam (RTM) 🇳🇱. Rendered on 100% cotton rag archival paper with pigment inks via INPRNT. Collect the archive & explore global shipping: joshuadenouden21-hiuos.wordpress.com | https://www.inprnt.com/gallery/joshuadenouden/josh1-182-the-rotterdam-public-library/ • #PhygitalArt #SolanaNFT #Industrial #BrutalistArchitecture #ArchitecturalPhotography #FineArtPrint #JOSHSHOOTPRINTS #WallArtDecor #INPRNT #ArtCollector",https://www.inprnt.com/gallery/joshuadenouden/josh1-182-the-rotterdam-public-library/,,#PhygitalArt #SolanaNFT #Industrial #BrutalistArchitecture #ArchitecturalPhotography #FineArtPrint #JOSHSHOOTPRINTS #WallArtDecor #INPRNT #ArtCollector
JOSH1-181: WTF is that? | JOSH¹ Archive Brutalist Photography & Phygital Art Print,https://cdn.inprnt.com/thumbs/fb/f1/fbf18f69dc74f201d7856e50a3f8a57f.jpg,JOSH¹ Archive // Phygital Photography Prints,https://cdn.inprnt.com/thumbs/fb/f1/fbf18f69dc74f201d7856e50a3f8a57f.jpg,"This is a Common rarity asset in the JOSH¹ Archive ('JOSH1-181: WTF is that?'). Exclusively available as a limited edition Phygital Art piece, bridging Solana blockchain provenance (JOSHSHOOT.SOL) and a gallery-quality physical print. Captured in Rotterdam (RTM) 🇳🇱. Rendered on 100% cotton rag archival paper with pigment inks via INPRNT. Collect the archive & explore global shipping: joshuadenouden21-hiuos.wordpress.com | https://www.inprnt.com/gallery/joshuadenouden/josh1-181-wtf-is-that/ • #PhygitalArt #SolanaNFT #Industrial #BrutalistArchitecture #ArchitecturalPhotography #FineArtPrint #JOSHSHOOTPRINTS #WallArtDecor #INPRNT #ArtCollector",https://www.inprnt.com/gallery/joshuadenouden/josh1-181-wtf-is-that/,,#PhygitalArt #SolanaNFT #Industrial #BrutalistArchitecture #ArchitecturalPhotography #FineArtPrint #JOSHSHOOTPRINTS #WallArtDecor #INPRNT #ArtCollector
JOSH1-180: Fifty-Two | JOSH¹ Archive Brutalist Photography & Phygital Art Print,https://cdn.inprnt.com/thumbs/78/05/7805d7c876b2560a91d12203243e460a.jpg,JOSH¹ Archive // Phygital Photography Prints,https://cdn.inprnt.com/thumbs/78/05/7805d7c876b2560a91d12203243e460a.jpg,"This is a Common rarity asset in the JOSH¹ Archive ('JOSH1-180: Fifty-Two'). Exclusively available as a limited edition Phygital Art piece, bridging Solana blockchain provenance (JOSHSHOOT.SOL) and a gallery-quality physical print. Captured in Rotterdam (RTM) 🇳🇱. Rendered on 100% cotton rag archival paper with pigment inks via INPRNT. Collect the archive & explore global shipping: joshuadenouden21-hiuos.wordpress.com | https://www.inprnt.com/gallery/joshuadenouden/josh1-180-fifty-two/ • #PhygitalArt #SolanaNFT #Industrial #BrutalistArchitecture #ArchitecturalPhotography #FineArtPrint #JOSHSHOOTPRINTS #WallArtDecor #INPRNT #ArtCollector",https://www.inprnt.com/gallery/joshuadenouden/josh1-180-fifty-two/,,#PhygitalArt #SolanaNFT #Industrial #BrutalistArchitecture #ArchitecturalPhotography #FineArtPrint #JOSHSHOOTPRINTS #WallArtDecor #INPRNT #ArtCollector
JOSH1-179: The Niche Beach | JOSH¹ Archive Brutalist Photography & Phygital Art Print,https://cdn.inprnt.com/thumbs/49/ee/49ee1442976c8c3394e9d0c70694aa5a.jpg,JOSH¹ Archive // Phygital Photography Prints,https://cdn.inprnt.com/thumbs/49/ee/49ee1442976c8c3394e9d0c70694aa5a.jpg,"This is a Common rarity asset in the JOSH¹ Archive ('JOSH1-179: The Niche Beach'). Exclusively available as a limited edition Phygital Art piece, bridging Solana blockchain provenance (JOSHSHOOT.SOL) and a gallery-quality physical print. Captured in Rotterdam (RTM) 🇳🇱. Rendered on 100% cotton rag archival paper with pigment inks via INPRNT. Collect the archive & explore global shipping: joshuadenouden21-hiuos.wordpress.com | https://www.inprnt.com/gallery/joshuadenouden/josh1-179-the-niche-beach/ • #PhygitalArt #SolanaNFT #Industrial #BrutalistArchitecture #ArchitecturalPhotography #FineArtPrint #JOSHSHOOTPRINTS #WallArtDecor #INPRNT #ArtCollector",https://www.inprnt.com/gallery/joshuadenouden/josh1-179-the-niche-beach/,,#PhygitalArt #SolanaNFT #Industrial #BrutalistArchitecture #ArchitecturalPhotography #FineArtPrint #JOSHSHOOTPRINTS #WallArtDecor #INPRNT #ArtCollector
JOSH1-178: Niche Walk | JOSH¹ Archive Brutalist Photography & Phygital Art Print,https://cdn.inprnt.com/thumbs/41/71/41712ca595f82d41bc793fa55c9afb3b.jpg,JOSH¹ Archive // Phygital Photography Prints,https://cdn.inprnt.com/thumbs/41/71/41712ca595f82d41bc793fa55c9afb3b.jpg,"This is a Common rarity asset in the JOSH¹ Archive ('JOSH1-178: Niche Walk'). Exclusively available as a limited edition Phygital Art piece, bridging Solana blockchain provenance (JOSHSHOOT.SOL) and a gallery-quality physical print. Captured in Rotterdam (RTM) 🇳🇱. Rendered on 100% cotton rag archival paper with pigment inks via INPRNT. Collect the archive & explore global shipping: joshuadenouden21-hiuos.wordpress.com | https://www.inprnt.com/gallery/joshuadenouden/josh1-178-niche-walk/ • #PhygitalArt #SolanaNFT #Industrial #BrutalistArchitecture #ArchitecturalPhotography #FineArtPrint #JOSHSHOOTPRINTS #WallArtDecor #INPRNT #ArtCollector",https://www.inprnt.com/gallery/joshuadenouden/josh1-178-niche-walk/,,#PhygitalArt #SolanaNFT #Industrial #BrutalistArchitecture #ArchitecturalPhotography #FineArtPrint #JOSHSHOOTPRINTS #WallArtDecor #INPRNT #ArtCollector
JOSH1-177: One-Zero-Nine | JOSH¹ Archive Brutalist Photography & Phygital Art Print,https://cdn.inprnt.com/thumbs/ac/42/ac4245de3e8e4413b13452faf29b7973.jpg,JOSH¹ Archive // Phygital Photography Prints,https://cdn.inprnt.com/thumbs/ac/42/ac4245de3e8e4413b13452faf29b7973.jpg,"This is a Common rarity asset in the JOSH¹ Archive ('JOSH1-177: One-Zero-Nine'). Exclusively available as a limited edition Phygital Art piece, bridging Solana blockchain provenance (JOSHSHOOT.SOL) and a gallery-quality physical print. Captured in Rotterdam (RTM) 🇳🇱. Rendered on 100% cotton rag archival paper with pigment inks via INPRNT. Collect the archive & explore global shipping: joshuadenouden21-hiuos.wordpress.com | https://www.inprnt.com/gallery/joshuadenouden/josh1-177-one-zero-nine/ • #PhygitalArt #SolanaNFT #Industrial #BrutalistArchitecture #ArchitecturalPhotography #FineArtPrint #JOSHSHOOTPRINTS #WallArtDecor #INPRNT #ArtCollector",https://www.inprnt.com/gallery/joshuadenouden/josh1-177-one-zero-nine/,,#PhygitalArt #SolanaNFT #Industrial #BrutalistArchitecture #ArchitecturalPhotography #FineArtPrint #JOSHSHOOTPRINTS #WallArtDecor #INPRNT #ArtCollector
JOSH1-176: Fa b | JOSH¹ Archive Brutalist Photography & Phygital Art Print,https://cdn.inprnt.com/thumbs/91/db/91db72ab2f44cb5c87822c0627f4b971.jpg,JOSH¹ Archive // Phygital Photography Prints,https://cdn.inprnt.com/thumbs/91/db/91db72ab2f44cb5c87822c0627f4b971.jpg,"This is a Common rarity asset in the JOSH¹ Archive ('JOSH1-176: Fa b'). Exclusively available as a limited edition Phygital Art piece, bridging Solana blockchain provenance (JOSHSHOOT.SOL) and a gallery-quality physical print. Captured in Rotterdam (RTM) 🇳🇱. Rendered on 100% cotton rag archival paper with pigment inks via INPRNT. Collect the archive & explore global shipping: joshuadenouden21-hiuos.wordpress.com | https://www.inprnt.com/gallery/joshuadenouden/josh1-176-fa-b/ • #PhygitalArt #SolanaNFT #Industrial #BrutalistArchitecture #ArchitecturalPhotography #FineArtPrint #JOSHSHOOTPRINTS #WallArtDecor #INPRNT #ArtCollector",https://www.inprnt.com/gallery/joshuadenouden/josh1-176-fa-b/,,#PhygitalArt #SolanaNFT #Industrial #BrutalistArchitecture #ArchitecturalPhotography #FineArtPrint #JOSHSHOOTPRINTS #WallArtDecor #INPRNT #ArtCollector
JOSH1-175: K A A K A A | JOSH¹ Archive Brutalist Photography & Phygital Art Print,https://cdn.inprnt.com/thumbs/77/ea/77eaf440d43e9a8b64e0f402139e1658.jpg,JOSH¹ Archive // Phygital Photography Prints,https://cdn.inprnt.com/thumbs/77/ea/77eaf440d43e9a8b64e0f402139e1658.jpg,"This is a Common rarity asset in the JOSH¹ Archive ('JOSH1-175: K A A K A A'). Exclusively available as a limited edition Phygital Art piece, bridging Solana blockchain provenance (JOSHSHOOT.SOL) and a gallery-quality physical print. Captured in Rotterdam (RTM) 🇳🇱. Rendered on 100% cotton rag archival paper with pigment inks via INPRNT. Collect the archive & explore global shipping: joshuadenouden21-hiuos.wordpress.com | https://www.inprnt.com/gallery/joshuadenouden/josh1-175-k-a-a-k-a-a/ • #PhygitalArt #SolanaNFT #Industrial #BrutalistArchitecture #ArchitecturalPhotography #FineArtPrint #JOSHSHOOTPRINTS #WallArtDecor #INPRNT #ArtCollector",https://www.inprnt.com/gallery/joshuadenouden/josh1-175-k-a-a-k-a-a/,,#PhygitalArt #SolanaNFT #Industrial #BrutalistArchitecture #ArchitecturalPhotography #FineArtPrint #JOSHSHOOTPRINTS #WallArtDecor #INPRNT #ArtCollector
JOSH1-174: One Menu Item | JOSH¹ Archive Brutalist Photography & Phygital Art Print,https://cdn.inprnt.com/thumbs/d6/53/d653b5c4dd7132225463a6209fa9d1a8.jpg,JOSH¹ Archive // Phygital Photography Prints,https://cdn.inprnt.com/thumbs/d6/53/d653b5c4dd7132225463a6209fa9d1a8.jpg,"This is a Common rarity asset in the JOSH¹ Archive ('JOSH1-174: One Menu Item'). Exclusively available as a limited edition Phygital Art piece, bridging Solana blockchain provenance (JOSHSHOOT.SOL) and a gallery-quality physical print. Captured in Rotterdam (RTM) 🇳🇱. Rendered on 100% cotton rag archival paper with pigment inks via INPRNT. Collect the archive & explore global shipping: joshuadenouden21-hiuos.wordpress.com | https://www.inprnt.com/gallery/joshuadenouden/josh1-174-one-menu-item/ • #PhygitalArt #SolanaNFT #Industrial #BrutalistArchitecture #ArchitecturalPhotography #FineArtPrint #JOSHSHOOTPRINTS #WallArtDecor #INPRNT #ArtCollector",https://www.inprnt.com/gallery/joshuadenouden/josh1-174-one-menu-item/,,#PhygitalArt #SolanaNFT #Industrial #BrutalistArchitecture #ArchitecturalPhotography #FineArtPrint #JOSHSHOOTPRINTS #WallArtDecor #INPRNT #ArtCollector
JOSH1-173: Mijdrecht3 | JOSH¹ Archive Brutalist Photography & Phygital Art Print,https://cdn.inprnt.com/thumbs/c2/9b/c29b4ab8142096b920c24c6364663b38.jpg,JOSH¹ Archive // Phygital Photography Prints,https://cdn.inprnt.com/thumbs/c2/9b/c29b4ab8142096b920c24c6364663b38.jpg,"This is a Common rarity asset in the JOSH¹ Archive ('JOSH1-173: Mijdrecht3'). Exclusively available as a limited edition Phygital Art piece, bridging Solana blockchain provenance (JOSHSHOOT.SOL) and a gallery-quality physical print. Captured in Rotterdam (RTM) 🇳🇱. Rendered on 100% cotton rag archival paper with pigment inks via INPRNT. Collect the archive & explore global shipping: joshuadenouden21-hiuos.wordpress.com | https://www.inprnt.com/gallery/joshuadenouden/josh1-173-mijdrecht3/ • #PhygitalArt #SolanaNFT #Industrial #BrutalistArchitecture #ArchitecturalPhotography #FineArtPrint #JOSHSHOOTPRINTS #WallArtDecor #INPRNT #ArtCollector",https://www.inprnt.com/gallery/joshuadenouden/josh1-173-mijdrecht3/,,#PhygitalArt #SolanaNFT #Industrial #BrutalistArchitecture #ArchitecturalPhotography #FineArtPrint #JOSHSHOOTPRINTS #WallArtDecor #INPRNT #ArtCollector
JOSH1-172: Mijdrecht2 | JOSH¹ Archive Brutalist Photography & Phygital Art Print,https://cdn.inprnt.com/thumbs/6d/b9/6db9ca4f164ce5d16b8b3d6bcad40c15.jpg,JOSH¹ Archive // Phygital Photography Prints,https://cdn.inprnt.com/thumbs/6d/b9/6db9ca4f164ce5d16b8b3d6bcad40c15.jpg,"This is a Common rarity asset in the JOSH¹ Archive ('JOSH1-172: Mijdrecht2'). Exclusively available as a limited edition Phygital Art piece, bridging Solana blockchain provenance (JOSHSHOOT.SOL) and a gallery-quality physical print. Captured in Rotterdam (RTM) 🇳🇱. Rendered on 100% cotton rag archival paper with pigment inks via INPRNT. Collect the archive & explore global shipping: joshuadenouden21-hiuos.wordpress.com | https://www.inprnt.com/gallery/joshuadenouden/josh1-172-mijdrecht2/ • #PhygitalArt #SolanaNFT #Industrial #BrutalistArchitecture #ArchitecturalPhotography #FineArtPrint #JOSHSHOOTPRINTS #WallArtDecor #INPRNT #ArtCollector",https://www.inprnt.com/gallery/joshuadenouden/josh1-172-mijdrecht2/,,#PhygitalArt #SolanaNFT #Industrial #BrutalistArchitecture #ArchitecturalPhotography #FineArtPrint #JOSHSHOOTPRINTS #WallArtDecor #INPRNT #ArtCollector
JOSH1-171: Mijdrecht1 | JOSH¹ Archive Brutalist Photography & Phygital Art Print,https://cdn.inprnt.com/thumbs/a2/ad/a2ad81e376359585382946c07806f41b.jpg,JOSH¹ Archive // Phygital Photography Prints,https://cdn.inprnt.com/thumbs/a2/ad/a2ad81e376359585382946c07806f41b.jpg,"This is a Common rarity asset in the JOSH¹ Archive ('JOSH1-171: Mijdrecht1'). Exclusively available as a limited edition Phygital Art piece, bridging Solana blockchain provenance (JOSHSHOOT.SOL) and a gallery-quality physical print. Captured in Rotterdam (RTM) 🇳🇱. Rendered on 100% cotton rag archival paper with pigment inks via INPRNT. Collect the archive & explore global shipping: joshuadenouden21-hiuos.wordpress.com | https://www.inprnt.com/gallery/joshuadenouden/josh1-171-mijdrecht1/ • #PhygitalArt #SolanaNFT #Industrial #BrutalistArchitecture #ArchitecturalPhotography #FineArtPrint #JOSHSHOOTPRINTS #WallArtDecor #INPRNT #ArtCollector",https://www.inprnt.com/gallery/joshuadenouden/josh1-171-mijdrecht1/,,#PhygitalArt #SolanaNFT #Industrial #BrutalistArchitecture #ArchitecturalPhotography #FineArtPrint #JOSHSHOOTPRINTS #WallArtDecor #INPRNT #ArtCollector
JOSH1-170: Manila Skyrises | JOSH¹ Archive Brutalist Photography & Phygital Art Print,https://cdn.inprnt.com/thumbs/67/1a/671a04055c987f25b9d1a6078e79c3db.jpg,JOSH¹ Archive // Phygital Photography Prints,https://cdn.inprnt.com/thumbs/67/1a/671a04055c987f25b9d1a6078e79c3db.jpg,"This is a Common rarity asset in the JOSH¹ Archive ('JOSH1-170: Manila Skyrises'). Exclusively available as a limited edition Phygital Art piece, bridging Solana blockchain provenance (JOSHSHOOT.SOL) and a gallery-quality physical print. Captured in Rotterdam (RTM) 🇳🇱. Rendered on 100% cotton rag archival paper with pigment inks via INPRNT. Collect the archive & explore global shipping: joshuadenouden21-hiuos.wordpress.com | https://www.inprnt.com/gallery/joshuadenouden/josh1-170-manila-skyrises/ • #PhygitalArt #SolanaNFT #Industrial #BrutalistArchitecture #ArchitecturalPhotography #FineArtPrint #JOSHSHOOTPRINTS #WallArtDecor #INPRNT #ArtCollector",https://www.inprnt.com/gallery/joshuadenouden/josh1-170-manila-skyrises/,,#PhygitalArt #SolanaNFT #Industrial #BrutalistArchitecture #ArchitecturalPhotography #FineArtPrint #JOSHSHOOTPRINTS #WallArtDecor #INPRNT #ArtCollector
JOSH1-169: Fi-ends | JOSH¹ Archive Brutalist Photography & Phygital Art Print,https://cdn.inprnt.com/thumbs/69/f4/69f4b85682b14340d815e9b28437a4aa.jpg,JOSH¹ Archive // Phygital Photography Prints,https://cdn.inprnt.com/thumbs/69/f4/69f4b85682b14340d815e9b28437a4aa.jpg,"This is a Common rarity asset in the JOSH¹ Archive ('JOSH1-169: Fi-ends'). Exclusively available as a limited edition Phygital Art piece, bridging Solana blockchain provenance (JOSHSHOOT.SOL) and a gallery-quality physical print. Captured in Rotterdam (RTM) 🇳🇱. Rendered on 100% cotton rag archival paper with pigment inks via INPRNT. Collect the archive & explore global shipping: joshuadenouden21-hiuos.wordpress.com | https://www.inprnt.com/gallery/joshuadenouden/josh1-169-fi-ends/ • #PhygitalArt #SolanaNFT #Industrial #BrutalistArchitecture #ArchitecturalPhotography #FineArtPrint #JOSHSHOOTPRINTS #WallArtDecor #INPRNT #ArtCollector",https://www.inprnt.com/gallery/joshuadenouden/josh1-169-fi-ends/,,#PhygitalArt #SolanaNFT #Industrial #BrutalistArchitecture #ArchitecturalPhotography #FineArtPrint #JOSHSHOOTPRINTS #WallArtDecor #INPRNT #ArtCollector
JOSH1-168: Amsterdam North Side | JOSH¹ Archive Brutalist Photography & Phygital Art Print,https://cdn.inprnt.com/thumbs/49/85/4985fa9adaab02c47738c59eb7dcbd91.jpg,JOSH¹ Archive // Phygital Photography Prints,https://cdn.inprnt.com/thumbs/49/85/4985fa9adaab02c47738c59eb7dcbd91.jpg,"This is a Common rarity asset in the JOSH¹ Archive ('JOSH1-168: Amsterdam North Side'). Exclusively available as a limited edition Phygital Art piece, bridging Solana blockchain provenance (JOSHSHOOT.SOL) and a gallery-quality physical print. Captured in Rotterdam (RTM) 🇳🇱. Rendered on 100% cotton rag archival paper with pigment inks via INPRNT. Collect the archive & explore global shipping: joshuadenouden21-hiuos.wordpress.com | https://www.inprnt.com/gallery/joshuadenouden/josh1-168-amsterdam-north-side/ • #PhygitalArt #SolanaNFT #Industrial #BrutalistArchitecture #ArchitecturalPhotography #FineArtPrint #JOSHSHOOTPRINTS #WallArtDecor #INPRNT #ArtCollector",https://www.inprnt.com/gallery/joshuadenouden/josh1-168-amsterdam-north-side/,,#PhygitalArt #SolanaNFT #Industrial #BrutalistArchitecture #ArchitecturalPhotography #FineArtPrint #JOSHSHOOTPRINTS #WallArtDecor #INPRNT #ArtCollector
JOSH1-167: The Amsterdam Lookout | JOSH¹ Archive Brutalist Photography & Phygital Art Print,https://cdn.inprnt.com/thumbs/7a/9a/7a9af9533d026223accdcaca82af4f35.jpg,JOSH¹ Archive // Phygital Photography Prints,https://cdn.inprnt.com/thumbs/7a/9a/7a9af9533d026223accdcaca82af4f35.jpg,"This is a Common rarity asset in the JOSH¹ Archive ('JOSH1-167: The Amsterdam Lookout'). Exclusively available as a limited edition Phygital Art piece, bridging Solana blockchain provenance (JOSHSHOOT.SOL) and a gallery-quality physical print. Captured in Rotterdam (RTM) 🇳🇱. Rendered on 100% cotton rag archival paper with pigment inks via INPRNT. Collect the archive & explore global shipping: joshuadenouden21-hiuos.wordpress.com | https://www.inprnt.com/gallery/joshuadenouden/josh1-167-the-amsterdam-lookout/ • #PhygitalArt #SolanaNFT #Industrial #BrutalistArchitecture #ArchitecturalPhotography #FineArtPrint #JOSHSHOOTPRINTS #WallArtDecor #INPRNT #ArtCollector",https://www.inprnt.com/gallery/joshuadenouden/josh1-167-the-amsterdam-lookout/,,#PhygitalArt #SolanaNFT #Industrial #BrutalistArchitecture #ArchitecturalPhotography #FineArtPrint #JOSHSHOOTPRINTS #WallArtDecor #INPRNT #ArtCollector
JOSH1-166: The 2nd Symmetry Photography | JOSH¹ Archive Brutalist Photography & Phygital Art Print,https://cdn.inprnt.com/thumbs/b0/78/b078822094b55cee3fcf3fa352310e89.jpg,JOSH¹ Archive // Phygital Photography Prints,https://cdn.inprnt.com/thumbs/b0/78/b078822094b55cee3fcf3fa352310e89.jpg,"This is a Common rarity asset in the JOSH¹ Archive ('JOSH1-166: The 2nd Symmetry Photography'). Exclusively available as a limited edition Phygital Art piece, bridging Solana blockchain provenance (JOSHSHOOT.SOL) and a gallery-quality physical print. Captured in Rotterdam (RTM) 🇳🇱. Rendered on 100% cotton rag archival paper with pigment inks via INPRNT. Collect the archive & explore global shipping: joshuadenouden21-hiuos.wordpress.com | https://www.inprnt.com/gallery/joshuadenouden/josh1-166-the-2nd-symmetry-photography/ • #PhygitalArt #SolanaNFT #Industrial #BrutalistArchitecture #ArchitecturalPhotography #FineArtPrint #JOSHSHOOTPRINTS #WallArtDecor #INPRNT #ArtCollector",https://www.inprnt.com/gallery/joshuadenouden/josh1-166-the-2nd-symmetry-photography/,,#PhygitalArt #SolanaNFT #Industrial #BrutalistArchitecture #ArchitecturalPhotography #FineArtPrint #JOSHSHOOTPRINTS #WallArtDecor #INPRNT #ArtCollector
JOSH1-165: The Eras Bridge | JOSH¹ Archive Brutalist Photography & Phygital Art Print,https://cdn.inprnt.com/thumbs/11/da/11da5a9cfaf6ec528899469f4f7ca632.jpg,JOSH¹ Archive // Phygital Photography Prints,https://cdn.inprnt.com/thumbs/11/da/11da5a9cfaf6ec528899469f4f7ca632.jpg,"This is a Common rarity asset in the JOSH¹ Archive ('JOSH1-165: The Eras Bridge'). Exclusively available as a limited edition Phygital Art piece, bridging Solana blockchain provenance (JOSHSHOOT.SOL) and a gallery-quality physical print. Captured in Rotterdam (RTM) 🇳🇱. Rendered on 100% cotton rag archival paper with pigment inks via INPRNT. Collect the archive & explore global shipping: joshuadenouden21-hiuos.wordpress.com | https://www.inprnt.com/gallery/joshuadenouden/josh1-165-the-eras-bridge/ • #PhygitalArt #SolanaNFT #Industrial #BrutalistArchitecture #ArchitecturalPhotography #FineArtPrint #JOSHSHOOTPRINTS #WallArtDecor #INPRNT #ArtCollector",https://www.inprnt.com/gallery/joshuadenouden/josh1-165-the-eras-bridge/,,#PhygitalArt #SolanaNFT #Industrial #BrutalistArchitecture #ArchitecturalPhotography #FineArtPrint #JOSHSHOOTPRINTS #WallArtDecor #INPRNT #ArtCollector
JOSH1-164: Greetings to me | JOSH¹ Archive Brutalist Photography & Phygital Art Print,https://cdn.inprnt.com/thumbs/c7/68/c768584c39d6e34abcfb642c677163d5.jpg,JOSH¹ Archive // Phygital Photography Prints,https://cdn.inprnt.com/thumbs/c7/68/c768584c39d6e34abcfb642c677163d5.jpg,"This is a Common rarity asset in the JOSH¹ Archive ('JOSH1-164: Greetings to me'). Exclusively available as a limited edition Phygital Art piece, bridging Solana blockchain provenance (JOSHSHOOT.SOL) and a gallery-quality physical print. Captured in Rotterdam (RTM) 🇳🇱. Rendered on 100% cotton rag archival paper with pigment inks via INPRNT. Collect the archive & explore global shipping: joshuadenouden21-hiuos.wordpress.com | https://www.inprnt.com/gallery/joshuadenouden/josh1-164-greetings-to-me/ • #PhygitalArt #SolanaNFT #Industrial #BrutalistArchitecture #ArchitecturalPhotography #FineArtPrint #JOSHSHOOTPRINTS #WallArtDecor #INPRNT #ArtCollector",https://www.inprnt.com/gallery/joshuadenouden/josh1-164-greetings-to-me/,,#PhygitalArt #SolanaNFT #Industrial #BrutalistArchitecture #ArchitecturalPhotography #FineArtPrint #JOSHSHOOTPRINTS #WallArtDecor #INPRNT #ArtCollector
JOSH1-163: All Abort | JOSH¹ Archive Brutalist Photography & Phygital Art Print,https://cdn.inprnt.com/thumbs/64/69/6469dcd07de7a26827926a1631b6f0e9.jpg,JOSH¹ Archive // Phygital Photography Prints,https://cdn.inprnt.com/thumbs/64/69/6469dcd07de7a26827926a1631b6f0e9.jpg,"This is a Common rarity asset in the JOSH¹ Archive ('JOSH1-163: All Abort'). Exclusively available as a limited edition Phygital Art piece, bridging Solana blockchain provenance (JOSHSHOOT.SOL) and a gallery-quality physical print. Captured in Rotterdam (RTM) 🇳🇱. Rendered on 100% cotton rag archival paper with pigment inks via INPRNT. Collect the archive & explore global shipping: joshuadenouden21-hiuos.wordpress.com | https://www.inprnt.com/gallery/joshuadenouden/josh1-163-all-abort/ • #PhygitalArt #SolanaNFT #Industrial #BrutalistArchitecture #ArchitecturalPhotography #FineArtPrint #JOSHSHOOTPRINTS #WallArtDecor #INPRNT #ArtCollector",https://www.inprnt.com/gallery/joshuadenouden/josh1-163-all-abort/,,#PhygitalArt #SolanaNFT #Industrial #BrutalistArchitecture #ArchitecturalPhotography #FineArtPrint #JOSHSHOOTPRINTS #WallArtDecor #INPRNT #ArtCollector
"JOSH1-162: Hallo, Ello | JOSH¹ Archive Brutalist Photography & Phygital Art Print",https://cdn.inprnt.com/thumbs/78/60/7860f7a980a43c449ce837c3a5a4bffb.jpg,JOSH¹ Archive // Phygital Photography Prints,https://cdn.inprnt.com/thumbs/78/60/7860f7a980a43c449ce837c3a5a4bffb.jpg,"This is a Common rarity asset in the JOSH¹ Archive ('JOSH1-162: Hallo, Ello'). Exclusively available as a limited edition Phygital Art piece, bridging Solana blockchain provenance (JOSHSHOOT.SOL) and a gallery-quality physical print. Captured in Rotterdam (RTM) 🇳🇱. Rendered on 100% cotton rag archival paper with pigment inks via INPRNT. Collect the archive & explore global shipping: joshuadenouden21-hiuos.wordpress.com | https://www.inprnt.com/gallery/joshuadenouden/josh1-162-hallo-ello/ • #PhygitalArt #SolanaNFT #Industrial #BrutalistArchitecture #ArchitecturalPhotography #FineArtPrint #JOSHSHOOTPRINTS #WallArtDecor #INPRNT #ArtCollector",https://www.inprnt.com/gallery/joshuadenouden/josh1-162-hallo-ello/,,#PhygitalArt #SolanaNFT #Industrial #BrutalistArchitecture #ArchitecturalPhotography #FineArtPrint #JOSHSHOOTPRINTS #WallArtDecor #INPRNT #ArtCollector
JOSH1-161: The Rotterdam Dutch | JOSH¹ Archive Brutalist Photography & Phygital Art Print,https://cdn.inprnt.com/thumbs/a0/b0/a0b01d2a390434069abf1bd2624f7de9.jpg,JOSH¹ Archive // Phygital Photography Prints,https://cdn.inprnt.com/thumbs/a0/b0/a0b01d2a390434069abf1bd2624f7de9.jpg,"This is a Common rarity asset in the JOSH¹ Archive ('JOSH1-161: The Rotterdam Dutch'). Exclusively available as a limited edition Phygital Art piece, bridging Solana blockchain provenance (JOSHSHOOT.SOL) and a gallery-quality physical print. Captured in Rotterdam (RTM) 🇳🇱. Rendered on 100% cotton rag archival paper with pigment inks via INPRNT. Collect the archive & explore global shipping: joshuadenouden21-hiuos.wordpress.com | https://www.inprnt.com/gallery/joshuadenouden/josh1-161-the-rotterdam-dutch/ • #PhygitalArt #SolanaNFT #Industrial #BrutalistArchitecture #ArchitecturalPhotography #FineArtPrint #JOSHSHOOTPRINTS #WallArtDecor #INPRNT #ArtCollector",https://www.inprnt.com/gallery/joshuadenouden/josh1-161-the-rotterdam-dutch/,,#PhygitalArt #SolanaNFT #Industrial #BrutalistArchitecture #ArchitecturalPhotography #FineArtPrint #JOSHSHOOTPRINTS #WallArtDecor #INPRNT #ArtCollector
JOSH1-160: More of Brussels | JOSH¹ Archive Brutalist Photography & Phygital Art Print,https://cdn.inprnt.com/thumbs/b9/f9/b9f9244eb7b0df9e4512571eec33c510.jpg,JOSH¹ Archive // Phygital Photography Prints,https://cdn.inprnt.com/thumbs/b9/f9/b9f9244eb7b0df9e4512571eec33c510.jpg,"This is a Common rarity asset in the JOSH¹ Archive ('JOSH1-160: More of Brussels'). Exclusively available as a limited edition Phygital Art piece, bridging Solana blockchain provenance (JOSHSHOOT.SOL) and a gallery-quality physical print. Captured in Rotterdam (RTM) 🇳🇱. Rendered on 100% cotton rag archival paper with pigment inks via INPRNT. Collect the archive & explore global shipping: joshuadenouden21-hiuos.wordpress.com | https://www.inprnt.com/gallery/joshuadenouden/josh1-160-more-of-brussels/ • #PhygitalArt #SolanaNFT #Industrial #BrutalistArchitecture #ArchitecturalPhotography #FineArtPrint #JOSHSHOOTPRINTS #WallArtDecor #INPRNT #ArtCollector",https://www.inprnt.com/gallery/joshuadenouden/josh1-160-more-of-brussels/,,#PhygitalArt #SolanaNFT #Industrial #BrutalistArchitecture #ArchitecturalPhotography #FineArtPrint #JOSHSHOOTPRINTS #WallArtDecor #INPRNT #ArtCollector
JOSH1-159: I Like Belgium | JOSH¹ Archive Brutalist Photography & Phygital Art Print,https://cdn.inprnt.com/thumbs/12/94/1294f595c9ec35ce8dae4d86b4f6e250.jpg,JOSH¹ Archive // Phygital Photography Prints,https://cdn.inprnt.com/thumbs/12/94/1294f595c9ec35ce8dae4d86b4f6e250.jpg,"This is a Common rarity asset in the JOSH¹ Archive ('JOSH1-159: I Like Belgium'). Exclusively available as a limited edition Phygital Art piece, bridging Solana blockchain provenance (JOSHSHOOT.SOL) and a gallery-quality physical print. Captured in Rotterdam (RTM) 🇳🇱. Rendered on 100% cotton rag archival paper with pigment inks via INPRNT. Collect the archive & explore global shipping: joshuadenouden21-hiuos.wordpress.com | https://www.inprnt.com/gallery/joshuadenouden/josh1-159-i-like-belgium/ • #PhygitalArt #SolanaNFT #Industrial #BrutalistArchitecture #ArchitecturalPhotography #FineArtPrint #JOSHSHOOTPRINTS #WallArtDecor #INPRNT #ArtCollector",https://www.inprnt.com/gallery/joshuadenouden/josh1-159-i-like-belgium/,,#PhygitalArt #SolanaNFT #Industrial #BrutalistArchitecture #ArchitecturalPhotography #FineArtPrint #JOSHSHOOTPRINTS #WallArtDecor #INPRNT #ArtCollector
JOSH1-158: Inner Streets | JOSH¹ Archive Brutalist Photography & Phygital Art Print,https://cdn.inprnt.com/thumbs/c7/74/c774eb1d3aa1e14979f3cd21a159b022.jpg,JOSH¹ Archive // Phygital Photography Prints,https://cdn.inprnt.com/thumbs/c7/74/c774eb1d3aa1e14979f3cd21a159b022.jpg,"This is a Common rarity asset in the JOSH¹ Archive ('JOSH1-158: Inner Streets'). Exclusively available as a limited edition Phygital Art piece, bridging Solana blockchain provenance (JOSHSHOOT.SOL) and a gallery-quality physical print. Captured in Rotterdam (RTM) 🇳🇱. Rendered on 100% cotton rag archival paper with pigment inks via INPRNT. Collect the archive & explore global shipping: joshuadenouden21-hiuos.wordpress.com | https://www.inprnt.com/gallery/joshuadenouden/josh1-158-inner-streets/ • #PhygitalArt #SolanaNFT #Industrial #BrutalistArchitecture #ArchitecturalPhotography #FineArtPrint #JOSHSHOOTPRINTS #WallArtDecor #INPRNT #ArtCollector",https://www.inprnt.com/gallery/joshuadenouden/josh1-158-inner-streets/,,#PhygitalArt #SolanaNFT #Industrial #BrutalistArchitecture #ArchitecturalPhotography #FineArtPrint #JOSHSHOOTPRINTS #WallArtDecor #INPRNT #ArtCollector
JOSH1-157: The Brussels Skyline | JOSH¹ Archive Brutalist Photography & Phygital Art Print,https://cdn.inprnt.com/thumbs/7f/96/7f960d975250b9512ff57326092ce7bd.jpg,JOSH¹ Archive // Phygital Photography Prints,https://cdn.inprnt.com/thumbs/7f/96/7f960d975250b9512ff57326092ce7bd.jpg,"This is a Common rarity asset in the JOSH¹ Archive ('JOSH1-157: The Brussels Skyline'). Exclusively available as a limited edition Phygital Art piece, bridging Solana blockchain provenance (JOSHSHOOT.SOL) and a gallery-quality physical print. Captured in Rotterdam (RTM) 🇳🇱. Rendered on 100% cotton rag archival paper with pigment inks via INPRNT. Collect the archive & explore global shipping: joshuadenouden21-hiuos.wordpress.com | https://www.inprnt.com/gallery/joshuadenouden/josh1-157-the-brussels-inner-streets/ • #PhygitalArt #SolanaNFT #Industrial #BrutalistArchitecture #ArchitecturalPhotography #FineArtPrint #JOSHSHOOTPRINTS #WallArtDecor #INPRNT #ArtCollector",https://www.inprnt.com/gallery/joshuadenouden/josh1-157-the-brussels-inner-streets/,,#PhygitalArt #SolanaNFT #Industrial #BrutalistArchitecture #ArchitecturalPhotography #FineArtPrint #JOSHSHOOTPRINTS #WallArtDecor #INPRNT #ArtCollector
JOSH1-156: Brussels Graffiti | JOSH¹ Archive Brutalist Photography & Phygital Art Print,https://cdn.inprnt.com/thumbs/ba/9d/ba9d1a97827046947ce13675596714c8.jpg,JOSH¹ Archive // Phygital Photography Prints,https://cdn.inprnt.com/thumbs/ba/9d/ba9d1a97827046947ce13675596714c8.jpg,"This is a Common rarity asset in the JOSH¹ Archive ('JOSH1-156: Brussels Graffiti'). Exclusively available as a limited edition Phygital Art piece, bridging Solana blockchain provenance (JOSHSHOOT.SOL) and a gallery-quality physical print. Captured in Rotterdam (RTM) 🇳🇱. Rendered on 100% cotton rag archival paper with pigment inks via INPRNT. Collect the archive & explore global shipping: joshuadenouden21-hiuos.wordpress.com | https://www.inprnt.com/gallery/joshuadenouden/josh1-156-brussels-graffiti/ • #PhygitalArt #SolanaNFT #Industrial #BrutalistArchitecture #ArchitecturalPhotography #FineArtPrint #JOSHSHOOTPRINTS #WallArtDecor #INPRNT #ArtCollector",https://www.inprnt.com/gallery/joshuadenouden/josh1-156-brussels-graffiti/,,#PhygitalArt #SolanaNFT #Industrial #BrutalistArchitecture #ArchitecturalPhotography #FineArtPrint #JOSHSHOOTPRINTS #WallArtDecor #INPRNT #ArtCollector
JOSH1-155: A Couple of Nights | JOSH¹ Archive Brutalist Photography & Phygital Art Print,https://cdn.inprnt.com/thumbs/a1/d4/a1d4412714b43205f019f6bf2288f833.jpg,JOSH¹ Archive // Phygital Photography Prints,https://cdn.inprnt.com/thumbs/a1/d4/a1d4412714b43205f019f6bf2288f833.jpg,"This is a Common rarity asset in the JOSH¹ Archive ('JOSH1-155: A Couple of Nights'). Exclusively available as a limited edition Phygital Art piece, bridging Solana blockchain provenance (JOSHSHOOT.SOL) and a gallery-quality physical print. Captured in Rotterdam (RTM) 🇳🇱. Rendered on 100% cotton rag archival paper with pigment inks via INPRNT. Collect the archive & explore global shipping: joshuadenouden21-hiuos.wordpress.com | https://www.inprnt.com/gallery/joshuadenouden/josh1-155-a-couple-of-nights/ • #PhygitalArt #SolanaNFT #Industrial #BrutalistArchitecture #ArchitecturalPhotography #FineArtPrint #JOSHSHOOTPRINTS #WallArtDecor #INPRNT #ArtCollector",https://www.inprnt.com/gallery/joshuadenouden/josh1-155-a-couple-of-nights/,,#PhygitalArt #SolanaNFT #Industrial #BrutalistArchitecture #ArchitecturalPhotography #FineArtPrint #JOSHSHOOTPRINTS #WallArtDecor #INPRNT #ArtCollector
JOSH1-154: Sustain Ability | JOSH¹ Archive Brutalist Photography & Phygital Art Print,https://cdn.inprnt.com/thumbs/e7/70/e7703e8624ac7317a3e6a2eb5b1c4442.jpg,JOSH¹ Archive // Phygital Photography Prints,https://cdn.inprnt.com/thumbs/e7/70/e7703e8624ac7317a3e6a2eb5b1c4442.jpg,"This is a Common rarity asset in the JOSH¹ Archive ('JOSH1-154: Sustain Ability'). Exclusively available as a limited edition Phygital Art piece, bridging Solana blockchain provenance (JOSHSHOOT.SOL) and a gallery-quality physical print. Captured in Rotterdam (RTM) 🇳🇱. Rendered on 100% cotton rag archival paper with pigment inks via INPRNT. Collect the archive & explore global shipping: joshuadenouden21-hiuos.wordpress.com | https://www.inprnt.com/gallery/joshuadenouden/josh1-154-sustain-ability/ • #PhygitalArt #SolanaNFT #Industrial #BrutalistArchitecture #ArchitecturalPhotography #FineArtPrint #JOSHSHOOTPRINTS #WallArtDecor #INPRNT #ArtCollector",https://www.inprnt.com/gallery/joshuadenouden/josh1-154-sustain-ability/,,#PhygitalArt #SolanaNFT #Industrial #BrutalistArchitecture #ArchitecturalPhotography #FineArtPrint #JOSHSHOOTPRINTS #WallArtDecor #INPRNT #ArtCollector
JOSH1-153: Blaak Station | JOSH¹ Archive Brutalist Photography & Phygital Art Print,https://cdn.inprnt.com/thumbs/bc/bb/bcbb7d7fcdcb0de22169562273bdbc53.jpg,JOSH¹ Archive // Phygital Photography Prints,https://cdn.inprnt.com/thumbs/bc/bb/bcbb7d7fcdcb0de22169562273bdbc53.jpg,"This is a Common rarity asset in the JOSH¹ Archive ('JOSH1-153: Blaak Station'). Exclusively available as a limited edition Phygital Art piece, bridging Solana blockchain provenance (JOSHSHOOT.SOL) and a gallery-quality physical print. Captured in Rotterdam (RTM) 🇳🇱. Rendered on 100% cotton rag archival paper with pigment inks via INPRNT. Collect the archive & explore global shipping: joshuadenouden21-hiuos.wordpress.com | https://www.inprnt.com/gallery/joshuadenouden/josh1-153-blaak-station/ • #PhygitalArt #SolanaNFT #Industrial #BrutalistArchitecture #ArchitecturalPhotography #FineArtPrint #JOSHSHOOTPRINTS #WallArtDecor #INPRNT #ArtCollector",https://www.inprnt.com/gallery/joshuadenouden/josh1-153-blaak-station/,,#PhygitalArt #SolanaNFT #Industrial #BrutalistArchitecture #ArchitecturalPhotography #FineArtPrint #JOSHSHOOTPRINTS #WallArtDecor #INPRNT #ArtCollector
JOSH1-152: M Logo | JOSH¹ Archive Brutalist Photography & Phygital Art Print,https://cdn.inprnt.com/thumbs/30/4b/304b61f6fefddec7860766b2a37db8db.jpg,JOSH¹ Archive // Phygital Photography Prints,https://cdn.inprnt.com/thumbs/30/4b/304b61f6fefddec7860766b2a37db8db.jpg,"This is a Common rarity asset in the JOSH¹ Archive ('JOSH1-152: M Logo'). Exclusively available as a limited edition Phygital Art piece, bridging Solana blockchain provenance (JOSHSHOOT.SOL) and a gallery-quality physical print. Captured in Rotterdam (RTM) 🇳🇱. Rendered on 100% cotton rag archival paper with pigment inks via INPRNT. Collect the archive & explore global shipping: joshuadenouden21-hiuos.wordpress.com | https://www.inprnt.com/gallery/joshuadenouden/josh1-152-m-logo/ • #PhygitalArt #SolanaNFT #Industrial #BrutalistArchitecture #ArchitecturalPhotography #FineArtPrint #JOSHSHOOTPRINTS #WallArtDecor #INPRNT #ArtCollector",https://www.inprnt.com/gallery/joshuadenouden/josh1-152-m-logo/,,#PhygitalArt #SolanaNFT #Industrial #BrutalistArchitecture #ArchitecturalPhotography #FineArtPrint #JOSHSHOOTPRINTS #WallArtDecor #INPRNT #ArtCollector
JOSH1-151: Metro That Way | JOSH¹ Archive Brutalist Photography & Phygital Art Print,https://cdn.inprnt.com/thumbs/22/74/2274047ff17707742e3bfb9878383da0.jpg,JOSH¹ Archive // Phygital Photography Prints,https://cdn.inprnt.com/thumbs/22/74/2274047ff17707742e3bfb9878383da0.jpg,"This is a Common rarity asset in the JOSH¹ Archive ('JOSH1-151: Metro That Way'). Exclusively available as a limited edition Phygital Art piece, bridging Solana blockchain provenance (JOSHSHOOT.SOL) and a gallery-quality physical print. Captured in Rotterdam (RTM) 🇳🇱. Rendered on 100% cotton rag archival paper with pigment inks via INPRNT. Collect the archive & explore global shipping: joshuadenouden21-hiuos.wordpress.com | https://www.inprnt.com/gallery/joshuadenouden/josh1-151-metro-that-way/ • #PhygitalArt #SolanaNFT #Industrial #BrutalistArchitecture #ArchitecturalPhotography #FineArtPrint #JOSHSHOOTPRINTS #WallArtDecor #INPRNT #ArtCollector",https://www.inprnt.com/gallery/joshuadenouden/josh1-151-metro-that-way/,,#PhygitalArt #SolanaNFT #Industrial #BrutalistArchitecture #ArchitecturalPhotography #FineArtPrint #JOSHSHOOTPRINTS #WallArtDecor #INPRNT #ArtCollector
JOSH1-150: Tommy Gun | JOSH¹ Archive Brutalist Photography & Phygital Art Print,https://cdn.inprnt.com/thumbs/ef/3d/ef3d2ed2f7d040f93e384e12500d4249.jpg,JOSH¹ Archive // Phygital Photography Prints,https://cdn.inprnt.com/thumbs/ef/3d/ef3d2ed2f7d040f93e384e12500d4249.jpg,"This is a Common rarity asset in the JOSH¹ Archive ('JOSH1-150: Tommy Gun'). Exclusively available as a limited edition Phygital Art piece, bridging Solana blockchain provenance (JOSHSHOOT.SOL) and a gallery-quality physical print. Captured in Rotterdam (RTM) 🇳🇱. Rendered on 100% cotton rag archival paper with pigment inks via INPRNT. Collect the archive & explore global shipping: joshuadenouden21-hiuos.wordpress.com | https://www.inprnt.com/gallery/joshuadenouden/josh1-150-tommy-gun/ • #PhygitalArt #SolanaNFT #Industrial #BrutalistArchitecture #ArchitecturalPhotography #FineArtPrint #JOSHSHOOTPRINTS #WallArtDecor #INPRNT #ArtCollector",https://www.inprnt.com/gallery/joshuadenouden/josh1-150-tommy-gun/,,#PhygitalArt #SolanaNFT #Industrial #BrutalistArchitecture #ArchitecturalPhotography #FineArtPrint #JOSHSHOOTPRINTS #WallArtDecor #INPRNT #ArtCollector
JOSH1-149: A Dutch Shed | JOSH¹ Archive Brutalist Photography & Phygital Art Print,https://cdn.inprnt.com/thumbs/07/12/07120a5951e6f0e01fa6c2dffb3cd0ad.jpg,JOSH¹ Archive // Phygital Photography Prints,https://cdn.inprnt.com/thumbs/07/12/07120a5951e6f0e01fa6c2dffb3cd0ad.jpg,"This is a Common rarity asset in the JOSH¹ Archive ('JOSH1-149: A Dutch Shed'). Exclusively available as a limited edition Phygital Art piece, bridging Solana blockchain provenance (JOSHSHOOT.SOL) and a gallery-quality physical print. Captured in Rotterdam (RTM) 🇳🇱. Rendered on 100% cotton rag archival paper with pigment inks via INPRNT. Collect the archive & explore global shipping: joshuadenouden21-hiuos.wordpress.com | https://www.inprnt.com/gallery/joshuadenouden/josh1-149-a-dutch-shed/ • #PhygitalArt #SolanaNFT #Industrial #BrutalistArchitecture #ArchitecturalPhotography #FineArtPrint #JOSHSHOOTPRINTS #WallArtDecor #INPRNT #ArtCollector",https://www.inprnt.com/gallery/joshuadenouden/josh1-149-a-dutch-shed/,,#PhygitalArt #SolanaNFT #Industrial #BrutalistArchitecture #ArchitecturalPhotography #FineArtPrint #JOSHSHOOTPRINTS #WallArtDecor #INPRNT #ArtCollector
JOSH1-148: A Dutch Picnic | JOSH¹ Archive Brutalist Photography & Phygital Art Print,https://cdn.inprnt.com/thumbs/76/5e/765e2dc715e444cf4cda1fff963e77fc.jpg,JOSH¹ Archive // Phygital Photography Prints,https://cdn.inprnt.com/thumbs/76/5e/765e2dc715e444cf4cda1fff963e77fc.jpg,"This is a Common rarity asset in the JOSH¹ Archive ('JOSH1-148: A Dutch Picnic'). Exclusively available as a limited edition Phygital Art piece, bridging Solana blockchain provenance (JOSHSHOOT.SOL) and a gallery-quality physical print. Captured in Rotterdam (RTM) 🇳🇱. Rendered on 100% cotton rag archival paper with pigment inks via INPRNT. Collect the archive & explore global shipping: joshuadenouden21-hiuos.wordpress.com | https://www.inprnt.com/gallery/joshuadenouden/josh1-148-a-dutch-picnic/ • #PhygitalArt #SolanaNFT #Industrial #BrutalistArchitecture #ArchitecturalPhotography #FineArtPrint #JOSHSHOOTPRINTS #WallArtDecor #INPRNT #ArtCollector",https://www.inprnt.com/gallery/joshuadenouden/josh1-148-a-dutch-picnic/,,#PhygitalArt #SolanaNFT #Industrial #BrutalistArchitecture #ArchitecturalPhotography #FineArtPrint #JOSHSHOOTPRINTS #WallArtDecor #INPRNT #ArtCollector
JOSH1-147: The Middle of Venlo | JOSH¹ Archive Brutalist Photography & Phygital Art Print,https://cdn.inprnt.com/thumbs/e6/45/e6452b6ffa09b87d894028a3eed880ea.jpg,JOSH¹ Archive // Phygital Photography Prints,https://cdn.inprnt.com/thumbs/e6/45/e6452b6ffa09b87d894028a3eed880ea.jpg,"This is a Common rarity asset in the JOSH¹ Archive ('JOSH1-147: The Middle of Venlo'). Exclusively available as a limited edition Phygital Art piece, bridging Solana blockchain provenance (JOSHSHOOT.SOL) and a gallery-quality physical print. Captured in Rotterdam (RTM) 🇳🇱. Rendered on 100% cotton rag archival paper with pigment inks via INPRNT. Collect the archive & explore global shipping: joshuadenouden21-hiuos.wordpress.com | https://www.inprnt.com/gallery/joshuadenouden/josh1-147-the-middle-of-venlo/ • #PhygitalArt #SolanaNFT #Industrial #BrutalistArchitecture #ArchitecturalPhotography #FineArtPrint #JOSHSHOOTPRINTS #WallArtDecor #INPRNT #ArtCollector",https://www.inprnt.com/gallery/joshuadenouden/josh1-147-the-middle-of-venlo/,,#PhygitalArt #SolanaNFT #Industrial #BrutalistArchitecture #ArchitecturalPhotography #FineArtPrint #JOSHSHOOTPRINTS #WallArtDecor #INPRNT #ArtCollector
JOSH1-146: The Maastricht Square | JOSH¹ Archive Brutalist Photography & Phygital Art Print,https://cdn.inprnt.com/thumbs/e8/03/e80331d90f050ea1f5d7d2b03e0e68be.jpg,JOSH¹ Archive // Phygital Photography Prints,https://cdn.inprnt.com/thumbs/e8/03/e80331d90f050ea1f5d7d2b03e0e68be.jpg,"This is a Common rarity asset in the JOSH¹ Archive ('JOSH1-146: The Maastricht Square'). Exclusively available as a limited edition Phygital Art piece, bridging Solana blockchain provenance (JOSHSHOOT.SOL) and a gallery-quality physical print. Captured in Rotterdam (RTM) 🇳🇱. Rendered on 100% cotton rag archival paper with pigment inks via INPRNT. Collect the archive & explore global shipping: joshuadenouden21-hiuos.wordpress.com | https://www.inprnt.com/gallery/joshuadenouden/josh1-146-the-maastricht-square/ • #PhygitalArt #SolanaNFT #Industrial #BrutalistArchitecture #ArchitecturalPhotography #FineArtPrint #JOSHSHOOTPRINTS #WallArtDecor #INPRNT #ArtCollector",https://www.inprnt.com/gallery/joshuadenouden/josh1-146-the-maastricht-square/,,#PhygitalArt #SolanaNFT #Industrial #BrutalistArchitecture #ArchitecturalPhotography #FineArtPrint #JOSHSHOOTPRINTS #WallArtDecor #INPRNT #ArtCollector
JOSH1-145: The Bridge of Maastricht | JOSH¹ Archive Brutalist Photography & Phygital Art Print,https://cdn.inprnt.com/thumbs/11/ed/11ede5a5a3a95520cfa6af5b765dfc76.jpg,JOSH¹ Archive // Phygital Photography Prints,https://cdn.inprnt.com/thumbs/11/ed/11ede5a5a3a95520cfa6af5b765dfc76.jpg,"This is a Common rarity asset in the JOSH¹ Archive ('JOSH1-145: The Bridge of Maastricht'). Exclusively available as a limited edition Phygital Art piece, bridging Solana blockchain provenance (JOSHSHOOT.SOL) and a gallery-quality physical print. Captured in Rotterdam (RTM) 🇳🇱. Rendered on 100% cotton rag archival paper with pigment inks via INPRNT. Collect the archive & explore global shipping: joshuadenouden21-hiuos.wordpress.com | https://www.inprnt.com/gallery/joshuadenouden/josh1-145-the-bridge-of-maastricht/ • #PhygitalArt #SolanaNFT #Industrial #BrutalistArchitecture #ArchitecturalPhotography #FineArtPrint #JOSHSHOOTPRINTS #WallArtDecor #INPRNT #ArtCollector",https://www.inprnt.com/gallery/joshuadenouden/josh1-145-the-bridge-of-maastricht/,,#PhygitalArt #SolanaNFT #Industrial #BrutalistArchitecture #ArchitecturalPhotography #FineArtPrint #JOSHSHOOTPRINTS #WallArtDecor #INPRNT #ArtCollector
JOSH1-144: Peak Isolation | JOSH¹ Archive Brutalist Photography & Phygital Art Print,https://cdn.inprnt.com/thumbs/be/10/be1014cb265ae08abe1133f845dda0b1.jpg,JOSH¹ Archive // Phygital Photography Prints,https://cdn.inprnt.com/thumbs/be/10/be1014cb265ae08abe1133f845dda0b1.jpg,"This is a Common rarity asset in the JOSH¹ Archive ('JOSH1-144: Peak Isolation'). Exclusively available as a limited edition Phygital Art piece, bridging Solana blockchain provenance (JOSHSHOOT.SOL) and a gallery-quality physical print. Captured in Rotterdam (RTM) 🇳🇱. Rendered on 100% cotton rag archival paper with pigment inks via INPRNT. Collect the archive & explore global shipping: joshuadenouden21-hiuos.wordpress.com | https://www.inprnt.com/gallery/joshuadenouden/josh1-144-peak-isolation/ • #PhygitalArt #SolanaNFT #Industrial #BrutalistArchitecture #ArchitecturalPhotography #FineArtPrint #JOSHSHOOTPRINTS #WallArtDecor #INPRNT #ArtCollector",https://www.inprnt.com/gallery/joshuadenouden/josh1-144-peak-isolation/,,#PhygitalArt #SolanaNFT #Industrial #BrutalistArchitecture #ArchitecturalPhotography #FineArtPrint #JOSHSHOOTPRINTS #WallArtDecor #INPRNT #ArtCollector
JOSH1-143: Industrial Rhythm | JOSH¹ Archive Brutalist Photography & Phygital Art Print,https://cdn.inprnt.com/thumbs/97/88/978843be496288654d596ce63e350ffb.jpg,JOSH¹ Archive // Phygital Photography Prints,https://cdn.inprnt.com/thumbs/97/88/978843be496288654d596ce63e350ffb.jpg,"This is a Common rarity asset in the JOSH¹ Archive ('JOSH1-143: Industrial Rhythm'). Exclusively available as a limited edition Phygital Art piece, bridging Solana blockchain provenance (JOSHSHOOT.SOL) and a gallery-quality physical print. Captured in Rotterdam (RTM) 🇳🇱. Rendered on 100% cotton rag archival paper with pigment inks via INPRNT. Collect the archive & explore global shipping: joshuadenouden21-hiuos.wordpress.com | https://www.inprnt.com/gallery/joshuadenouden/josh1-143-industrial-rhythm/ • #PhygitalArt #SolanaNFT #Industrial #BrutalistArchitecture #ArchitecturalPhotography #FineArtPrint #JOSHSHOOTPRINTS #WallArtDecor #INPRNT #ArtCollector",https://www.inprnt.com/gallery/joshuadenouden/josh1-143-industrial-rhythm/,,#PhygitalArt #SolanaNFT #Industrial #BrutalistArchitecture #ArchitecturalPhotography #FineArtPrint #JOSHSHOOTPRINTS #WallArtDecor #INPRNT #ArtCollector
JOSH1-142: Geometric Repetition | JOSH¹ Archive Brutalist Photography & Phygital Art Print,https://cdn.inprnt.com/thumbs/45/c0/45c0529136ff8b60111165ba19f1abb7.jpg,JOSH¹ Archive // Phygital Photography Prints,https://cdn.inprnt.com/thumbs/45/c0/45c0529136ff8b60111165ba19f1abb7.jpg,"This is a Common rarity asset in the JOSH¹ Archive ('JOSH1-142: Geometric Repetition'). Exclusively available as a limited edition Phygital Art piece, bridging Solana blockchain provenance (JOSHSHOOT.SOL) and a gallery-quality physical print. Captured in Rotterdam (RTM) 🇳🇱. Rendered on 100% cotton rag archival paper with pigment inks via INPRNT. Collect the archive & explore global shipping: joshuadenouden21-hiuos.wordpress.com | https://www.inprnt.com/gallery/joshuadenouden/josh1-142-geometric-repetition/ • #PhygitalArt #SolanaNFT #Industrial #BrutalistArchitecture #ArchitecturalPhotography #FineArtPrint #JOSHSHOOTPRINTS #WallArtDecor #INPRNT #ArtCollector",https://www.inprnt.com/gallery/joshuadenouden/josh1-142-geometric-repetition/,,#PhygitalArt #SolanaNFT #Industrial #BrutalistArchitecture #ArchitecturalPhotography #FineArtPrint #JOSHSHOOTPRINTS #WallArtDecor #INPRNT #ArtCollector
JOSH1-141: De Euromast | JOSH¹ Archive Brutalist Photography & Phygital Art Print,https://cdn.inprnt.com/thumbs/c1/cc/c1ccd0215181cd1582ba5eda453cb903.jpg,JOSH¹ Archive // Phygital Photography Prints,https://cdn.inprnt.com/thumbs/c1/cc/c1ccd0215181cd1582ba5eda453cb903.jpg,"This is a Common rarity asset in the JOSH¹ Archive ('JOSH1-141: De Euromast'). Exclusively available as a limited edition Phygital Art piece, bridging Solana blockchain provenance (JOSHSHOOT.SOL) and a gallery-quality physical print. Captured in Rotterdam (RTM) 🇳🇱. Rendered on 100% cotton rag archival paper with pigment inks via INPRNT. Collect the archive & explore global shipping: joshuadenouden21-hiuos.wordpress.com | https://www.inprnt.com/gallery/joshuadenouden/josh1-141-de-euromast/ • #PhygitalArt #SolanaNFT #Industrial #BrutalistArchitecture #ArchitecturalPhotography #FineArtPrint #JOSHSHOOTPRINTS #WallArtDecor #INPRNT #ArtCollector",https://www.inprnt.com/gallery/joshuadenouden/josh1-141-de-euromast/,,#PhygitalArt #SolanaNFT #Industrial #BrutalistArchitecture #ArchitecturalPhotography #FineArtPrint #JOSHSHOOTPRINTS #WallArtDecor #INPRNT #ArtCollector
JOSH1-140: Weena Ecstasy | JOSH¹ Archive Brutalist Photography & Phygital Art Print,https://cdn.inprnt.com/thumbs/91/a9/91a9784ab51ec4ff0e3c5cb24966b219.jpg,JOSH¹ Archive // Phygital Photography Prints,https://cdn.inprnt.com/thumbs/91/a9/91a9784ab51ec4ff0e3c5cb24966b219.jpg,"This is a Common rarity asset in the JOSH¹ Archive ('JOSH1-140: Weena Ecstasy'). Exclusively available as a limited edition Phygital Art piece, bridging Solana blockchain provenance (JOSHSHOOT.SOL) and a gallery-quality physical print. Captured in Rotterdam (RTM) 🇳🇱. Rendered on 100% cotton rag archival paper with pigment inks via INPRNT. Collect the archive & explore global shipping: joshuadenouden21-hiuos.wordpress.com | https://www.inprnt.com/gallery/joshuadenouden/josh1-140-weena-ecstasy/ • #PhygitalArt #SolanaNFT #Industrial #BrutalistArchitecture #ArchitecturalPhotography #FineArtPrint #JOSHSHOOTPRINTS #WallArtDecor #INPRNT #ArtCollector",https://www.inprnt.com/gallery/joshuadenouden/josh1-140-weena-ecstasy/,,#PhygitalArt #SolanaNFT #Industrial #BrutalistArchitecture #ArchitecturalPhotography #FineArtPrint #JOSHSHOOTPRINTS #WallArtDecor #INPRNT #ArtCollector
JOSH1-139: De Rotterdam | JOSH¹ Archive Brutalist Photography & Phygital Art Print,https://cdn.inprnt.com/thumbs/38/68/38685d5001124068216ec3c8cade4b7f.jpg,JOSH¹ Archive // Phygital Photography Prints,https://cdn.inprnt.com/thumbs/38/68/38685d5001124068216ec3c8cade4b7f.jpg,"This is a Common rarity asset in the JOSH¹ Archive ('JOSH1-139: De Rotterdam'). Exclusively available as a limited edition Phygital Art piece, bridging Solana blockchain provenance (JOSHSHOOT.SOL) and a gallery-quality physical print. Captured in Rotterdam (RTM) 🇳🇱. Rendered on 100% cotton rag archival paper with pigment inks via INPRNT. Collect the archive & explore global shipping: joshuadenouden21-hiuos.wordpress.com | https://www.inprnt.com/gallery/joshuadenouden/josh1-139-de-rotterdam/ • #PhygitalArt #SolanaNFT #Industrial #BrutalistArchitecture #ArchitecturalPhotography #FineArtPrint #JOSHSHOOTPRINTS #WallArtDecor #INPRNT #ArtCollector",https://www.inprnt.com/gallery/joshuadenouden/josh1-139-de-rotterdam/,,#PhygitalArt #SolanaNFT #Industrial #BrutalistArchitecture #ArchitecturalPhotography #FineArtPrint #JOSHSHOOTPRINTS #WallArtDecor #INPRNT #ArtCollector
JOSH1-138: And how building | JOSH¹ Archive Brutalist Photography & Phygital Art Print,https://cdn.inprnt.com/thumbs/6f/fb/6ffbc74d994925227a895110353b9129.jpg,JOSH¹ Archive // Phygital Photography Prints,https://cdn.inprnt.com/thumbs/6f/fb/6ffbc74d994925227a895110353b9129.jpg,"This is a Common rarity asset in the JOSH¹ Archive ('JOSH1-138: And how building'). Exclusively available as a limited edition Phygital Art piece, bridging Solana blockchain provenance (JOSHSHOOT.SOL) and a gallery-quality physical print. Captured in Rotterdam (RTM) 🇳🇱. Rendered on 100% cotton rag archival paper with pigment inks via INPRNT. Collect the archive & explore global shipping: joshuadenouden21-hiuos.wordpress.com | https://www.inprnt.com/gallery/joshuadenouden/josh1-138-and-how-building/ • #PhygitalArt #SolanaNFT #Industrial #BrutalistArchitecture #ArchitecturalPhotography #FineArtPrint #JOSHSHOOTPRINTS #WallArtDecor #INPRNT #ArtCollector",https://www.inprnt.com/gallery/joshuadenouden/josh1-138-and-how-building/,,#PhygitalArt #SolanaNFT #Industrial #BrutalistArchitecture #ArchitecturalPhotography #FineArtPrint #JOSHSHOOTPRINTS #WallArtDecor #INPRNT #ArtCollector
JOSH1-137: Only Thing that Stuck | JOSH¹ Archive Brutalist Photography & Phygital Art Print,https://cdn.inprnt.com/thumbs/da/39/da39e4cbf720277556cd62f71de51a1d.jpg,JOSH¹ Archive // Phygital Photography Prints,https://cdn.inprnt.com/thumbs/da/39/da39e4cbf720277556cd62f71de51a1d.jpg,"This is a Common rarity asset in the JOSH¹ Archive ('JOSH1-137: Only Thing that Stuck'). Exclusively available as a limited edition Phygital Art piece, bridging Solana blockchain provenance (JOSHSHOOT.SOL) and a gallery-quality physical print. Captured in Rotterdam (RTM) 🇳🇱. Rendered on 100% cotton rag archival paper with pigment inks via INPRNT. Collect the archive & explore global shipping: joshuadenouden21-hiuos.wordpress.com | https://www.inprnt.com/gallery/joshuadenouden/josh1-137-only-thing-that-stuck/ • #PhygitalArt #SolanaNFT #Industrial #BrutalistArchitecture #ArchitecturalPhotography #FineArtPrint #JOSHSHOOTPRINTS #WallArtDecor #INPRNT #ArtCollector",https://www.inprnt.com/gallery/joshuadenouden/josh1-137-only-thing-that-stuck/,,#PhygitalArt #SolanaNFT #Industrial #BrutalistArchitecture #ArchitecturalPhotography #FineArtPrint #JOSHSHOOTPRINTS #WallArtDecor #INPRNT #ArtCollector
JOSH1-136: Back to The Reef | JOSH¹ Archive Brutalist Photography & Phygital Art Print,https://cdn.inprnt.com/thumbs/a2/6e/a26e4a4258eeaa1899c476bd4985d8a8.jpg,JOSH¹ Archive // Phygital Photography Prints,https://cdn.inprnt.com/thumbs/a2/6e/a26e4a4258eeaa1899c476bd4985d8a8.jpg,"This is a Common rarity asset in the JOSH¹ Archive ('JOSH1-136: Back to The Reef'). Exclusively available as a limited edition Phygital Art piece, bridging Solana blockchain provenance (JOSHSHOOT.SOL) and a gallery-quality physical print. Captured in Rotterdam (RTM) 🇳🇱. Rendered on 100% cotton rag archival paper with pigment inks via INPRNT. Collect the archive & explore global shipping: joshuadenouden21-hiuos.wordpress.com | https://www.inprnt.com/gallery/joshuadenouden/josh1-136-back-to-the-reef/ • #PhygitalArt #SolanaNFT #Industrial #BrutalistArchitecture #ArchitecturalPhotography #FineArtPrint #JOSHSHOOTPRINTS #WallArtDecor #INPRNT #ArtCollector",https://www.inprnt.com/gallery/joshuadenouden/josh1-136-back-to-the-reef/,,#PhygitalArt #SolanaNFT #Industrial #BrutalistArchitecture #ArchitecturalPhotography #FineArtPrint #JOSHSHOOTPRINTS #WallArtDecor #INPRNT #ArtCollector
JOSH1-135: Worth The Wait | JOSH¹ Archive Brutalist Photography & Phygital Art Print,https://cdn.inprnt.com/thumbs/72/13/72139c895acd965c2d1224cc17f2b206.jpg,JOSH¹ Archive // Phygital Photography Prints,https://cdn.inprnt.com/thumbs/72/13/72139c895acd965c2d1224cc17f2b206.jpg,"This is a Common rarity asset in the JOSH¹ Archive ('JOSH1-135: Worth The Wait'). Exclusively available as a limited edition Phygital Art piece, bridging Solana blockchain provenance (JOSHSHOOT.SOL) and a gallery-quality physical print. Captured in Rotterdam (RTM) 🇳🇱. Rendered on 100% cotton rag archival paper with pigment inks via INPRNT. Collect the archive & explore global shipping: joshuadenouden21-hiuos.wordpress.com | https://www.inprnt.com/gallery/joshuadenouden/josh1-135-worth-the-wait/ • #PhygitalArt #SolanaNFT #Industrial #BrutalistArchitecture #ArchitecturalPhotography #FineArtPrint #JOSHSHOOTPRINTS #WallArtDecor #INPRNT #ArtCollector",https://www.inprnt.com/gallery/joshuadenouden/josh1-135-worth-the-wait/,,#PhygitalArt #SolanaNFT #Industrial #BrutalistArchitecture #ArchitecturalPhotography #FineArtPrint #JOSHSHOOTPRINTS #WallArtDecor #INPRNT #ArtCollector
JOSH1-134: The Hilless | JOSH¹ Archive Brutalist Photography & Phygital Art Print,https://cdn.inprnt.com/thumbs/06/55/06558a606074eb8bb52dfc232ba55f35.jpg,JOSH¹ Archive // Phygital Photography Prints,https://cdn.inprnt.com/thumbs/06/55/06558a606074eb8bb52dfc232ba55f35.jpg,"This is a Common rarity asset in the JOSH¹ Archive ('JOSH1-134: The Hilless'). Exclusively available as a limited edition Phygital Art piece, bridging Solana blockchain provenance (JOSHSHOOT.SOL) and a gallery-quality physical print. Captured in Rotterdam (RTM) 🇳🇱. Rendered on 100% cotton rag archival paper with pigment inks via INPRNT. Collect the archive & explore global shipping: joshuadenouden21-hiuos.wordpress.com | https://www.inprnt.com/gallery/joshuadenouden/josh1-134-the-hilless/ • #PhygitalArt #SolanaNFT #Industrial #BrutalistArchitecture #ArchitecturalPhotography #FineArtPrint #JOSHSHOOTPRINTS #WallArtDecor #INPRNT #ArtCollector",https://www.inprnt.com/gallery/joshuadenouden/josh1-134-the-hilless/,,#PhygitalArt #SolanaNFT #Industrial #BrutalistArchitecture #ArchitecturalPhotography #FineArtPrint #JOSHSHOOTPRINTS #WallArtDecor #INPRNT #ArtCollector
JOSH1-133: Dam Housing Crisis | JOSH¹ Archive Brutalist Photography & Phygital Art Print,https://cdn.inprnt.com/thumbs/af/51/af515a740e4e4565a914d61c2f34cb7b.jpg,JOSH¹ Archive // Phygital Photography Prints,https://cdn.inprnt.com/thumbs/af/51/af515a740e4e4565a914d61c2f34cb7b.jpg,"This is a Common rarity asset in the JOSH¹ Archive ('JOSH1-133: Dam Housing Crisis'). Exclusively available as a limited edition Phygital Art piece, bridging Solana blockchain provenance (JOSHSHOOT.SOL) and a gallery-quality physical print. Captured in Rotterdam (RTM) 🇳🇱. Rendered on 100% cotton rag archival paper with pigment inks via INPRNT. Collect the archive & explore global shipping: joshuadenouden21-hiuos.wordpress.com | https://www.inprnt.com/gallery/joshuadenouden/josh1-133-dam-housing-crisis/ • #PhygitalArt #SolanaNFT #Industrial #BrutalistArchitecture #ArchitecturalPhotography #FineArtPrint #JOSHSHOOTPRINTS #WallArtDecor #INPRNT #ArtCollector",https://www.inprnt.com/gallery/joshuadenouden/josh1-133-dam-housing-crisis/,,#PhygitalArt #SolanaNFT #Industrial #BrutalistArchitecture #ArchitecturalPhotography #FineArtPrint #JOSHSHOOTPRINTS #WallArtDecor #INPRNT #ArtCollector
JOSH1-132: What does Blaak Mean? | JOSH¹ Archive Brutalist Photography & Phygital Art Print,https://cdn.inprnt.com/thumbs/9d/19/9d190f44099573569d725367d2e88b7f.jpg,JOSH¹ Archive // Phygital Photography Prints,https://cdn.inprnt.com/thumbs/9d/19/9d190f44099573569d725367d2e88b7f.jpg,"This is a Common rarity asset in the JOSH¹ Archive ('JOSH1-132: What does Blaak Mean?'). Exclusively available as a limited edition Phygital Art piece, bridging Solana blockchain provenance (JOSHSHOOT.SOL) and a gallery-quality physical print. Captured in Rotterdam (RTM) 🇳🇱. Rendered on 100% cotton rag archival paper with pigment inks via INPRNT. Collect the archive & explore global shipping: joshuadenouden21-hiuos.wordpress.com | https://www.inprnt.com/gallery/joshuadenouden/josh1-132-what-does-blaak-mean/ • #PhygitalArt #SolanaNFT #Industrial #BrutalistArchitecture #ArchitecturalPhotography #FineArtPrint #JOSHSHOOTPRINTS #WallArtDecor #INPRNT #ArtCollector",https://www.inprnt.com/gallery/joshuadenouden/josh1-132-what-does-blaak-mean/,,#PhygitalArt #SolanaNFT #Industrial #BrutalistArchitecture #ArchitecturalPhotography #FineArtPrint #JOSHSHOOTPRINTS #WallArtDecor #INPRNT #ArtCollector
JOSH1-131: The Forum | JOSH¹ Archive Brutalist Photography & Phygital Art Print,https://cdn.inprnt.com/thumbs/2b/9c/2b9cf244511e040d0168eea12553b4c0.jpg,JOSH¹ Archive // Phygital Photography Prints,https://cdn.inprnt.com/thumbs/2b/9c/2b9cf244511e040d0168eea12553b4c0.jpg,"This is a Common rarity asset in the JOSH¹ Archive ('JOSH1-131: The Forum'). Exclusively available as a limited edition Phygital Art piece, bridging Solana blockchain provenance (JOSHSHOOT.SOL) and a gallery-quality physical print. Captured in Rotterdam (RTM) 🇳🇱. Rendered on 100% cotton rag archival paper with pigment inks via INPRNT. Collect the archive & explore global shipping: joshuadenouden21-hiuos.wordpress.com | https://www.inprnt.com/gallery/joshuadenouden/josh1-131-the-forum/ • #PhygitalArt #SolanaNFT #Industrial #BrutalistArchitecture #ArchitecturalPhotography #FineArtPrint #JOSHSHOOTPRINTS #WallArtDecor #INPRNT #ArtCollector",https://www.inprnt.com/gallery/joshuadenouden/josh1-131-the-forum/,,#PhygitalArt #SolanaNFT #Industrial #BrutalistArchitecture #ArchitecturalPhotography #FineArtPrint #JOSHSHOOTPRINTS #WallArtDecor #INPRNT #ArtCollector
JOSH1-130: The Beurs Dis | JOSH¹ Archive Brutalist Photography & Phygital Art Print,https://cdn.inprnt.com/thumbs/0d/63/0d635d497f18769d83cf2277c9ea57c8.jpg,JOSH¹ Archive // Phygital Photography Prints,https://cdn.inprnt.com/thumbs/0d/63/0d635d497f18769d83cf2277c9ea57c8.jpg,"This is a Common rarity asset in the JOSH¹ Archive ('JOSH1-130: The Beurs Dis'). Exclusively available as a limited edition Phygital Art piece, bridging Solana blockchain provenance (JOSHSHOOT.SOL) and a gallery-quality physical print. Captured in Rotterdam (RTM) 🇳🇱. Rendered on 100% cotton rag archival paper with pigment inks via INPRNT. Collect the archive & explore global shipping: joshuadenouden21-hiuos.wordpress.com | https://www.inprnt.com/gallery/joshuadenouden/josh1-130-the-beurs-dis/ • #PhygitalArt #SolanaNFT #Industrial #BrutalistArchitecture #ArchitecturalPhotography #FineArtPrint #JOSHSHOOTPRINTS #WallArtDecor #INPRNT #ArtCollector",https://www.inprnt.com/gallery/joshuadenouden/josh1-130-the-beurs-dis/,,#PhygitalArt #SolanaNFT #Industrial #BrutalistArchitecture #ArchitecturalPhotography #FineArtPrint #JOSHSHOOTPRINTS #WallArtDecor #INPRNT #ArtCollector
JOSH1-128: The Two Bikes | JOSH¹ Archive Brutalist Photography & Phygital Art Print,https://cdn.inprnt.com/thumbs/80/3e/803ed488ec1636e79617d2aff3cde106.jpg,JOSH¹ Archive // Phygital Photography Prints,https://cdn.inprnt.com/thumbs/80/3e/803ed488ec1636e79617d2aff3cde106.jpg,"This is a Common rarity asset in the JOSH¹ Archive ('JOSH1-128: The Two Bikes'). Exclusively available as a limited edition Phygital Art piece, bridging Solana blockchain provenance (JOSHSHOOT.SOL) and a gallery-quality physical print. Captured in Rotterdam (RTM) 🇳🇱. Rendered on 100% cotton rag archival paper with pigment inks via INPRNT. Collect the archive & explore global shipping: joshuadenouden21-hiuos.wordpress.com | https://www.inprnt.com/gallery/joshuadenouden/josh1-128-the-two-bikes/ • #PhygitalArt #SolanaNFT #Industrial #BrutalistArchitecture #ArchitecturalPhotography #FineArtPrint #JOSHSHOOTPRINTS #WallArtDecor #INPRNT #ArtCollector",https://www.inprnt.com/gallery/joshuadenouden/josh1-128-the-two-bikes/,,#PhygitalArt #SolanaNFT #Industrial #BrutalistArchitecture #ArchitecturalPhotography #FineArtPrint #JOSHSHOOTPRINTS #WallArtDecor #INPRNT #ArtCollector
JOSH1-127: Canal Grafitti | JOSH¹ Archive Brutalist Photography & Phygital Art Print,https://cdn.inprnt.com/thumbs/e0/57/e0573c33bffab0a78be92dc2cb55ab04.jpg,JOSH¹ Archive // Phygital Photography Prints,https://cdn.inprnt.com/thumbs/e0/57/e0573c33bffab0a78be92dc2cb55ab04.jpg,"This is a Common rarity asset in the JOSH¹ Archive ('JOSH1-127: Canal Grafitti'). Exclusively available as a limited edition Phygital Art piece, bridging Solana blockchain provenance (JOSHSHOOT.SOL) and a gallery-quality physical print. Captured in Rotterdam (RTM) 🇳🇱. Rendered on 100% cotton rag archival paper with pigment inks via INPRNT. Collect the archive & explore global shipping: joshuadenouden21-hiuos.wordpress.com | https://www.inprnt.com/gallery/joshuadenouden/josh1-127-canal-grafitti/ • #PhygitalArt #SolanaNFT #Industrial #BrutalistArchitecture #ArchitecturalPhotography #FineArtPrint #JOSHSHOOTPRINTS #WallArtDecor #INPRNT #ArtCollector",https://www.inprnt.com/gallery/joshuadenouden/josh1-127-canal-grafitti/,,#PhygitalArt #SolanaNFT #Industrial #BrutalistArchitecture #ArchitecturalPhotography #FineArtPrint #JOSHSHOOTPRINTS #WallArtDecor #INPRNT #ArtCollector
JOSH1-126: Kalverstraat 2020 | JOSH¹ Archive Brutalist Photography & Phygital Art Print,https://cdn.inprnt.com/thumbs/b2/70/b270264c887e38d4d2d7bf723e84fd4b.jpg,JOSH¹ Archive // Phygital Photography Prints,https://cdn.inprnt.com/thumbs/b2/70/b270264c887e38d4d2d7bf723e84fd4b.jpg,"This is a Common rarity asset in the JOSH¹ Archive ('JOSH1-126: Kalverstraat 2020'). Exclusively available as a limited edition Phygital Art piece, bridging Solana blockchain provenance (JOSHSHOOT.SOL) and a gallery-quality physical print. Captured in Rotterdam (RTM) 🇳🇱. Rendered on 100% cotton rag archival paper with pigment inks via INPRNT. Collect the archive & explore global shipping: joshuadenouden21-hiuos.wordpress.com | https://www.inprnt.com/gallery/joshuadenouden/josh1-126-kalverstraat-2020/ • #PhygitalArt #SolanaNFT #Industrial #BrutalistArchitecture #ArchitecturalPhotography #FineArtPrint #JOSHSHOOTPRINTS #WallArtDecor #INPRNT #ArtCollector",https://www.inprnt.com/gallery/joshuadenouden/josh1-126-kalverstraat-2020/,,#PhygitalArt #SolanaNFT #Industrial #BrutalistArchitecture #ArchitecturalPhotography #FineArtPrint #JOSHSHOOTPRINTS #WallArtDecor #INPRNT #ArtCollector
JOSH1-125: Something about | JOSH¹ Archive Brutalist Photography & Phygital Art Print,https://cdn.inprnt.com/thumbs/fc/33/fc338fe6d9878dc4c3bfd2c80f5a3123.jpg,JOSH¹ Archive // Phygital Photography Prints,https://cdn.inprnt.com/thumbs/fc/33/fc338fe6d9878dc4c3bfd2c80f5a3123.jpg,"This is a Common rarity asset in the JOSH¹ Archive ('JOSH1-125: Something about'). Exclusively available as a limited edition Phygital Art piece, bridging Solana blockchain provenance (JOSHSHOOT.SOL) and a gallery-quality physical print. Captured in Rotterdam (RTM) 🇳🇱. Rendered on 100% cotton rag archival paper with pigment inks via INPRNT. Collect the archive & explore global shipping: joshuadenouden21-hiuos.wordpress.com | https://www.inprnt.com/gallery/joshuadenouden/josh1-125-something-about/ • #PhygitalArt #SolanaNFT #Industrial #BrutalistArchitecture #ArchitecturalPhotography #FineArtPrint #JOSHSHOOTPRINTS #WallArtDecor #INPRNT #ArtCollector",https://www.inprnt.com/gallery/joshuadenouden/josh1-125-something-about/,,#PhygitalArt #SolanaNFT #Industrial #BrutalistArchitecture #ArchitecturalPhotography #FineArtPrint #JOSHSHOOTPRINTS #WallArtDecor #INPRNT #ArtCollector
JOSH1-124: The Hague Centraal | JOSH¹ Archive Brutalist Photography & Phygital Art Print,https://cdn.inprnt.com/thumbs/32/e9/32e9949e239759b08d4548e0b258dd94.jpg,JOSH¹ Archive // Phygital Photography Prints,https://cdn.inprnt.com/thumbs/32/e9/32e9949e239759b08d4548e0b258dd94.jpg,"This is a Common rarity asset in the JOSH¹ Archive ('JOSH1-124: The Hague Centraal'). Exclusively available as a limited edition Phygital Art piece, bridging Solana blockchain provenance (JOSHSHOOT.SOL) and a gallery-quality physical print. Captured in Rotterdam (RTM) 🇳🇱. Rendered on 100% cotton rag archival paper with pigment inks via INPRNT. Collect the archive & explore global shipping: joshuadenouden21-hiuos.wordpress.com | https://www.inprnt.com/gallery/joshuadenouden/josh1-124-the-hague-centraal/ • #PhygitalArt #SolanaNFT #Industrial #BrutalistArchitecture #ArchitecturalPhotography #FineArtPrint #JOSHSHOOTPRINTS #WallArtDecor #INPRNT #ArtCollector",https://www.inprnt.com/gallery/joshuadenouden/josh1-124-the-hague-centraal/,,#PhygitalArt #SolanaNFT #Industrial #BrutalistArchitecture #ArchitecturalPhotography #FineArtPrint #JOSHSHOOTPRINTS #WallArtDecor #INPRNT #ArtCollector
JOSH1-123: North Side River | JOSH¹ Archive Brutalist Photography & Phygital Art Print,https://cdn.inprnt.com/thumbs/97/a2/97a28d21a9e2b5060ea2419a24e0cc3e.jpg,JOSH¹ Archive // Phygital Photography Prints,https://cdn.inprnt.com/thumbs/97/a2/97a28d21a9e2b5060ea2419a24e0cc3e.jpg,"This is a Common rarity asset in the JOSH¹ Archive ('JOSH1-123: North Side River'). Exclusively available as a limited edition Phygital Art piece, bridging Solana blockchain provenance (JOSHSHOOT.SOL) and a gallery-quality physical print. Captured in Rotterdam (RTM) 🇳🇱. Rendered on 100% cotton rag archival paper with pigment inks via INPRNT. Collect the archive & explore global shipping: joshuadenouden21-hiuos.wordpress.com | https://www.inprnt.com/gallery/joshuadenouden/josh1-123-north-side-river/ • #PhygitalArt #SolanaNFT #Industrial #BrutalistArchitecture #ArchitecturalPhotography #FineArtPrint #JOSHSHOOTPRINTS #WallArtDecor #INPRNT #ArtCollector",https://www.inprnt.com/gallery/joshuadenouden/josh1-123-north-side-river/,,#PhygitalArt #SolanaNFT #Industrial #BrutalistArchitecture #ArchitecturalPhotography #FineArtPrint #JOSHSHOOTPRINTS #WallArtDecor #INPRNT #ArtCollector
JOSH1-122: Droppin | JOSH¹ Archive Brutalist Photography & Phygital Art Print,https://cdn.inprnt.com/thumbs/fd/14/fd149c473a0fef8acdf9d041d30c5cee.jpg,JOSH¹ Archive // Phygital Photography Prints,https://cdn.inprnt.com/thumbs/fd/14/fd149c473a0fef8acdf9d041d30c5cee.jpg,"This is a Common rarity asset in the JOSH¹ Archive ('JOSH1-122: Droppin'). Exclusively available as a limited edition Phygital Art piece, bridging Solana blockchain provenance (JOSHSHOOT.SOL) and a gallery-quality physical print. Captured in Rotterdam (RTM) 🇳🇱. Rendered on 100% cotton rag archival paper with pigment inks via INPRNT. Collect the archive & explore global shipping: joshuadenouden21-hiuos.wordpress.com | https://www.inprnt.com/gallery/joshuadenouden/josh1-122-droppin/ • #PhygitalArt #SolanaNFT #Industrial #BrutalistArchitecture #ArchitecturalPhotography #FineArtPrint #JOSHSHOOTPRINTS #WallArtDecor #INPRNT #ArtCollector",https://www.inprnt.com/gallery/joshuadenouden/josh1-122-droppin/,,#PhygitalArt #SolanaNFT #Industrial #BrutalistArchitecture #ArchitecturalPhotography #FineArtPrint #JOSHSHOOTPRINTS #WallArtDecor #INPRNT #ArtCollector
JOSH1-121: A Dutch Ferris Wheel | JOSH¹ Archive Brutalist Photography & Phygital Art Print,https://cdn.inprnt.com/thumbs/c8/90/c890978a8a5ee8a39703482f1879eff4.jpg,JOSH¹ Archive // Phygital Photography Prints,https://cdn.inprnt.com/thumbs/c8/90/c890978a8a5ee8a39703482f1879eff4.jpg,"This is a Common rarity asset in the JOSH¹ Archive ('JOSH1-121: A Dutch Ferris Wheel'). Exclusively available as a limited edition Phygital Art piece, bridging Solana blockchain provenance (JOSHSHOOT.SOL) and a gallery-quality physical print. Captured in Rotterdam (RTM) 🇳🇱. Rendered on 100% cotton rag archival paper with pigment inks via INPRNT. Collect the archive & explore global shipping: joshuadenouden21-hiuos.wordpress.com | https://www.inprnt.com/gallery/joshuadenouden/josh1-121-a-dutch-ferris-wheel/ • #PhygitalArt #SolanaNFT #Industrial #BrutalistArchitecture #ArchitecturalPhotography #FineArtPrint #JOSHSHOOTPRINTS #WallArtDecor #INPRNT #ArtCollector",https://www.inprnt.com/gallery/joshuadenouden/josh1-121-a-dutch-ferris-wheel/,,#PhygitalArt #SolanaNFT #Industrial #BrutalistArchitecture #ArchitecturalPhotography #FineArtPrint #JOSHSHOOTPRINTS #WallArtDecor #INPRNT #ArtCollector
JOSH1-120: The Hague Beach | JOSH¹ Archive Brutalist Photography & Phygital Art Print,https://cdn.inprnt.com/thumbs/ad/c0/adc09bfc862f5fd8da40ca0bec07c80b.jpg,JOSH¹ Archive // Phygital Photography Prints,https://cdn.inprnt.com/thumbs/ad/c0/adc09bfc862f5fd8da40ca0bec07c80b.jpg,"This is a Common rarity asset in the JOSH¹ Archive ('JOSH1-120: The Hague Beach'). Exclusively available as a limited edition Phygital Art piece, bridging Solana blockchain provenance (JOSHSHOOT.SOL) and a gallery-quality physical print. Captured in Rotterdam (RTM) 🇳🇱. Rendered on 100% cotton rag archival paper with pigment inks via INPRNT. Collect the archive & explore global shipping: joshuadenouden21-hiuos.wordpress.com | https://www.inprnt.com/gallery/joshuadenouden/josh1-120-the-hague-beach/ • #PhygitalArt #SolanaNFT #Industrial #BrutalistArchitecture #ArchitecturalPhotography #FineArtPrint #JOSHSHOOTPRINTS #WallArtDecor #INPRNT #ArtCollector",https://www.inprnt.com/gallery/joshuadenouden/josh1-120-the-hague-beach/,,#PhygitalArt #SolanaNFT #Industrial #BrutalistArchitecture #ArchitecturalPhotography #FineArtPrint #JOSHSHOOTPRINTS #WallArtDecor #INPRNT #ArtCollector
JOSH1-119: Cash In Cash Out | JOSH¹ Archive Brutalist Photography & Phygital Art Print,https://cdn.inprnt.com/thumbs/f8/8a/f88ad6d8fc7367410dfb98e72cb1a769.jpg,JOSH¹ Archive // Phygital Photography Prints,https://cdn.inprnt.com/thumbs/f8/8a/f88ad6d8fc7367410dfb98e72cb1a769.jpg,"This is a Common rarity asset in the JOSH¹ Archive ('JOSH1-119: Cash In Cash Out'). Exclusively available as a limited edition Phygital Art piece, bridging Solana blockchain provenance (JOSHSHOOT.SOL) and a gallery-quality physical print. Captured in Rotterdam (RTM) 🇳🇱. Rendered on 100% cotton rag archival paper with pigment inks via INPRNT. Collect the archive & explore global shipping: joshuadenouden21-hiuos.wordpress.com | https://www.inprnt.com/gallery/joshuadenouden/josh1-119-cash-in-cash-out/ • #PhygitalArt #SolanaNFT #Industrial #BrutalistArchitecture #ArchitecturalPhotography #FineArtPrint #JOSHSHOOTPRINTS #WallArtDecor #INPRNT #ArtCollector",https://www.inprnt.com/gallery/joshuadenouden/josh1-119-cash-in-cash-out/,,#PhygitalArt #SolanaNFT #Industrial #BrutalistArchitecture #ArchitecturalPhotography #FineArtPrint #JOSHSHOOTPRINTS #WallArtDecor #INPRNT #ArtCollector
JOSH1-118: Cee-Clinic | JOSH¹ Archive Brutalist Photography & Phygital Art Print,https://cdn.inprnt.com/thumbs/7b/22/7b2287caa5b50e1ebb11593be35254b0.jpg,JOSH¹ Archive // Phygital Photography Prints,https://cdn.inprnt.com/thumbs/7b/22/7b2287caa5b50e1ebb11593be35254b0.jpg,"This is a Common rarity asset in the JOSH¹ Archive ('JOSH1-118: Cee-Clinic'). Exclusively available as a limited edition Phygital Art piece, bridging Solana blockchain provenance (JOSHSHOOT.SOL) and a gallery-quality physical print. Captured in Rotterdam (RTM) 🇳🇱. Rendered on 100% cotton rag archival paper with pigment inks via INPRNT. Collect the archive & explore global shipping: joshuadenouden21-hiuos.wordpress.com | https://www.inprnt.com/gallery/joshuadenouden/josh1-118-cee-clinic/ • #PhygitalArt #SolanaNFT #Industrial #BrutalistArchitecture #ArchitecturalPhotography #FineArtPrint #JOSHSHOOTPRINTS #WallArtDecor #INPRNT #ArtCollector",https://www.inprnt.com/gallery/joshuadenouden/josh1-118-cee-clinic/,,#PhygitalArt #SolanaNFT #Industrial #BrutalistArchitecture #ArchitecturalPhotography #FineArtPrint #JOSHSHOOTPRINTS #WallArtDecor #INPRNT #ArtCollector
JOSH1-117: Type of Fishing | JOSH¹ Archive Brutalist Photography & Phygital Art Print,https://cdn.inprnt.com/thumbs/15/2d/152d121b726be74bc19774c37bef6c01.jpg,JOSH¹ Archive // Phygital Photography Prints,https://cdn.inprnt.com/thumbs/15/2d/152d121b726be74bc19774c37bef6c01.jpg,"This is a Common rarity asset in the JOSH¹ Archive ('JOSH1-117: Type of Fishing'). Exclusively available as a limited edition Phygital Art piece, bridging Solana blockchain provenance (JOSHSHOOT.SOL) and a gallery-quality physical print. Captured in Rotterdam (RTM) 🇳🇱. Rendered on 100% cotton rag archival paper with pigment inks via INPRNT. Collect the archive & explore global shipping: joshuadenouden21-hiuos.wordpress.com | https://www.inprnt.com/gallery/joshuadenouden/josh1-117-type-of-fishing/ • #PhygitalArt #SolanaNFT #Industrial #BrutalistArchitecture #ArchitecturalPhotography #FineArtPrint #JOSHSHOOTPRINTS #WallArtDecor #INPRNT #ArtCollector",https://www.inprnt.com/gallery/joshuadenouden/josh1-117-type-of-fishing/,,#PhygitalArt #SolanaNFT #Industrial #BrutalistArchitecture #ArchitecturalPhotography #FineArtPrint #JOSHSHOOTPRINTS #WallArtDecor #INPRNT #ArtCollector
JOSH1-116: Somewhere in Arlon | JOSH¹ Archive Brutalist Photography & Phygital Art Print,https://cdn.inprnt.com/thumbs/f4/1b/f41b9cb14adbfbe6d89d3f520f9c2ef2.jpg,JOSH¹ Archive // Phygital Photography Prints,https://cdn.inprnt.com/thumbs/f4/1b/f41b9cb14adbfbe6d89d3f520f9c2ef2.jpg,"This is a Common rarity asset in the JOSH¹ Archive ('JOSH1-116: Somewhere in Arlon'). Exclusively available as a limited edition Phygital Art piece, bridging Solana blockchain provenance (JOSHSHOOT.SOL) and a gallery-quality physical print. Captured in Rotterdam (RTM) 🇳🇱. Rendered on 100% cotton rag archival paper with pigment inks via INPRNT. Collect the archive & explore global shipping: joshuadenouden21-hiuos.wordpress.com | https://www.inprnt.com/gallery/joshuadenouden/josh1-116-somewhere-in-arlon/ • #PhygitalArt #SolanaNFT #Industrial #BrutalistArchitecture #ArchitecturalPhotography #FineArtPrint #JOSHSHOOTPRINTS #WallArtDecor #INPRNT #ArtCollector",https://www.inprnt.com/gallery/joshuadenouden/josh1-116-somewhere-in-arlon/,,#PhygitalArt #SolanaNFT #Industrial #BrutalistArchitecture #ArchitecturalPhotography #FineArtPrint #JOSHSHOOTPRINTS #WallArtDecor #INPRNT #ArtCollector
JOSH1-115: Al Wahda Stadium | JOSH¹ Archive Brutalist Photography & Phygital Art Print,https://cdn.inprnt.com/thumbs/fa/a1/faa1fc770b62a4a932eda691094d1f4b.jpg,JOSH¹ Archive // Phygital Photography Prints,https://cdn.inprnt.com/thumbs/fa/a1/faa1fc770b62a4a932eda691094d1f4b.jpg,"This is a Common rarity asset in the JOSH¹ Archive ('JOSH1-115: Al Wahda Stadium'). Exclusively available as a limited edition Phygital Art piece, bridging Solana blockchain provenance (JOSHSHOOT.SOL) and a gallery-quality physical print. Captured in Rotterdam (RTM) 🇳🇱. Rendered on 100% cotton rag archival paper with pigment inks via INPRNT. Collect the archive & explore global shipping: joshuadenouden21-hiuos.wordpress.com | https://www.inprnt.com/gallery/joshuadenouden/josh1-115-al-wahda-stadium/ • #PhygitalArt #SolanaNFT #Industrial #BrutalistArchitecture #ArchitecturalPhotography #FineArtPrint #JOSHSHOOTPRINTS #WallArtDecor #INPRNT #ArtCollector",https://www.inprnt.com/gallery/joshuadenouden/josh1-115-al-wahda-stadium/,,#PhygitalArt #SolanaNFT #Industrial #BrutalistArchitecture #ArchitecturalPhotography #FineArtPrint #JOSHSHOOTPRINTS #WallArtDecor #INPRNT #ArtCollector
JOSH1-114: Random Building AD 1 | JOSH¹ Archive Brutalist Photography & Phygital Art Print,https://cdn.inprnt.com/thumbs/4c/7f/4c7f020f83e9c83d08137091bb510d3c.jpg,JOSH¹ Archive // Phygital Photography Prints,https://cdn.inprnt.com/thumbs/4c/7f/4c7f020f83e9c83d08137091bb510d3c.jpg,"This is a Common rarity asset in the JOSH¹ Archive ('JOSH1-114: Random Building AD 1'). Exclusively available as a limited edition Phygital Art piece, bridging Solana blockchain provenance (JOSHSHOOT.SOL) and a gallery-quality physical print. Captured in Rotterdam (RTM) 🇳🇱. Rendered on 100% cotton rag archival paper with pigment inks via INPRNT. Collect the archive & explore global shipping: joshuadenouden21-hiuos.wordpress.com | https://www.inprnt.com/gallery/joshuadenouden/josh1-114-random-building-ad-1/ • #PhygitalArt #SolanaNFT #Industrial #BrutalistArchitecture #ArchitecturalPhotography #FineArtPrint #JOSHSHOOTPRINTS #WallArtDecor #INPRNT #ArtCollector",https://www.inprnt.com/gallery/joshuadenouden/josh1-114-random-building-ad-1/,,#PhygitalArt #SolanaNFT #Industrial #BrutalistArchitecture #ArchitecturalPhotography #FineArtPrint #JOSHSHOOTPRINTS #WallArtDecor #INPRNT #ArtCollector
JOSH1-113: As All | JOSH¹ Archive Brutalist Photography & Phygital Art Print,https://cdn.inprnt.com/thumbs/ed/c2/edc232712b6d8951623a6e218185a2ab.jpg,JOSH¹ Archive // Phygital Photography Prints,https://cdn.inprnt.com/thumbs/ed/c2/edc232712b6d8951623a6e218185a2ab.jpg,"This is a Common rarity asset in the JOSH¹ Archive ('JOSH1-113: As All'). Exclusively available as a limited edition Phygital Art piece, bridging Solana blockchain provenance (JOSHSHOOT.SOL) and a gallery-quality physical print. Captured in Rotterdam (RTM) 🇳🇱. Rendered on 100% cotton rag archival paper with pigment inks via INPRNT. Collect the archive & explore global shipping: joshuadenouden21-hiuos.wordpress.com | https://www.inprnt.com/gallery/joshuadenouden/josh1-113-as-all/ • #PhygitalArt #SolanaNFT #Industrial #BrutalistArchitecture #ArchitecturalPhotography #FineArtPrint #JOSHSHOOTPRINTS #WallArtDecor #INPRNT #ArtCollector",https://www.inprnt.com/gallery/joshuadenouden/josh1-113-as-all/,,#PhygitalArt #SolanaNFT #Industrial #BrutalistArchitecture #ArchitecturalPhotography #FineArtPrint #JOSHSHOOTPRINTS #WallArtDecor #INPRNT #ArtCollector
JOSH1-112: People and Place | JOSH¹ Archive Brutalist Photography & Phygital Art Print,https://cdn.inprnt.com/thumbs/6f/44/6f44dddbdc695a7ac00f6c830dfed5bd.jpg,JOSH¹ Archive // Phygital Photography Prints,https://cdn.inprnt.com/thumbs/6f/44/6f44dddbdc695a7ac00f6c830dfed5bd.jpg,"This is a Common rarity asset in the JOSH¹ Archive ('JOSH1-112: People and Place'). Exclusively available as a limited edition Phygital Art piece, bridging Solana blockchain provenance (JOSHSHOOT.SOL) and a gallery-quality physical print. Captured in Rotterdam (RTM) 🇳🇱. Rendered on 100% cotton rag archival paper with pigment inks via INPRNT. Collect the archive & explore global shipping: joshuadenouden21-hiuos.wordpress.com | https://www.inprnt.com/gallery/joshuadenouden/josh1-112-people-and-place/ • #PhygitalArt #SolanaNFT #Industrial #BrutalistArchitecture #ArchitecturalPhotography #FineArtPrint #JOSHSHOOTPRINTS #WallArtDecor #INPRNT #ArtCollector",https://www.inprnt.com/gallery/joshuadenouden/josh1-112-people-and-place/,,#PhygitalArt #SolanaNFT #Industrial #BrutalistArchitecture #ArchitecturalPhotography #FineArtPrint #JOSHSHOOTPRINTS #WallArtDecor #INPRNT #ArtCollector
JOSH1-111: The Baqala | JOSH¹ Archive Brutalist Photography & Phygital Art Print,https://cdn.inprnt.com/thumbs/d6/37/d637b3bbd28f130322b4e616933d97ce.jpg,JOSH¹ Archive // Phygital Photography Prints,https://cdn.inprnt.com/thumbs/d6/37/d637b3bbd28f130322b4e616933d97ce.jpg,"This is a Common rarity asset in the JOSH¹ Archive ('JOSH1-111: The Baqala'). Exclusively available as a limited edition Phygital Art piece, bridging Solana blockchain provenance (JOSHSHOOT.SOL) and a gallery-quality physical print. Captured in Rotterdam (RTM) 🇳🇱. Rendered on 100% cotton rag archival paper with pigment inks via INPRNT. Collect the archive & explore global shipping: joshuadenouden21-hiuos.wordpress.com | https://www.inprnt.com/gallery/joshuadenouden/josh1-111-the-baqala/ • #PhygitalArt #SolanaNFT #Industrial #BrutalistArchitecture #ArchitecturalPhotography #FineArtPrint #JOSHSHOOTPRINTS #WallArtDecor #INPRNT #ArtCollector",https://www.inprnt.com/gallery/joshuadenouden/josh1-111-the-baqala/,,#PhygitalArt #SolanaNFT #Industrial #BrutalistArchitecture #ArchitecturalPhotography #FineArtPrint #JOSHSHOOTPRINTS #WallArtDecor #INPRNT #ArtCollector
JOSH1-110: Brutalism in The Philippines | JOSH¹ Archive Brutalist Photography & Phygital Art Print,https://cdn.inprnt.com/thumbs/7a/eb/7aeb387dda201f07f80a5943e6bff3e8.jpg,JOSH¹ Archive // Phygital Photography Prints,https://cdn.inprnt.com/thumbs/7a/eb/7aeb387dda201f07f80a5943e6bff3e8.jpg,"This is a Common rarity asset in the JOSH¹ Archive ('JOSH1-110: Brutalism in The Philippines'). Exclusively available as a limited edition Phygital Art piece, bridging Solana blockchain provenance (JOSHSHOOT.SOL) and a gallery-quality physical print. Captured in Rotterdam (RTM) 🇳🇱. Rendered on 100% cotton rag archival paper with pigment inks via INPRNT. Collect the archive & explore global shipping: joshuadenouden21-hiuos.wordpress.com | https://www.inprnt.com/gallery/joshuadenouden/josh1-110-brutalism-in-the-philippines/ • #PhygitalArt #SolanaNFT #Industrial #BrutalistArchitecture #ArchitecturalPhotography #FineArtPrint #JOSHSHOOTPRINTS #WallArtDecor #INPRNT #ArtCollector",https://www.inprnt.com/gallery/joshuadenouden/josh1-110-brutalism-in-the-philippines/,,#PhygitalArt #SolanaNFT #Industrial #BrutalistArchitecture #ArchitecturalPhotography #FineArtPrint #JOSHSHOOTPRINTS #WallArtDecor #INPRNT #ArtCollector
JOSH1-109: The Abandoned Buildings | JOSH¹ Archive Brutalist Photography & Phygital Art Print,https://cdn.inprnt.com/thumbs/41/f2/41f2d0bc178b1c9a762fbabee1391390.jpg,JOSH¹ Archive // Phygital Photography Prints,https://cdn.inprnt.com/thumbs/41/f2/41f2d0bc178b1c9a762fbabee1391390.jpg,"This is a Common rarity asset in the JOSH¹ Archive ('JOSH1-109: The Abandoned Buildings'). Exclusively available as a limited edition Phygital Art piece, bridging Solana blockchain provenance (JOSHSHOOT.SOL) and a gallery-quality physical print. Captured in Rotterdam (RTM) 🇳🇱. Rendered on 100% cotton rag archival paper with pigment inks via INPRNT. Collect the archive & explore global shipping: joshuadenouden21-hiuos.wordpress.com | https://www.inprnt.com/gallery/joshuadenouden/josh1-109-the-abandoned-buildings/ • #PhygitalArt #SolanaNFT #Industrial #BrutalistArchitecture #ArchitecturalPhotography #FineArtPrint #JOSHSHOOTPRINTS #WallArtDecor #INPRNT #ArtCollector",https://www.inprnt.com/gallery/joshuadenouden/josh1-109-the-abandoned-buildings/,,#PhygitalArt #SolanaNFT #Industrial #BrutalistArchitecture #ArchitecturalPhotography #FineArtPrint #JOSHSHOOTPRINTS #WallArtDecor #INPRNT #ArtCollector
JOSH1-108: Drill Baby | JOSH¹ Archive Brutalist Photography & Phygital Art Print,https://cdn.inprnt.com/thumbs/df/d5/dfd59fe46f57a93b8f59b8f4eacbc7ff.jpg,JOSH¹ Archive // Phygital Photography Prints,https://cdn.inprnt.com/thumbs/df/d5/dfd59fe46f57a93b8f59b8f4eacbc7ff.jpg,"This is a Common rarity asset in the JOSH¹ Archive ('JOSH1-108: Drill Baby'). Exclusively available as a limited edition Phygital Art piece, bridging Solana blockchain provenance (JOSHSHOOT.SOL) and a gallery-quality physical print. Captured in Rotterdam (RTM) 🇳🇱. Rendered on 100% cotton rag archival paper with pigment inks via INPRNT. Collect the archive & explore global shipping: joshuadenouden21-hiuos.wordpress.com | https://www.inprnt.com/gallery/joshuadenouden/josh1-108-drill-baby/ • #PhygitalArt #SolanaNFT #Industrial #BrutalistArchitecture #ArchitecturalPhotography #FineArtPrint #JOSHSHOOTPRINTS #WallArtDecor #INPRNT #ArtCollector",https://www.inprnt.com/gallery/joshuadenouden/josh1-108-drill-baby/,,#PhygitalArt #SolanaNFT #Industrial #BrutalistArchitecture #ArchitecturalPhotography #FineArtPrint #JOSHSHOOTPRINTS #WallArtDecor #INPRNT #ArtCollector
JOSH1-107: Wahda Bus | JOSH¹ Archive Brutalist Photography & Phygital Art Print,https://cdn.inprnt.com/thumbs/2e/d3/2ed32d462e2e21eaeccd76f683fa47fa.jpg,JOSH¹ Archive // Phygital Photography Prints,https://cdn.inprnt.com/thumbs/2e/d3/2ed32d462e2e21eaeccd76f683fa47fa.jpg,"This is a Common rarity asset in the JOSH¹ Archive ('JOSH1-107: Wahda Bus'). Exclusively available as a limited edition Phygital Art piece, bridging Solana blockchain provenance (JOSHSHOOT.SOL) and a gallery-quality physical print. Captured in Rotterdam (RTM) 🇳🇱. Rendered on 100% cotton rag archival paper with pigment inks via INPRNT. Collect the archive & explore global shipping: joshuadenouden21-hiuos.wordpress.com | https://www.inprnt.com/gallery/joshuadenouden/josh1-107-wahda-bus/ • #PhygitalArt #SolanaNFT #Industrial #BrutalistArchitecture #ArchitecturalPhotography #FineArtPrint #JOSHSHOOTPRINTS #WallArtDecor #INPRNT #ArtCollector",https://www.inprnt.com/gallery/joshuadenouden/josh1-107-wahda-bus/,,#PhygitalArt #SolanaNFT #Industrial #BrutalistArchitecture #ArchitecturalPhotography #FineArtPrint #JOSHSHOOTPRINTS #WallArtDecor #INPRNT #ArtCollector
JOSH1-106: W P.E N*S | JOSH¹ Archive Brutalist Photography & Phygital Art Print,https://cdn.inprnt.com/thumbs/39/ac/39acd366b98b5592eee081e7354d3c24.jpg,JOSH¹ Archive // Phygital Photography Prints,https://cdn.inprnt.com/thumbs/39/ac/39acd366b98b5592eee081e7354d3c24.jpg,"This is a Common rarity asset in the JOSH¹ Archive ('JOSH1-106: W P.E N*S'). Exclusively available as a limited edition Phygital Art piece, bridging Solana blockchain provenance (JOSHSHOOT.SOL) and a gallery-quality physical print. Captured in Rotterdam (RTM) 🇳🇱. Rendered on 100% cotton rag archival paper with pigment inks via INPRNT. Collect the archive & explore global shipping: joshuadenouden21-hiuos.wordpress.com | https://www.inprnt.com/gallery/joshuadenouden/josh1-106-w-pe-ns/ • #PhygitalArt #SolanaNFT #Industrial #BrutalistArchitecture #ArchitecturalPhotography #FineArtPrint #JOSHSHOOTPRINTS #WallArtDecor #INPRNT #ArtCollector",https://www.inprnt.com/gallery/joshuadenouden/josh1-106-w-pe-ns/,,#PhygitalArt #SolanaNFT #Industrial #BrutalistArchitecture #ArchitecturalPhotography #FineArtPrint #JOSHSHOOTPRINTS #WallArtDecor #INPRNT #ArtCollector
JOSH1-105: The Tourist Club | JOSH¹ Archive Brutalist Photography & Phygital Art Print,https://cdn.inprnt.com/thumbs/ed/e9/ede953db6a15a69faa1afd10f2cab038.jpg,JOSH¹ Archive // Phygital Photography Prints,https://cdn.inprnt.com/thumbs/ed/e9/ede953db6a15a69faa1afd10f2cab038.jpg,"This is a Common rarity asset in the JOSH¹ Archive ('JOSH1-105: The Tourist Club'). Exclusively available as a limited edition Phygital Art piece, bridging Solana blockchain provenance (JOSHSHOOT.SOL) and a gallery-quality physical print. Captured in Rotterdam (RTM) 🇳🇱. Rendered on 100% cotton rag archival paper with pigment inks via INPRNT. Collect the archive & explore global shipping: joshuadenouden21-hiuos.wordpress.com | https://www.inprnt.com/gallery/joshuadenouden/josh1-105-the-tourist-club/ • #PhygitalArt #SolanaNFT #Industrial #BrutalistArchitecture #ArchitecturalPhotography #FineArtPrint #JOSHSHOOTPRINTS #WallArtDecor #INPRNT #ArtCollector",https://www.inprnt.com/gallery/joshuadenouden/josh1-105-the-tourist-club/,,#PhygitalArt #SolanaNFT #Industrial #BrutalistArchitecture #ArchitecturalPhotography #FineArtPrint #JOSHSHOOTPRINTS #WallArtDecor #INPRNT #ArtCollector
JOSH1-104: Claim your Build | JOSH¹ Archive Brutalist Photography & Phygital Art Print,https://cdn.inprnt.com/thumbs/5b/38/5b384691b1464f3858471d6cde04896c.jpg,JOSH¹ Archive // Phygital Photography Prints,https://cdn.inprnt.com/thumbs/5b/38/5b384691b1464f3858471d6cde04896c.jpg,"This is a Common rarity asset in the JOSH¹ Archive ('JOSH1-104: Claim your Build'). Exclusively available as a limited edition Phygital Art piece, bridging Solana blockchain provenance (JOSHSHOOT.SOL) and a gallery-quality physical print. Captured in Rotterdam (RTM) 🇳🇱. Rendered on 100% cotton rag archival paper with pigment inks via INPRNT. Collect the archive & explore global shipping: joshuadenouden21-hiuos.wordpress.com | https://www.inprnt.com/gallery/joshuadenouden/josh1-104-claim-your-build/ • #PhygitalArt #SolanaNFT #Industrial #BrutalistArchitecture #ArchitecturalPhotography #FineArtPrint #JOSHSHOOTPRINTS #WallArtDecor #INPRNT #ArtCollector",https://www.inprnt.com/gallery/joshuadenouden/josh1-104-claim-your-build/,,#PhygitalArt #SolanaNFT #Industrial #BrutalistArchitecture #ArchitecturalPhotography #FineArtPrint #JOSHSHOOTPRINTS #WallArtDecor #INPRNT #ArtCollector
JOSH1-103: In my Room | JOSH¹ Archive Brutalist Photography & Phygital Art Print,https://cdn.inprnt.com/thumbs/fb/b3/fbb38e811bdd5f5f1c65404f4865cddf.jpg,JOSH¹ Archive // Phygital Photography Prints,https://cdn.inprnt.com/thumbs/fb/b3/fbb38e811bdd5f5f1c65404f4865cddf.jpg,"This is a Common rarity asset in the JOSH¹ Archive ('JOSH1-103: In my Room'). Exclusively available as a limited edition Phygital Art piece, bridging Solana blockchain provenance (JOSHSHOOT.SOL) and a gallery-quality physical print. Captured in Rotterdam (RTM) 🇳🇱. Rendered on 100% cotton rag archival paper with pigment inks via INPRNT. Collect the archive & explore global shipping: joshuadenouden21-hiuos.wordpress.com | https://www.inprnt.com/gallery/joshuadenouden/josh1-103-in-my-room/ • #PhygitalArt #SolanaNFT #Industrial #BrutalistArchitecture #ArchitecturalPhotography #FineArtPrint #JOSHSHOOTPRINTS #WallArtDecor #INPRNT #ArtCollector",https://www.inprnt.com/gallery/joshuadenouden/josh1-103-in-my-room/,,#PhygitalArt #SolanaNFT #Industrial #BrutalistArchitecture #ArchitecturalPhotography #FineArtPrint #JOSHSHOOTPRINTS #WallArtDecor #INPRNT #ArtCollector
JOSH1-102: The Butterfly | JOSH¹ Archive Brutalist Photography & Phygital Art Print,https://cdn.inprnt.com/thumbs/87/7d/877df991fbe552af8f76054d18c02781.jpg,JOSH¹ Archive // Phygital Photography Prints,https://cdn.inprnt.com/thumbs/87/7d/877df991fbe552af8f76054d18c02781.jpg,"This is a Common rarity asset in the JOSH¹ Archive ('JOSH1-102: The Butterfly'). Exclusively available as a limited edition Phygital Art piece, bridging Solana blockchain provenance (JOSHSHOOT.SOL) and a gallery-quality physical print. Captured in Rotterdam (RTM) 🇳🇱. Rendered on 100% cotton rag archival paper with pigment inks via INPRNT. Collect the archive & explore global shipping: joshuadenouden21-hiuos.wordpress.com | https://www.inprnt.com/gallery/joshuadenouden/josh1-102-the-butterfly/ • #PhygitalArt #SolanaNFT #Industrial #BrutalistArchitecture #ArchitecturalPhotography #FineArtPrint #JOSHSHOOTPRINTS #WallArtDecor #INPRNT #ArtCollector",https://www.inprnt.com/gallery/joshuadenouden/josh1-102-the-butterfly/,,#PhygitalArt #SolanaNFT #Industrial #BrutalistArchitecture #ArchitecturalPhotography #FineArtPrint #JOSHSHOOTPRINTS #WallArtDecor #INPRNT #ArtCollector
JOSH1-101: Blues Hay | JOSH¹ Archive Brutalist Photography & Phygital Art Print,https://cdn.inprnt.com/thumbs/1d/52/1d5217dc39f0267eff77f528d43ab924.jpg,JOSH¹ Archive // Phygital Photography Prints,https://cdn.inprnt.com/thumbs/1d/52/1d5217dc39f0267eff77f528d43ab924.jpg,"This is a Common rarity asset in the JOSH¹ Archive ('JOSH1-101: Blues Hay'). Exclusively available as a limited edition Phygital Art piece, bridging Solana blockchain provenance (JOSHSHOOT.SOL) and a gallery-quality physical print. Captured in Rotterdam (RTM) 🇳🇱. Rendered on 100% cotton rag archival paper with pigment inks via INPRNT. Collect the archive & explore global shipping: joshuadenouden21-hiuos.wordpress.com | https://www.inprnt.com/gallery/joshuadenouden/josh1-101-blues-hay/ • #PhygitalArt #SolanaNFT #Industrial #BrutalistArchitecture #ArchitecturalPhotography #FineArtPrint #JOSHSHOOTPRINTS #WallArtDecor #INPRNT #ArtCollector",https://www.inprnt.com/gallery/joshuadenouden/josh1-101-blues-hay/,,#PhygitalArt #SolanaNFT #Industrial #BrutalistArchitecture #ArchitecturalPhotography #FineArtPrint #JOSHSHOOTPRINTS #WallArtDecor #INPRNT #ArtCollector
JOSH1-100: Dutch Gossip | JOSH¹ Archive Brutalist Photography & Phygital Art Print,https://cdn.inprnt.com/thumbs/e3/19/e319dc254f7400be25b6e5e0c1e9a354.jpg,JOSH¹ Archive // Phygital Photography Prints,https://cdn.inprnt.com/thumbs/e3/19/e319dc254f7400be25b6e5e0c1e9a354.jpg,"This is a Common rarity asset in the JOSH¹ Archive ('JOSH1-100: Dutch Gossip'). Exclusively available as a limited edition Phygital Art piece, bridging Solana blockchain provenance (JOSHSHOOT.SOL) and a gallery-quality physical print. Captured in Rotterdam (RTM) 🇳🇱. Rendered on 100% cotton rag archival paper with pigment inks via INPRNT. Collect the archive & explore global shipping: joshuadenouden21-hiuos.wordpress.com | https://www.inprnt.com/gallery/joshuadenouden/josh1-100-dutch-gossip/ • #PhygitalArt #SolanaNFT #Industrial #BrutalistArchitecture #ArchitecturalPhotography #FineArtPrint #JOSHSHOOTPRINTS #WallArtDecor #INPRNT #ArtCollector",https://www.inprnt.com/gallery/joshuadenouden/josh1-100-dutch-gossip/,,#PhygitalArt #SolanaNFT #Industrial #BrutalistArchitecture #ArchitecturalPhotography #FineArtPrint #JOSHSHOOTPRINTS #WallArtDecor #INPRNT #ArtCollector
JOSH1-99: The Lady in Red | JOSH¹ Archive Brutalist Photography & Phygital Art Print,https://cdn.inprnt.com/thumbs/c5/f8/c5f8b432c99e0a2524f5097cf2473a12.jpg,JOSH¹ Archive // Phygital Photography Prints,https://cdn.inprnt.com/thumbs/c5/f8/c5f8b432c99e0a2524f5097cf2473a12.jpg,"This is a Common rarity asset in the JOSH¹ Archive ('JOSH1-99: The Lady in Red'). Exclusively available as a limited edition Phygital Art piece, bridging Solana blockchain provenance (JOSHSHOOT.SOL) and a gallery-quality physical print. Captured in Rotterdam (RTM) 🇳🇱. Rendered on 100% cotton rag archival paper with pigment inks via INPRNT. Collect the archive & explore global shipping: joshuadenouden21-hiuos.wordpress.com | https://www.inprnt.com/gallery/joshuadenouden/josh1-99-the-lady-in-red/ • #PhygitalArt #SolanaNFT #Industrial #BrutalistArchitecture #ArchitecturalPhotography #FineArtPrint #JOSHSHOOTPRINTS #WallArtDecor #INPRNT #ArtCollector",https://www.inprnt.com/gallery/joshuadenouden/josh1-99-the-lady-in-red/,,#PhygitalArt #SolanaNFT #Industrial #BrutalistArchitecture #ArchitecturalPhotography #FineArtPrint #JOSHSHOOTPRINTS #WallArtDecor #INPRNT #ArtCollector
JOSH1-98: A Dutch Hand | JOSH¹ Archive Brutalist Photography & Phygital Art Print,https://cdn.inprnt.com/thumbs/4f/3e/4f3ea603598c7ec54c83bf05f56445f5.jpg,JOSH¹ Archive // Phygital Photography Prints,https://cdn.inprnt.com/thumbs/4f/3e/4f3ea603598c7ec54c83bf05f56445f5.jpg,"This is a Common rarity asset in the JOSH¹ Archive ('JOSH1-98: A Dutch Hand'). Exclusively available as a limited edition Phygital Art piece, bridging Solana blockchain provenance (JOSHSHOOT.SOL) and a gallery-quality physical print. Captured in Rotterdam (RTM) 🇳🇱. Rendered on 100% cotton rag archival paper with pigment inks via INPRNT. Collect the archive & explore global shipping: joshuadenouden21-hiuos.wordpress.com | https://www.inprnt.com/gallery/joshuadenouden/josh1-98-a-dutch-hand/ • #PhygitalArt #SolanaNFT #Industrial #BrutalistArchitecture #ArchitecturalPhotography #FineArtPrint #JOSHSHOOTPRINTS #WallArtDecor #INPRNT #ArtCollector",https://www.inprnt.com/gallery/joshuadenouden/josh1-98-a-dutch-hand/,,#PhygitalArt #SolanaNFT #Industrial #BrutalistArchitecture #ArchitecturalPhotography #FineArtPrint #JOSHSHOOTPRINTS #WallArtDecor #INPRNT #ArtCollector
JOSH1-97: Omani Mountains | JOSH¹ Archive Brutalist Photography & Phygital Art Print,https://cdn.inprnt.com/thumbs/64/0b/640bff80e8ee55940afe365ad9de038f.jpg,JOSH¹ Archive // Phygital Photography Prints,https://cdn.inprnt.com/thumbs/64/0b/640bff80e8ee55940afe365ad9de038f.jpg,"This is a Common rarity asset in the JOSH¹ Archive ('JOSH1-97: Omani Mountains'). Exclusively available as a limited edition Phygital Art piece, bridging Solana blockchain provenance (JOSHSHOOT.SOL) and a gallery-quality physical print. Captured in Rotterdam (RTM) 🇳🇱. Rendered on 100% cotton rag archival paper with pigment inks via INPRNT. Collect the archive & explore global shipping: joshuadenouden21-hiuos.wordpress.com | https://www.inprnt.com/gallery/joshuadenouden/josh1-97-omani-mountains/ • #PhygitalArt #SolanaNFT #Industrial #BrutalistArchitecture #ArchitecturalPhotography #FineArtPrint #JOSHSHOOTPRINTS #WallArtDecor #INPRNT #ArtCollector",https://www.inprnt.com/gallery/joshuadenouden/josh1-97-omani-mountains/,,#PhygitalArt #SolanaNFT #Industrial #BrutalistArchitecture #ArchitecturalPhotography #FineArtPrint #JOSHSHOOTPRINTS #WallArtDecor #INPRNT #ArtCollector
JOSH1-96: The Man with a hand | JOSH¹ Archive Brutalist Photography & Phygital Art Print,https://cdn.inprnt.com/thumbs/c4/56/c4569b0d9713ecb9b5f6e8246dbe9c64.jpg,JOSH¹ Archive // Phygital Photography Prints,https://cdn.inprnt.com/thumbs/c4/56/c4569b0d9713ecb9b5f6e8246dbe9c64.jpg,"This is a Common rarity asset in the JOSH¹ Archive ('JOSH1-96: The Man with a hand'). Exclusively available as a limited edition Phygital Art piece, bridging Solana blockchain provenance (JOSHSHOOT.SOL) and a gallery-quality physical print. Captured in Rotterdam (RTM) 🇳🇱. Rendered on 100% cotton rag archival paper with pigment inks via INPRNT. Collect the archive & explore global shipping: joshuadenouden21-hiuos.wordpress.com | https://www.inprnt.com/gallery/joshuadenouden/josh1-96-the-man-with-a-hand/ • #PhygitalArt #SolanaNFT #Industrial #BrutalistArchitecture #ArchitecturalPhotography #FineArtPrint #JOSHSHOOTPRINTS #WallArtDecor #INPRNT #ArtCollector",https://www.inprnt.com/gallery/joshuadenouden/josh1-96-the-man-with-a-hand/,,#PhygitalArt #SolanaNFT #Industrial #BrutalistArchitecture #ArchitecturalPhotography #FineArtPrint #JOSHSHOOTPRINTS #WallArtDecor #INPRNT #ArtCollector
JOSH1-95: Parking Dat Way | JOSH¹ Archive Brutalist Photography & Phygital Art Print,https://cdn.inprnt.com/thumbs/7f/21/7f21ebab2d2abb89692462be448edd22.jpg,JOSH¹ Archive // Phygital Photography Prints,https://cdn.inprnt.com/thumbs/7f/21/7f21ebab2d2abb89692462be448edd22.jpg,"This is a Common rarity asset in the JOSH¹ Archive ('JOSH1-95: Parking Dat Way'). Exclusively available as a limited edition Phygital Art piece, bridging Solana blockchain provenance (JOSHSHOOT.SOL) and a gallery-quality physical print. Captured in Rotterdam (RTM) 🇳🇱. Rendered on 100% cotton rag archival paper with pigment inks via INPRNT. Collect the archive & explore global shipping: joshuadenouden21-hiuos.wordpress.com | https://www.inprnt.com/gallery/joshuadenouden/josh1-95-parking-dat-way/ • #PhygitalArt #SolanaNFT #Industrial #BrutalistArchitecture #ArchitecturalPhotography #FineArtPrint #JOSHSHOOTPRINTS #WallArtDecor #INPRNT #ArtCollector",https://www.inprnt.com/gallery/joshuadenouden/josh1-95-parking-dat-way/,,#PhygitalArt #SolanaNFT #Industrial #BrutalistArchitecture #ArchitecturalPhotography #FineArtPrint #JOSHSHOOTPRINTS #WallArtDecor #INPRNT #ArtCollector
JOSH1-94: A Dutch Date in Rotterdam | JOSH¹ Archive Brutalist Photography & Phygital Art Print,https://cdn.inprnt.com/thumbs/8c/b4/8cb47a778272f9dffac961de02ee032d.jpg,JOSH¹ Archive // Phygital Photography Prints,https://cdn.inprnt.com/thumbs/8c/b4/8cb47a778272f9dffac961de02ee032d.jpg,"This is a Common rarity asset in the JOSH¹ Archive ('JOSH1-94: A Dutch Date in Rotterdam'). Exclusively available as a limited edition Phygital Art piece, bridging Solana blockchain provenance (JOSHSHOOT.SOL) and a gallery-quality physical print. Captured in Rotterdam (RTM) 🇳🇱. Rendered on 100% cotton rag archival paper with pigment inks via INPRNT. Collect the archive & explore global shipping: joshuadenouden21-hiuos.wordpress.com | https://www.inprnt.com/gallery/joshuadenouden/josh1-94-a-dutch-date-in-rotterdam/ • #PhygitalArt #SolanaNFT #Industrial #BrutalistArchitecture #ArchitecturalPhotography #FineArtPrint #JOSHSHOOTPRINTS #WallArtDecor #INPRNT #ArtCollector",https://www.inprnt.com/gallery/joshuadenouden/josh1-94-a-dutch-date-in-rotterdam/,,#PhygitalArt #SolanaNFT #Industrial #BrutalistArchitecture #ArchitecturalPhotography #FineArtPrint #JOSHSHOOTPRINTS #WallArtDecor #INPRNT #ArtCollector
JOSH1-93: The Bohemia Style Street | JOSH¹ Archive Brutalist Photography & Phygital Art Print,https://cdn.inprnt.com/thumbs/c0/72/c0721549e77f7eb6e704f2802d011441.jpg,JOSH¹ Archive // Phygital Photography Prints,https://cdn.inprnt.com/thumbs/c0/72/c0721549e77f7eb6e704f2802d011441.jpg,"This is a Common rarity asset in the JOSH¹ Archive ('JOSH1-93: The Bohemia Style Street'). Exclusively available as a limited edition Phygital Art piece, bridging Solana blockchain provenance (JOSHSHOOT.SOL) and a gallery-quality physical print. Captured in Rotterdam (RTM) 🇳🇱. Rendered on 100% cotton rag archival paper with pigment inks via INPRNT. Collect the archive & explore global shipping: joshuadenouden21-hiuos.wordpress.com | https://www.inprnt.com/gallery/joshuadenouden/josh1-93-the-bohemia-style-street/ • #PhygitalArt #SolanaNFT #Industrial #BrutalistArchitecture #ArchitecturalPhotography #FineArtPrint #JOSHSHOOTPRINTS #WallArtDecor #INPRNT #ArtCollector",https://www.inprnt.com/gallery/joshuadenouden/josh1-93-the-bohemia-style-street/,,#PhygitalArt #SolanaNFT #Industrial #BrutalistArchitecture #ArchitecturalPhotography #FineArtPrint #JOSHSHOOTPRINTS #WallArtDecor #INPRNT #ArtCollector
JOSH1-92: To Guard | JOSH¹ Archive Brutalist Photography & Phygital Art Print,https://cdn.inprnt.com/thumbs/56/b7/56b74f1694f5048e5e77902a437fe290.jpg,JOSH¹ Archive // Phygital Photography Prints,https://cdn.inprnt.com/thumbs/56/b7/56b74f1694f5048e5e77902a437fe290.jpg,"This is a Common rarity asset in the JOSH¹ Archive ('JOSH1-92: To Guard'). Exclusively available as a limited edition Phygital Art piece, bridging Solana blockchain provenance (JOSHSHOOT.SOL) and a gallery-quality physical print. Captured in Rotterdam (RTM) 🇳🇱. Rendered on 100% cotton rag archival paper with pigment inks via INPRNT. Collect the archive & explore global shipping: joshuadenouden21-hiuos.wordpress.com | https://www.inprnt.com/gallery/joshuadenouden/josh1-92-to-guard/ • #PhygitalArt #SolanaNFT #Industrial #BrutalistArchitecture #ArchitecturalPhotography #FineArtPrint #JOSHSHOOTPRINTS #WallArtDecor #INPRNT #ArtCollector",https://www.inprnt.com/gallery/joshuadenouden/josh1-92-to-guard/,,#PhygitalArt #SolanaNFT #Industrial #BrutalistArchitecture #ArchitecturalPhotography #FineArtPrint #JOSHSHOOTPRINTS #WallArtDecor #INPRNT #ArtCollector
JOSH1-91: Prague from The Castle | JOSH¹ Archive Brutalist Photography & Phygital Art Print,https://cdn.inprnt.com/thumbs/33/b2/33b22383a235becad81dd5c5396f86e7.jpg,JOSH¹ Archive // Phygital Photography Prints,https://cdn.inprnt.com/thumbs/33/b2/33b22383a235becad81dd5c5396f86e7.jpg,"This is a Common rarity asset in the JOSH¹ Archive ('JOSH1-91: Prague from The Castle'). Exclusively available as a limited edition Phygital Art piece, bridging Solana blockchain provenance (JOSHSHOOT.SOL) and a gallery-quality physical print. Captured in Rotterdam (RTM) 🇳🇱. Rendered on 100% cotton rag archival paper with pigment inks via INPRNT. Collect the archive & explore global shipping: joshuadenouden21-hiuos.wordpress.com | https://www.inprnt.com/gallery/joshuadenouden/josh1-91-prague-from-the-castle/ • #PhygitalArt #SolanaNFT #Industrial #BrutalistArchitecture #ArchitecturalPhotography #FineArtPrint #JOSHSHOOTPRINTS #WallArtDecor #INPRNT #ArtCollector",https://www.inprnt.com/gallery/joshuadenouden/josh1-91-prague-from-the-castle/,,#PhygitalArt #SolanaNFT #Industrial #BrutalistArchitecture #ArchitecturalPhotography #FineArtPrint #JOSHSHOOTPRINTS #WallArtDecor #INPRNT #ArtCollector
JOSH1-90: Calma BB | JOSH¹ Archive Brutalist Photography & Phygital Art Print,https://cdn.inprnt.com/thumbs/7d/90/7d9022063a2f79ae060162ee8bd33f06.jpg,JOSH¹ Archive // Phygital Photography Prints,https://cdn.inprnt.com/thumbs/7d/90/7d9022063a2f79ae060162ee8bd33f06.jpg,"This is a Common rarity asset in the JOSH¹ Archive ('JOSH1-90: Calma BB'). Exclusively available as a limited edition Phygital Art piece, bridging Solana blockchain provenance (JOSHSHOOT.SOL) and a gallery-quality physical print. Captured in Rotterdam (RTM) 🇳🇱. Rendered on 100% cotton rag archival paper with pigment inks via INPRNT. Collect the archive & explore global shipping: joshuadenouden21-hiuos.wordpress.com | https://www.inprnt.com/gallery/joshuadenouden/josh1-90-calma-bb/ • #PhygitalArt #SolanaNFT #Industrial #BrutalistArchitecture #ArchitecturalPhotography #FineArtPrint #JOSHSHOOTPRINTS #WallArtDecor #INPRNT #ArtCollector",https://www.inprnt.com/gallery/joshuadenouden/josh1-90-calma-bb/,,#PhygitalArt #SolanaNFT #Industrial #BrutalistArchitecture #ArchitecturalPhotography #FineArtPrint #JOSHSHOOTPRINTS #WallArtDecor #INPRNT #ArtCollector
"JOSH1-89: No Peps, No Coc | JOSH¹ Archive Brutalist Photography & Phygital Art Print",https://cdn.inprnt.com/thumbs/6b/14/6b14c7f6ce169243425debff19f4ca33.jpg,JOSH¹ Archive // Phygital Photography Prints,https://cdn.inprnt.com/thumbs/6b/14/6b14c7f6ce169243425debff19f4ca33.jpg,"This is a Common rarity asset in the JOSH¹ Archive ('JOSH1-89: No Peps, No Coc'). Exclusively available as a limited edition Phygital Art piece, bridging Solana blockchain provenance (JOSHSHOOT.SOL) and a gallery-quality physical print. Captured in Rotterdam (RTM) 🇳🇱. Rendered on 100% cotton rag archival paper with pigment inks via INPRNT. Collect the archive & explore global shipping: joshuadenouden21-hiuos.wordpress.com | https://www.inprnt.com/gallery/joshuadenouden/josh1-89-no-peps-no-coc/ • #PhygitalArt #SolanaNFT #Industrial #BrutalistArchitecture #ArchitecturalPhotography #FineArtPrint #JOSHSHOOTPRINTS #WallArtDecor #INPRNT #ArtCollector",https://www.inprnt.com/gallery/joshuadenouden/josh1-89-no-peps-no-coc/,,#PhygitalArt #SolanaNFT #Industrial #BrutalistArchitecture #ArchitecturalPhotography #FineArtPrint #JOSHSHOOTPRINTS #WallArtDecor #INPRNT #ArtCollector
JOSH1-88: Cigar | JOSH¹ Archive Brutalist Photography & Phygital Art Print,https://cdn.inprnt.com/thumbs/6e/c5/6ec51b1b64cc063a3d0841c571dddafc.jpg,JOSH¹ Archive // Phygital Photography Prints,https://cdn.inprnt.com/thumbs/6e/c5/6ec51b1b64cc063a3d0841c571dddafc.jpg,"This is a Common rarity asset in the JOSH¹ Archive ('JOSH1-88: Cigar'). Exclusively available as a limited edition Phygital Art piece, bridging Solana blockchain provenance (JOSHSHOOT.SOL) and a gallery-quality physical print. Captured in Rotterdam (RTM) 🇳🇱. Rendered on 100% cotton rag archival paper with pigment inks via INPRNT. Collect the archive & explore global shipping: joshuadenouden21-hiuos.wordpress.com | https://www.inprnt.com/gallery/joshuadenouden/josh1-88-cigar-by-tamino/ • #PhygitalArt #SolanaNFT #Industrial #BrutalistArchitecture #ArchitecturalPhotography #FineArtPrint #JOSHSHOOTPRINTS #WallArtDecor #INPRNT #ArtCollector",https://www.inprnt.com/gallery/joshuadenouden/josh1-88-cigar-by-tamino/,,#PhygitalArt #SolanaNFT #Industrial #BrutalistArchitecture #ArchitecturalPhotography #FineArtPrint #JOSHSHOOTPRINTS #WallArtDecor #INPRNT #ArtCollector
JOSH1-87: The Main Square | JOSH¹ Archive Brutalist Photography & Phygital Art Print,https://cdn.inprnt.com/thumbs/2d/d9/2dd998b165550dd987c4094b56889b8e.jpg,JOSH¹ Archive // Phygital Photography Prints,https://cdn.inprnt.com/thumbs/2d/d9/2dd998b165550dd987c4094b56889b8e.jpg,"This is a Common rarity asset in the JOSH¹ Archive ('JOSH1-87: The Main Square'). Exclusively available as a limited edition Phygital Art piece, bridging Solana blockchain provenance (JOSHSHOOT.SOL) and a gallery-quality physical print. Captured in Rotterdam (RTM) 🇳🇱. Rendered on 100% cotton rag archival paper with pigment inks via INPRNT. Collect the archive & explore global shipping: joshuadenouden21-hiuos.wordpress.com | https://www.inprnt.com/gallery/joshuadenouden/josh1-87-the-main-square-in-frankfurt/ • #PhygitalArt #SolanaNFT #Industrial #BrutalistArchitecture #ArchitecturalPhotography #FineArtPrint #JOSHSHOOTPRINTS #WallArtDecor #INPRNT #ArtCollector",https://www.inprnt.com/gallery/joshuadenouden/josh1-87-the-main-square-in-frankfurt/,,#PhygitalArt #SolanaNFT #Industrial #BrutalistArchitecture #ArchitecturalPhotography #FineArtPrint #JOSHSHOOTPRINTS #WallArtDecor #INPRNT #ArtCollector
JOSH1-86: German Quality | JOSH¹ Archive Brutalist Photography & Phygital Art Print,https://cdn.inprnt.com/thumbs/d4/b9/d4b9ae1529df8b8f0f059894d90da3e7.jpg,JOSH¹ Archive // Phygital Photography Prints,https://cdn.inprnt.com/thumbs/d4/b9/d4b9ae1529df8b8f0f059894d90da3e7.jpg,"This is a Common rarity asset in the JOSH¹ Archive ('JOSH1-86: German Quality'). Exclusively available as a limited edition Phygital Art piece, bridging Solana blockchain provenance (JOSHSHOOT.SOL) and a gallery-quality physical print. Captured in Rotterdam (RTM) 🇳🇱. Rendered on 100% cotton rag archival paper with pigment inks via INPRNT. Collect the archive & explore global shipping: joshuadenouden21-hiuos.wordpress.com | https://www.inprnt.com/gallery/joshuadenouden/josh1-86-german-quality/ • #PhygitalArt #SolanaNFT #Industrial #BrutalistArchitecture #ArchitecturalPhotography #FineArtPrint #JOSHSHOOTPRINTS #WallArtDecor #INPRNT #ArtCollector",https://www.inprnt.com/gallery/joshuadenouden/josh1-86-german-quality/,,#PhygitalArt #SolanaNFT #Industrial #BrutalistArchitecture #ArchitecturalPhotography #FineArtPrint #JOSHSHOOTPRINTS #WallArtDecor #INPRNT #ArtCollector
JOSH1-85: The Zalmhaven | JOSH¹ Archive Brutalist Photography & Phygital Art Print,https://cdn.inprnt.com/thumbs/74/7f/747f89358da4aab284c08d5a2aeda6b4.jpg,JOSH¹ Archive // Phygital Photography Prints,https://cdn.inprnt.com/thumbs/74/7f/747f89358da4aab284c08d5a2aeda6b4.jpg,"This is a Common rarity asset in the JOSH¹ Archive ('JOSH1-85: The Zalmhaven'). Exclusively available as a limited edition Phygital Art piece, bridging Solana blockchain provenance (JOSHSHOOT.SOL) and a gallery-quality physical print. Captured in Rotterdam (RTM) 🇳🇱. Rendered on 100% cotton rag archival paper with pigment inks via INPRNT. Collect the archive & explore global shipping: joshuadenouden21-hiuos.wordpress.com | https://www.inprnt.com/gallery/joshuadenouden/josh1-85-the-zalmhaven/ • #PhygitalArt #SolanaNFT #Industrial #BrutalistArchitecture #ArchitecturalPhotography #FineArtPrint #JOSHSHOOTPRINTS #WallArtDecor #INPRNT #ArtCollector",https://www.inprnt.com/gallery/joshuadenouden/josh1-85-the-zalmhaven/,,#PhygitalArt #SolanaNFT #Industrial #BrutalistArchitecture #ArchitecturalPhotography #FineArtPrint #JOSHSHOOTPRINTS #WallArtDecor #INPRNT #ArtCollector
JOSH1-84: Milan and his Guitar | JOSH¹ Archive Brutalist Photography & Phygital Art Print,https://cdn.inprnt.com/thumbs/f8/db/f8dbd3090c9ea2a63340a462d1db773a.jpg,JOSH¹ Archive // Phygital Photography Prints,https://cdn.inprnt.com/thumbs/f8/db/f8dbd3090c9ea2a63340a462d1db773a.jpg,"This is a Common rarity asset in the JOSH¹ Archive ('JOSH1-84: Milan and his Guitar'). Exclusively available as a limited edition Phygital Art piece, bridging Solana blockchain provenance (JOSHSHOOT.SOL) and a gallery-quality physical print. Captured in Rotterdam (RTM) 🇳🇱. Rendered on 100% cotton rag archival paper with pigment inks via INPRNT. Collect the archive & explore global shipping: joshuadenouden21-hiuos.wordpress.com | https://www.inprnt.com/gallery/joshuadenouden/josh1-84-milan-and-his-guitar/ • #PhygitalArt #SolanaNFT #Industrial #BrutalistArchitecture #ArchitecturalPhotography #FineArtPrint #JOSHSHOOTPRINTS #WallArtDecor #INPRNT #ArtCollector",https://www.inprnt.com/gallery/joshuadenouden/josh1-84-milan-and-his-guitar/,,#PhygitalArt #SolanaNFT #Industrial #BrutalistArchitecture #ArchitecturalPhotography #FineArtPrint #JOSHSHOOTPRINTS #WallArtDecor #INPRNT #ArtCollector
JOSH1-83: Wooden Pencil | JOSH¹ Archive Brutalist Photography & Phygital Art Print,https://cdn.inprnt.com/thumbs/6f/55/6f55ea29e3d70195478bc9364f883ac6.jpg,JOSH¹ Archive // Phygital Photography Prints,https://cdn.inprnt.com/thumbs/6f/55/6f55ea29e3d70195478bc9364f883ac6.jpg,"This is a Common rarity asset in the JOSH¹ Archive ('JOSH1-83: Wooden Pencil'). Exclusively available as a limited edition Phygital Art piece, bridging Solana blockchain provenance (JOSHSHOOT.SOL) and a gallery-quality physical print. Captured in Rotterdam (RTM) 🇳🇱. Rendered on 100% cotton rag archival paper with pigment inks via INPRNT. Collect the archive & explore global shipping: joshuadenouden21-hiuos.wordpress.com | https://www.inprnt.com/gallery/joshuadenouden/josh1-83-wooden-pencil/ • #PhygitalArt #SolanaNFT #Industrial #BrutalistArchitecture #ArchitecturalPhotography #FineArtPrint #JOSHSHOOTPRINTS #WallArtDecor #INPRNT #ArtCollector",https://www.inprnt.com/gallery/joshuadenouden/josh1-83-wooden-pencil/,,#PhygitalArt #SolanaNFT #Industrial #BrutalistArchitecture #ArchitecturalPhotography #FineArtPrint #JOSHSHOOTPRINTS #WallArtDecor #INPRNT #ArtCollector
JOSH1-82: The Belgian Galleries | JOSH¹ Archive Brutalist Photography & Phygital Art Print,https://cdn.inprnt.com/thumbs/14/80/148061c50154298150c1e0353e850055.jpg,JOSH¹ Archive // Phygital Photography Prints,https://cdn.inprnt.com/thumbs/14/80/148061c50154298150c1e0353e850055.jpg,"This is a Common rarity asset in the JOSH¹ Archive ('JOSH1-82: The Belgian Galleries'). Exclusively available as a limited edition Phygital Art piece, bridging Solana blockchain provenance (JOSHSHOOT.SOL) and a gallery-quality physical print. Captured in Rotterdam (RTM) 🇳🇱. Rendered on 100% cotton rag archival paper with pigment inks via INPRNT. Collect the archive & explore global shipping: joshuadenouden21-hiuos.wordpress.com | https://www.inprnt.com/gallery/joshuadenouden/josh1-82-the-belgian-galleries/ • #PhygitalArt #SolanaNFT #Industrial #BrutalistArchitecture #ArchitecturalPhotography #FineArtPrint #JOSHSHOOTPRINTS #WallArtDecor #INPRNT #ArtCollector",https://www.inprnt.com/gallery/joshuadenouden/josh1-82-the-belgian-galleries/,,#PhygitalArt #SolanaNFT #Industrial #BrutalistArchitecture #ArchitecturalPhotography #FineArtPrint #JOSHSHOOTPRINTS #WallArtDecor #INPRNT #ArtCollector
JOSH1-81: The Mormons are Back | JOSH¹ Archive Brutalist Photography & Phygital Art Print,https://cdn.inprnt.com/thumbs/cd/f5/cdf5dc88a3d419926829d00b02a8b8d3.jpg,JOSH¹ Archive // Phygital Photography Prints,https://cdn.inprnt.com/thumbs/cd/f5/cdf5dc88a3d419926829d00b02a8b8d3.jpg,"This is a Common rarity asset in the JOSH¹ Archive ('JOSH1-81: The Mormons are Back'). Exclusively available as a limited edition Phygital Art piece, bridging Solana blockchain provenance (JOSHSHOOT.SOL) and a gallery-quality physical print. Captured in Rotterdam (RTM) 🇳🇱. Rendered on 100% cotton rag archival paper with pigment inks via INPRNT. Collect the archive & explore global shipping: joshuadenouden21-hiuos.wordpress.com | https://www.inprnt.com/gallery/joshuadenouden/josh1-81-the-mormons-are-back-the-mormons-are-back/ • #PhygitalArt #SolanaNFT #Industrial #BrutalistArchitecture #ArchitecturalPhotography #FineArtPrint #JOSHSHOOTPRINTS #WallArtDecor #INPRNT #ArtCollector",https://www.inprnt.com/gallery/joshuadenouden/josh1-81-the-mormons-are-back-the-mormons-are-back/,,#PhygitalArt #SolanaNFT #Industrial #BrutalistArchitecture #ArchitecturalPhotography #FineArtPrint #JOSHSHOOTPRINTS #WallArtDecor #INPRNT #ArtCollector
JOSH1-80: Glimpses Inside | JOSH¹ Archive Brutalist Photography & Phygital Art Print,https://cdn.inprnt.com/thumbs/7f/8c/7f8cab51a4cbe374cc1fc6fd441bd0d0.jpg,JOSH¹ Archive // Phygital Photography Prints,https://cdn.inprnt.com/thumbs/7f/8c/7f8cab51a4cbe374cc1fc6fd441bd0d0.jpg,"This is a Common rarity asset in the JOSH¹ Archive ('JOSH1-80: Glimpses Inside'). Exclusively available as a limited edition Phygital Art piece, bridging Solana blockchain provenance (JOSHSHOOT.SOL) and a gallery-quality physical print. Captured in Rotterdam (RTM) 🇳🇱. Rendered on 100% cotton rag archival paper with pigment inks via INPRNT. Collect the archive & explore global shipping: joshuadenouden21-hiuos.wordpress.com | https://www.inprnt.com/gallery/joshuadenouden/josh1-80-glimpses-inside/ • #PhygitalArt #SolanaNFT #Industrial #BrutalistArchitecture #ArchitecturalPhotography #FineArtPrint #JOSHSHOOTPRINTS #WallArtDecor #INPRNT #ArtCollector",https://www.inprnt.com/gallery/joshuadenouden/josh1-80-glimpses-inside/,,#PhygitalArt #SolanaNFT #Industrial #BrutalistArchitecture #ArchitecturalPhotography #FineArtPrint #JOSHSHOOTPRINTS #WallArtDecor #INPRNT #ArtCollector
JOSH1-79: Qasr Al Watan | JOSH¹ Archive Brutalist Photography & Phygital Art Print,https://cdn.inprnt.com/thumbs/7b/9a/7b9a3bb011df903bbf636ce318b8f29e.jpg,JOSH¹ Archive // Phygital Photography Prints,https://cdn.inprnt.com/thumbs/7b/9a/7b9a3bb011df903bbf636ce318b8f29e.jpg,"This is a Common rarity asset in the JOSH¹ Archive ('JOSH1-79: Qasr Al Watan'). Exclusively available as a limited edition Phygital Art piece, bridging Solana blockchain provenance (JOSHSHOOT.SOL) and a gallery-quality physical print. Captured in Rotterdam (RTM) 🇳🇱. Rendered on 100% cotton rag archival paper with pigment inks via INPRNT. Collect the archive & explore global shipping: joshuadenouden21-hiuos.wordpress.com | https://www.inprnt.com/gallery/joshuadenouden/josh1-79-qasr-al-watan/ • #PhygitalArt #SolanaNFT #Industrial #BrutalistArchitecture #ArchitecturalPhotography #FineArtPrint #JOSHSHOOTPRINTS #WallArtDecor #INPRNT #ArtCollector",https://www.inprnt.com/gallery/joshuadenouden/josh1-79-qasr-al-watan/,,#PhygitalArt #SolanaNFT #Industrial #BrutalistArchitecture #ArchitecturalPhotography #FineArtPrint #JOSHSHOOTPRINTS #WallArtDecor #INPRNT #ArtCollector
JOSH1-78: Capitalistic xZ | JOSH¹ Archive Brutalist Photography & Phygital Art Print,https://cdn.inprnt.com/thumbs/12/81/1281ef06f135cdef5dce20219b16b65e.jpg,JOSH¹ Archive // Phygital Photography Prints,https://cdn.inprnt.com/thumbs/12/81/1281ef06f135cdef5dce20219b16b65e.jpg,"This is a Common rarity asset in the JOSH¹ Archive ('JOSH1-78: Capitalistic xZ'). Exclusively available as a limited edition Phygital Art piece, bridging Solana blockchain provenance (JOSHSHOOT.SOL) and a gallery-quality physical print. Captured in Rotterdam (RTM) 🇳🇱. Rendered on 100% cotton rag archival paper with pigment inks via INPRNT. Collect the archive & explore global shipping: joshuadenouden21-hiuos.wordpress.com | https://www.inprnt.com/gallery/joshuadenouden/josh1-78-capitalistic-xz/ • #PhygitalArt #SolanaNFT #Industrial #BrutalistArchitecture #ArchitecturalPhotography #FineArtPrint #JOSHSHOOTPRINTS #WallArtDecor #INPRNT #ArtCollector",https://www.inprnt.com/gallery/joshuadenouden/josh1-78-capitalistic-xz/,,#PhygitalArt #SolanaNFT #Industrial #BrutalistArchitecture #ArchitecturalPhotography #FineArtPrint #JOSHSHOOTPRINTS #WallArtDecor #INPRNT #ArtCollector
JOSH1-77: Bridge of the Night | JOSH¹ Archive Brutalist Photography & Phygital Art Print,https://cdn.inprnt.com/thumbs/aa/3a/aa3a6c6769f8b95eb1c1b020a73497f3.jpg,JOSH¹ Archive // Phygital Photography Prints,https://cdn.inprnt.com/thumbs/aa/3a/aa3a6c6769f8b95eb1c1b020a73497f3.jpg,"This is a Common rarity asset in the JOSH¹ Archive ('JOSH1-77: Bridge of the Night'). Exclusively available as a limited edition Phygital Art piece, bridging Solana blockchain provenance (JOSHSHOOT.SOL) and a gallery-quality physical print. Captured in Rotterdam (RTM) 🇳🇱. Rendered on 100% cotton rag archival paper with pigment inks via INPRNT. Collect the archive & explore global shipping: joshuadenouden21-hiuos.wordpress.com | https://www.inprnt.com/gallery/joshuadenouden/josh1-77-bridge-of-the-night/ • #PhygitalArt #SolanaNFT #Industrial #BrutalistArchitecture #ArchitecturalPhotography #FineArtPrint #JOSHSHOOTPRINTS #WallArtDecor #INPRNT #ArtCollector",https://www.inprnt.com/gallery/joshuadenouden/josh1-77-bridge-of-the-night/,,#PhygitalArt #SolanaNFT #Industrial #BrutalistArchitecture #ArchitecturalPhotography #FineArtPrint #JOSHSHOOTPRINTS #WallArtDecor #INPRNT #ArtCollector
JOSH1-76: The Wrong Museum | JOSH¹ Archive Brutalist Photography & Phygital Art Print,https://cdn.inprnt.com/thumbs/98/60/9860723011bc2d0d1b9eecb230da2a53.jpg,JOSH¹ Archive // Phygital Photography Prints,https://cdn.inprnt.com/thumbs/98/60/9860723011bc2d0d1b9eecb230da2a53.jpg,"This is a Common rarity asset in the JOSH¹ Archive ('JOSH1-76: The Wrong Museum'). Exclusively available as a limited edition Phygital Art piece, bridging Solana blockchain provenance (JOSHSHOOT.SOL) and a gallery-quality physical print. Captured in Rotterdam (RTM) 🇳🇱. Rendered on 100% cotton rag archival paper with pigment inks via INPRNT. Collect the archive & explore global shipping: joshuadenouden21-hiuos.wordpress.com | https://www.inprnt.com/gallery/joshuadenouden/josh1-76-the-wrong-museum/ • #PhygitalArt #SolanaNFT #Industrial #BrutalistArchitecture #ArchitecturalPhotography #FineArtPrint #JOSHSHOOTPRINTS #WallArtDecor #INPRNT #ArtCollector",https://www.inprnt.com/gallery/joshuadenouden/josh1-76-the-wrong-museum/,,#PhygitalArt #SolanaNFT #Industrial #BrutalistArchitecture #ArchitecturalPhotography #FineArtPrint #JOSHSHOOTPRINTS #WallArtDecor #INPRNT #ArtCollector
JOSH1-75: The Vrouw | JOSH¹ Archive Brutalist Photography & Phygital Art Print,https://cdn.inprnt.com/thumbs/dd/ed/dded4345f58c1a4d7408b8e4a5ab42ad.jpg,JOSH¹ Archive // Phygital Photography Prints,https://cdn.inprnt.com/thumbs/dd/ed/dded4345f58c1a4d7408b8e4a5ab42ad.jpg,"This is a Common rarity asset in the JOSH¹ Archive ('JOSH1-75: The Vrouw'). Exclusively available as a limited edition Phygital Art piece, bridging Solana blockchain provenance (JOSHSHOOT.SOL) and a gallery-quality physical print. Captured in Rotterdam (RTM) 🇳🇱. Rendered on 100% cotton rag archival paper with pigment inks via INPRNT. Collect the archive & explore global shipping: joshuadenouden21-hiuos.wordpress.com | https://www.inprnt.com/gallery/joshuadenouden/josh1-75-the-vrouw/ • #PhygitalArt #SolanaNFT #Industrial #BrutalistArchitecture #ArchitecturalPhotography #FineArtPrint #JOSHSHOOTPRINTS #WallArtDecor #INPRNT #ArtCollector",https://www.inprnt.com/gallery/joshuadenouden/josh1-75-the-vrouw/,,#PhygitalArt #SolanaNFT #Industrial #BrutalistArchitecture #ArchitecturalPhotography #FineArtPrint #JOSHSHOOTPRINTS #WallArtDecor #INPRNT #ArtCollector
JOSH1-74: Ship Maker | JOSH¹ Archive Brutalist Photography & Phygital Art Print,https://cdn.inprnt.com/thumbs/a3/c3/a3c3b9836e44fea986802c854473a439.jpg,JOSH¹ Archive // Phygital Photography Prints,https://cdn.inprnt.com/thumbs/a3/c3/a3c3b9836e44fea986802c854473a439.jpg,"This is a Common rarity asset in the JOSH¹ Archive ('JOSH1-74: Ship Maker'). Exclusively available as a limited edition Phygital Art piece, bridging Solana blockchain provenance (JOSHSHOOT.SOL) and a gallery-quality physical print. Captured in Rotterdam (RTM) 🇳🇱. Rendered on 100% cotton rag archival paper with pigment inks via INPRNT. Collect the archive & explore global shipping: joshuadenouden21-hiuos.wordpress.com | https://www.inprnt.com/gallery/joshuadenouden/josh1-74-ship-maker/ • #PhygitalArt #SolanaNFT #Industrial #BrutalistArchitecture #ArchitecturalPhotography #FineArtPrint #JOSHSHOOTPRINTS #WallArtDecor #INPRNT #ArtCollector",https://www.inprnt.com/gallery/joshuadenouden/josh1-74-ship-maker/,,#PhygitalArt #SolanaNFT #Industrial #BrutalistArchitecture #ArchitecturalPhotography #FineArtPrint #JOSHSHOOTPRINTS #WallArtDecor #INPRNT #ArtCollector
JOSH1-73: That one Church | JOSH¹ Archive Brutalist Photography & Phygital Art Print,https://cdn.inprnt.com/thumbs/5e/2b/5e2b03646969063c38a1b4cf045b92c1.jpg,JOSH¹ Archive // Phygital Photography Prints,https://cdn.inprnt.com/thumbs/5e/2b/5e2b03646969063c38a1b4cf045b92c1.jpg,"This is a Common rarity asset in the JOSH¹ Archive ('JOSH1-73: That one Church'). Exclusively available as a limited edition Phygital Art piece, bridging Solana blockchain provenance (JOSHSHOOT.SOL) and a gallery-quality physical print. Captured in Rotterdam (RTM) 🇳🇱. Rendered on 100% cotton rag archival paper with pigment inks via INPRNT. Collect the archive & explore global shipping: joshuadenouden21-hiuos.wordpress.com | https://www.inprnt.com/gallery/joshuadenouden/josh1-73-that-one-church/ • #PhygitalArt #SolanaNFT #Industrial #BrutalistArchitecture #ArchitecturalPhotography #FineArtPrint #JOSHSHOOTPRINTS #WallArtDecor #INPRNT #ArtCollector",https://www.inprnt.com/gallery/joshuadenouden/josh1-73-that-one-church/,,#PhygitalArt #SolanaNFT #Industrial #BrutalistArchitecture #ArchitecturalPhotography #FineArtPrint #JOSHSHOOTPRINTS #WallArtDecor #INPRNT #ArtCollector
JOSH1-72: Old England | JOSH¹ Archive Brutalist Photography & Phygital Art Print,https://cdn.inprnt.com/thumbs/b0/70/b070edebaf36733d8fbd4b499f0eac5a.jpg,JOSH¹ Archive // Phygital Photography Prints,https://cdn.inprnt.com/thumbs/b0/70/b070edebaf36733d8fbd4b499f0eac5a.jpg,"This is a Common rarity asset in the JOSH¹ Archive ('JOSH1-72: Old England'). Exclusively available as a limited edition Phygital Art piece, bridging Solana blockchain provenance (JOSHSHOOT.SOL) and a gallery-quality physical print. Captured in Rotterdam (RTM) 🇳🇱. Rendered on 100% cotton rag archival paper with pigment inks via INPRNT. Collect the archive & explore global shipping: joshuadenouden21-hiuos.wordpress.com | https://www.inprnt.com/gallery/joshuadenouden/josh1-72-old-england/ • #PhygitalArt #SolanaNFT #Industrial #BrutalistArchitecture #ArchitecturalPhotography #FineArtPrint #JOSHSHOOTPRINTS #WallArtDecor #INPRNT #ArtCollector",https://www.inprnt.com/gallery/joshuadenouden/josh1-72-old-england/,,#PhygitalArt #SolanaNFT #Industrial #BrutalistArchitecture #ArchitecturalPhotography #FineArtPrint #JOSHSHOOTPRINTS #WallArtDecor #INPRNT #ArtCollector
JOSH1-71: The Center of Bikes | JOSH¹ Archive Brutalist Photography & Phygital Art Print,https://cdn.inprnt.com/thumbs/d7/ee/d7ee066596eff6d57f4ca3413bef119a.jpg,JOSH¹ Archive // Phygital Photography Prints,https://cdn.inprnt.com/thumbs/d7/ee/d7ee066596eff6d57f4ca3413bef119a.jpg,"This is a Common rarity asset in the JOSH¹ Archive ('JOSH1-71: The Center of Bikes'). Exclusively available as a limited edition Phygital Art piece, bridging Solana blockchain provenance (JOSHSHOOT.SOL) and a gallery-quality physical print. Captured in Rotterdam (RTM) 🇳🇱. Rendered on 100% cotton rag archival paper with pigment inks via INPRNT. Collect the archive & explore global shipping: joshuadenouden21-hiuos.wordpress.com | https://www.inprnt.com/gallery/joshuadenouden/josh1-71-the-center-of-bikes-and-dikes/ • #PhygitalArt #SolanaNFT #Industrial #BrutalistArchitecture #ArchitecturalPhotography #FineArtPrint #JOSHSHOOTPRINTS #WallArtDecor #INPRNT #ArtCollector",https://www.inprnt.com/gallery/joshuadenouden/josh1-71-the-center-of-bikes-and-dikes/,,#PhygitalArt #SolanaNFT #Industrial #BrutalistArchitecture #ArchitecturalPhotography #FineArtPrint #JOSHSHOOTPRINTS #WallArtDecor #INPRNT #ArtCollector
JOSH1-70: His name is JOM | JOSH¹ Archive Brutalist Photography & Phygital Art Print,https://cdn.inprnt.com/thumbs/c1/8e/c18ed9660ab96560c9efaec23017cf55.jpg,JOSH¹ Archive // Phygital Photography Prints,https://cdn.inprnt.com/thumbs/c1/8e/c18ed9660ab96560c9efaec23017cf55.jpg,"This is a Common rarity asset in the JOSH¹ Archive ('JOSH1-70: His name is JOM'). Exclusively available as a limited edition Phygital Art piece, bridging Solana blockchain provenance (JOSHSHOOT.SOL) and a gallery-quality physical print. Captured in Rotterdam (RTM) 🇳🇱. Rendered on 100% cotton rag archival paper with pigment inks via INPRNT. Collect the archive & explore global shipping: joshuadenouden21-hiuos.wordpress.com | https://www.inprnt.com/gallery/joshuadenouden/josh1-70-his-name-is-jom/ • #PhygitalArt #SolanaNFT #Industrial #BrutalistArchitecture #ArchitecturalPhotography #FineArtPrint #JOSHSHOOTPRINTS #WallArtDecor #INPRNT #ArtCollector",https://www.inprnt.com/gallery/joshuadenouden/josh1-70-his-name-is-jom/,,#PhygitalArt #SolanaNFT #Industrial #BrutalistArchitecture #ArchitecturalPhotography #FineArtPrint #JOSHSHOOTPRINTS #WallArtDecor #INPRNT #ArtCollector
"JOSH1-69: Square, Square | JOSH¹ Archive Brutalist Photography & Phygital Art Print",https://cdn.inprnt.com/thumbs/06/d0/06d011d55b2c32c6c3ec1533f93072ea.jpg,JOSH¹ Archive // Phygital Photography Prints,https://cdn.inprnt.com/thumbs/06/d0/06d011d55b2c32c6c3ec1533f93072ea.jpg,"This is a Common rarity asset in the JOSH¹ Archive ('JOSH1-69: Square, Square'). Exclusively available as a limited edition Phygital Art piece, bridging Solana blockchain provenance (JOSHSHOOT.SOL) and a gallery-quality physical print. Captured in Rotterdam (RTM) 🇳🇱. Rendered on 100% cotton rag archival paper with pigment inks via INPRNT. Collect the archive & explore global shipping: joshuadenouden21-hiuos.wordpress.com | https://www.inprnt.com/gallery/joshuadenouden/josh1-69-square-square/ • #PhygitalArt #SolanaNFT #Industrial #BrutalistArchitecture #ArchitecturalPhotography #FineArtPrint #JOSHSHOOTPRINTS #WallArtDecor #INPRNT #ArtCollector",https://www.inprnt.com/gallery/joshuadenouden/josh1-69-square-square/,,#PhygitalArt #SolanaNFT #Industrial #BrutalistArchitecture #ArchitecturalPhotography #FineArtPrint #JOSHSHOOTPRINTS #WallArtDecor #INPRNT #ArtCollector
JOSH1-68: L D | JOSH¹ Archive Brutalist Photography & Phygital Art Print,https://cdn.inprnt.com/thumbs/47/c7/47c7d98814da11e34279e1fbbb05ad33.jpg,JOSH¹ Archive // Phygital Photography Prints,https://cdn.inprnt.com/thumbs/47/c7/47c7d98814da11e34279e1fbbb05ad33.jpg,"This is a Common rarity asset in the JOSH¹ Archive ('JOSH1-68: L D'). Exclusively available as a limited edition Phygital Art piece, bridging Solana blockchain provenance (JOSHSHOOT.SOL) and a gallery-quality physical print. Captured in Rotterdam (RTM) 🇳🇱. Rendered on 100% cotton rag archival paper with pigment inks via INPRNT. Collect the archive & explore global shipping: joshuadenouden21-hiuos.wordpress.com | https://www.inprnt.com/gallery/joshuadenouden/josh1-68-l-d/ • #PhygitalArt #SolanaNFT #Industrial #BrutalistArchitecture #ArchitecturalPhotography #FineArtPrint #JOSHSHOOTPRINTS #WallArtDecor #INPRNT #ArtCollector",https://www.inprnt.com/gallery/joshuadenouden/josh1-68-l-d/,,#PhygitalArt #SolanaNFT #Industrial #BrutalistArchitecture #ArchitecturalPhotography #FineArtPrint #JOSHSHOOTPRINTS #WallArtDecor #INPRNT #ArtCollector
JOSH1-67: Rustig M | JOSH¹ Archive Brutalist Photography & Phygital Art Print,https://cdn.inprnt.com/thumbs/f8/49/f849273d89030a00248666b9a9842e51.jpg,JOSH¹ Archive // Phygital Photography Prints,https://cdn.inprnt.com/thumbs/f8/49/f849273d89030a00248666b9a9842e51.jpg,"This is a Common rarity asset in the JOSH¹ Archive ('JOSH1-67: Rustig M'). Exclusively available as a limited edition Phygital Art piece, bridging Solana blockchain provenance (JOSHSHOOT.SOL) and a gallery-quality physical print. Captured in Rotterdam (RTM) 🇳🇱. Rendered on 100% cotton rag archival paper with pigment inks via INPRNT. Collect the archive & explore global shipping: joshuadenouden21-hiuos.wordpress.com | https://www.inprnt.com/gallery/joshuadenouden/josh1-67-rustig-m/ • #PhygitalArt #SolanaNFT #Industrial #BrutalistArchitecture #ArchitecturalPhotography #FineArtPrint #JOSHSHOOTPRINTS #WallArtDecor #INPRNT #ArtCollector",https://www.inprnt.com/gallery/joshuadenouden/josh1-67-rustig-m/,,#PhygitalArt #SolanaNFT #Industrial #BrutalistArchitecture #ArchitecturalPhotography #FineArtPrint #JOSHSHOOTPRINTS #WallArtDecor #INPRNT #ArtCollector
JOSH1-66: Stations in Rotterdam | JOSH¹ Archive Brutalist Photography & Phygital Art Print,https://cdn.inprnt.com/thumbs/f2/f7/f2f7a0da89e4f341a6b98fd13be9e740.jpg,JOSH¹ Archive // Phygital Photography Prints,https://cdn.inprnt.com/thumbs/f2/f7/f2f7a0da89e4f341a6b98fd13be9e740.jpg,"This is a Common rarity asset in the JOSH¹ Archive ('JOSH1-66: Stations in Rotterdam'). Exclusively available as a limited edition Phygital Art piece, bridging Solana blockchain provenance (JOSHSHOOT.SOL) and a gallery-quality physical print. Captured in Rotterdam (RTM) 🇳🇱. Rendered on 100% cotton rag archival paper with pigment inks via INPRNT. Collect the archive & explore global shipping: joshuadenouden21-hiuos.wordpress.com | https://www.inprnt.com/gallery/joshuadenouden/josh1-66-stations-in-rotterdam/ • #PhygitalArt #SolanaNFT #Industrial #BrutalistArchitecture #ArchitecturalPhotography #FineArtPrint #JOSHSHOOTPRINTS #WallArtDecor #INPRNT #ArtCollector",https://www.inprnt.com/gallery/joshuadenouden/josh1-66-stations-in-rotterdam/,,#PhygitalArt #SolanaNFT #Industrial #BrutalistArchitecture #ArchitecturalPhotography #FineArtPrint #JOSHSHOOTPRINTS #WallArtDecor #INPRNT #ArtCollector
JOSH1-65: The man with the Dog | JOSH¹ Archive Brutalist Photography & Phygital Art Print,https://cdn.inprnt.com/thumbs/87/28/8728d012725288d2899b3420e9563eac.jpg,JOSH¹ Archive // Phygital Photography Prints,https://cdn.inprnt.com/thumbs/87/28/8728d012725288d2899b3420e9563eac.jpg,"This is a Common rarity asset in the JOSH¹ Archive ('JOSH1-65: The man with the Dog'). Exclusively available as a limited edition Phygital Art piece, bridging Solana blockchain provenance (JOSHSHOOT.SOL) and a gallery-quality physical print. Captured in Rotterdam (RTM) 🇳🇱. Rendered on 100% cotton rag archival paper with pigment inks via INPRNT. Collect the archive & explore global shipping: joshuadenouden21-hiuos.wordpress.com | https://www.inprnt.com/gallery/joshuadenouden/josh1-65-the-man-with-the-dog/ • #PhygitalArt #SolanaNFT #Industrial #BrutalistArchitecture #ArchitecturalPhotography #FineArtPrint #JOSHSHOOTPRINTS #WallArtDecor #INPRNT #ArtCollector",https://www.inprnt.com/gallery/joshuadenouden/josh1-65-the-man-with-the-dog/,,#PhygitalArt #SolanaNFT #Industrial #BrutalistArchitecture #ArchitecturalPhotography #FineArtPrint #JOSHSHOOTPRINTS #WallArtDecor #INPRNT #ArtCollector
JOSH1-64: Be a Classic | JOSH¹ Archive Brutalist Photography & Phygital Art Print,https://cdn.inprnt.com/thumbs/27/2c/272c4d954929b40c09cd5d903dde9e29.jpg,JOSH¹ Archive // Phygital Photography Prints,https://cdn.inprnt.com/thumbs/27/2c/272c4d954929b40c09cd5d903dde9e29.jpg,"This is a Common rarity asset in the JOSH¹ Archive ('JOSH1-64: Be a Classic'). Exclusively available as a limited edition Phygital Art piece, bridging Solana blockchain provenance (JOSHSHOOT.SOL) and a gallery-quality physical print. Captured in Rotterdam (RTM) 🇳🇱. Rendered on 100% cotton rag archival paper with pigment inks via INPRNT. Collect the archive & explore global shipping: joshuadenouden21-hiuos.wordpress.com | https://www.inprnt.com/gallery/joshuadenouden/josh1-64-be-a-classic/ • #PhygitalArt #SolanaNFT #Industrial #BrutalistArchitecture #ArchitecturalPhotography #FineArtPrint #JOSHSHOOTPRINTS #WallArtDecor #INPRNT #ArtCollector",https://www.inprnt.com/gallery/joshuadenouden/josh1-64-be-a-classic/,,#PhygitalArt #SolanaNFT #Industrial #BrutalistArchitecture #ArchitecturalPhotography #FineArtPrint #JOSHSHOOTPRINTS #WallArtDecor #INPRNT #ArtCollector
JOSH1-63: The Dub Way | JOSH¹ Archive Brutalist Photography & Phygital Art Print,https://cdn.inprnt.com/thumbs/10/e8/10e8edf3b23a301e6c59be5987dc1296.jpg,JOSH¹ Archive // Phygital Photography Prints,https://cdn.inprnt.com/thumbs/10/e8/10e8edf3b23a301e6c59be5987dc1296.jpg,"This is a Common rarity asset in the JOSH¹ Archive ('JOSH1-63: The Dub Way'). Exclusively available as a limited edition Phygital Art piece, bridging Solana blockchain provenance (JOSHSHOOT.SOL) and a gallery-quality physical print. Captured in Rotterdam (RTM) 🇳🇱. Rendered on 100% cotton rag archival paper with pigment inks via INPRNT. Collect the archive & explore global shipping: joshuadenouden21-hiuos.wordpress.com | https://www.inprnt.com/gallery/joshuadenouden/josh1-63-the-dub-way/ • #PhygitalArt #SolanaNFT #Industrial #BrutalistArchitecture #ArchitecturalPhotography #FineArtPrint #JOSHSHOOTPRINTS #WallArtDecor #INPRNT #ArtCollector",https://www.inprnt.com/gallery/joshuadenouden/josh1-63-the-dub-way/,,#PhygitalArt #SolanaNFT #Industrial #BrutalistArchitecture #ArchitecturalPhotography #FineArtPrint #JOSHSHOOTPRINTS #WallArtDecor #INPRNT #ArtCollector
JOSH1-62: Which Canal? | JOSH¹ Archive Brutalist Photography & Phygital Art Print,https://cdn.inprnt.com/thumbs/57/ef/57efe4c17f7e004a799bec6e1f50e03c.jpg,JOSH¹ Archive // Phygital Photography Prints,https://cdn.inprnt.com/thumbs/57/ef/57efe4c17f7e004a799bec6e1f50e03c.jpg,"This is a Common rarity asset in the JOSH¹ Archive ('JOSH1-62: Which Canal?'). Exclusively available as a limited edition Phygital Art piece, bridging Solana blockchain provenance (JOSHSHOOT.SOL) and a gallery-quality physical print. Captured in Rotterdam (RTM) 🇳🇱. Rendered on 100% cotton rag archival paper with pigment inks via INPRNT. Collect the archive & explore global shipping: joshuadenouden21-hiuos.wordpress.com | https://www.inprnt.com/gallery/joshuadenouden/josh1-62-which-canal/ • #PhygitalArt #SolanaNFT #Industrial #BrutalistArchitecture #ArchitecturalPhotography #FineArtPrint #JOSHSHOOTPRINTS #WallArtDecor #INPRNT #ArtCollector",https://www.inprnt.com/gallery/joshuadenouden/josh1-62-which-canal/,,#PhygitalArt #SolanaNFT #Industrial #BrutalistArchitecture #ArchitecturalPhotography #FineArtPrint #JOSHSHOOTPRINTS #WallArtDecor #INPRNT #ArtCollector
"JOSH1-61: 1st Seasons, Galleria Island | JOSH¹ Archive Brutalist Photography & Phygital Art Print",https://cdn.inprnt.com/thumbs/30/ae/30ae0209e526153f03125d48c00706c1.jpg,JOSH¹ Archive // Phygital Photography Prints,https://cdn.inprnt.com/thumbs/30/ae/30ae0209e526153f03125d48c00706c1.jpg,"This is a Common rarity asset in the JOSH¹ Archive ('JOSH1-61: 1st Seasons, Galleria Island'). Exclusively available as a limited edition Phygital Art piece, bridging Solana blockchain provenance (JOSHSHOOT.SOL) and a gallery-quality physical print. Captured in Rotterdam (RTM) 🇳🇱. Rendered on 100% cotton rag archival paper with pigment inks via INPRNT. Collect the archive & explore global shipping: joshuadenouden21-hiuos.wordpress.com | https://www.inprnt.com/gallery/joshuadenouden/josh1-61-1st-seasons-galleria-island/ • #PhygitalArt #SolanaNFT #Industrial #BrutalistArchitecture #ArchitecturalPhotography #FineArtPrint #JOSHSHOOTPRINTS #WallArtDecor #INPRNT #ArtCollector",https://www.inprnt.com/gallery/joshuadenouden/josh1-61-1st-seasons-galleria-island/,,#PhygitalArt #SolanaNFT #Industrial #BrutalistArchitecture #ArchitecturalPhotography #FineArtPrint #JOSHSHOOTPRINTS #WallArtDecor #INPRNT #ArtCollector
JOSH1-60: The 6x9 Drive | JOSH¹ Archive Brutalist Photography & Phygital Art Print,https://cdn.inprnt.com/thumbs/f5/f1/f5f1e55e122816a789764197ab5c4a77.jpg,JOSH¹ Archive // Phygital Photography Prints,https://cdn.inprnt.com/thumbs/f5/f1/f5f1e55e122816a789764197ab5c4a77.jpg,"This is a Common rarity asset in the JOSH¹ Archive ('JOSH1-60: The 6x9 Drive'). Exclusively available as a limited edition Phygital Art piece, bridging Solana blockchain provenance (JOSHSHOOT.SOL) and a gallery-quality physical print. Captured in Rotterdam (RTM) 🇳🇱. Rendered on 100% cotton rag archival paper with pigment inks via INPRNT. Collect the archive & explore global shipping: joshuadenouden21-hiuos.wordpress.com | https://www.inprnt.com/gallery/joshuadenouden/josh1-60-the-6x9-drive/ • #PhygitalArt #SolanaNFT #Industrial #BrutalistArchitecture #ArchitecturalPhotography #FineArtPrint #JOSHSHOOTPRINTS #WallArtDecor #INPRNT #ArtCollector",https://www.inprnt.com/gallery/joshuadenouden/josh1-60-the-6x9-drive/,,#PhygitalArt #SolanaNFT #Industrial #BrutalistArchitecture #ArchitecturalPhotography #FineArtPrint #JOSHSHOOTPRINTS #WallArtDecor #INPRNT #ArtCollector
JOSH1-59: | JOSH¹ Archive Brutalist Photography & Phygital Art Print,https://cdn.inprnt.com/thumbs/77/99/77991bf2447cf63e4a3c8f4498044be4.jpg,JOSH¹ Archive // Phygital Photography Prints,https://cdn.inprnt.com/thumbs/77/99/77991bf2447cf63e4a3c8f4498044be4.jpg,"This is a Common rarity asset in the JOSH¹ Archive ('JOSH1-59:'). Exclusively available as a limited edition Phygital Art piece, bridging Solana blockchain provenance (JOSHSHOOT.SOL) and a gallery-quality physical print. Captured in Rotterdam (RTM) 🇳🇱. Rendered on 100% cotton rag archival paper with pigment inks via INPRNT. Collect the archive & explore global shipping: joshuadenouden21-hiuos.wordpress.com | https://www.inprnt.com/gallery/joshuadenouden/josh1-59-by-amir/ • #PhygitalArt #SolanaNFT #Industrial #BrutalistArchitecture #ArchitecturalPhotography #FineArtPrint #JOSHSHOOTPRINTS #WallArtDecor #INPRNT #ArtCollector",https://www.inprnt.com/gallery/joshuadenouden/josh1-59-by-amir/,,#PhygitalArt #SolanaNFT #Industrial #BrutalistArchitecture #ArchitecturalPhotography #FineArtPrint #JOSHSHOOTPRINTS #WallArtDecor #INPRNT #ArtCollector
JOSH1-58: | JOSH¹ Archive Brutalist Photography & Phygital Art Print,https://cdn.inprnt.com/thumbs/02/38/0238e158274ccfd2bb39548e357ce8f4.jpg,JOSH¹ Archive // Phygital Photography Prints,https://cdn.inprnt.com/thumbs/02/38/0238e158274ccfd2bb39548e357ce8f4.jpg,"This is a Common rarity asset in the JOSH¹ Archive ('JOSH1-58:'). Exclusively available as a limited edition Phygital Art piece, bridging Solana blockchain provenance (JOSHSHOOT.SOL) and a gallery-quality physical print. Captured in Rotterdam (RTM) 🇳🇱. Rendered on 100% cotton rag archival paper with pigment inks via INPRNT. Collect the archive & explore global shipping: joshuadenouden21-hiuos.wordpress.com | https://www.inprnt.com/gallery/joshuadenouden/josh1-58-by-trevor/ • #PhygitalArt #SolanaNFT #Industrial #BrutalistArchitecture #ArchitecturalPhotography #FineArtPrint #JOSHSHOOTPRINTS #WallArtDecor #INPRNT #ArtCollector",https://www.inprnt.com/gallery/joshuadenouden/josh1-58-by-trevor/,,#PhygitalArt #SolanaNFT #Industrial #BrutalistArchitecture #ArchitecturalPhotography #FineArtPrint #JOSHSHOOTPRINTS #WallArtDecor #INPRNT #ArtCollector
JOSH1-57: Choose Wisely | JOSH¹ Archive Brutalist Photography & Phygital Art Print,https://cdn.inprnt.com/thumbs/d5/66/d56628783fe4fc07b2d7c6e7da59aeb8.jpg,JOSH¹ Archive // Phygital Photography Prints,https://cdn.inprnt.com/thumbs/d5/66/d56628783fe4fc07b2d7c6e7da59aeb8.jpg,"This is a Common rarity asset in the JOSH¹ Archive ('JOSH1-57: Choose Wisely'). Exclusively available as a limited edition Phygital Art piece, bridging Solana blockchain provenance (JOSHSHOOT.SOL) and a gallery-quality physical print. Captured in Rotterdam (RTM) 🇳🇱. Rendered on 100% cotton rag archival paper with pigment inks via INPRNT. Collect the archive & explore global shipping: joshuadenouden21-hiuos.wordpress.com | https://www.inprnt.com/gallery/joshuadenouden/josh1-57-choose-wisely/ • #PhygitalArt #SolanaNFT #Industrial #BrutalistArchitecture #ArchitecturalPhotography #FineArtPrint #JOSHSHOOTPRINTS #WallArtDecor #INPRNT #ArtCollector",https://www.inprnt.com/gallery/joshuadenouden/josh1-57-choose-wisely/,,#PhygitalArt #SolanaNFT #Industrial #BrutalistArchitecture #ArchitecturalPhotography #FineArtPrint #JOSHSHOOTPRINTS #WallArtDecor #INPRNT #ArtCollector
JOSH1-56: This One Spot in Dubai | JOSH¹ Archive Brutalist Photography & Phygital Art Print,https://cdn.inprnt.com/thumbs/89/c2/89c26fa2d5f3ee4d282eb7e54d634b0a.jpg,JOSH¹ Archive // Phygital Photography Prints,https://cdn.inprnt.com/thumbs/89/c2/89c26fa2d5f3ee4d282eb7e54d634b0a.jpg,"This is a Common rarity asset in the JOSH¹ Archive ('JOSH1-56: This One Spot in Dubai'). Exclusively available as a limited edition Phygital Art piece, bridging Solana blockchain provenance (JOSHSHOOT.SOL) and a gallery-quality physical print. Captured in Rotterdam (RTM) 🇳🇱. Rendered on 100% cotton rag archival paper with pigment inks via INPRNT. Collect the archive & explore global shipping: joshuadenouden21-hiuos.wordpress.com | https://www.inprnt.com/gallery/joshuadenouden/josh1-56-this-one-spot-in-dubai/ • #PhygitalArt #SolanaNFT #Industrial #BrutalistArchitecture #ArchitecturalPhotography #FineArtPrint #JOSHSHOOTPRINTS #WallArtDecor #INPRNT #ArtCollector",https://www.inprnt.com/gallery/joshuadenouden/josh1-56-this-one-spot-in-dubai/,,#PhygitalArt #SolanaNFT #Industrial #BrutalistArchitecture #ArchitecturalPhotography #FineArtPrint #JOSHSHOOTPRINTS #WallArtDecor #INPRNT #ArtCollector
JOSH1-55: The Burj Khalifa | JOSH¹ Archive Brutalist Photography & Phygital Art Print,https://cdn.inprnt.com/thumbs/28/9a/289a6ab25a4fe195c04c44c840c69051.jpg,JOSH¹ Archive // Phygital Photography Prints,https://cdn.inprnt.com/thumbs/28/9a/289a6ab25a4fe195c04c44c840c69051.jpg,"This is a Common rarity asset in the JOSH¹ Archive ('JOSH1-55: The Burj Khalifa'). Exclusively available as a limited edition Phygital Art piece, bridging Solana blockchain provenance (JOSHSHOOT.SOL) and a gallery-quality physical print. Captured in Rotterdam (RTM) 🇳🇱. Rendered on 100% cotton rag archival paper with pigment inks via INPRNT. Collect the archive & explore global shipping: joshuadenouden21-hiuos.wordpress.com | https://www.inprnt.com/gallery/joshuadenouden/josh1-55-the-burj-khalifa/ • #PhygitalArt #SolanaNFT #Industrial #BrutalistArchitecture #ArchitecturalPhotography #FineArtPrint #JOSHSHOOTPRINTS #WallArtDecor #INPRNT #ArtCollector",https://www.inprnt.com/gallery/joshuadenouden/josh1-55-the-burj-khalifa/,,#PhygitalArt #SolanaNFT #Industrial #BrutalistArchitecture #ArchitecturalPhotography #FineArtPrint #JOSHSHOOTPRINTS #WallArtDecor #INPRNT #ArtCollector
JOSH1-54: QAW Spot | JOSH¹ Archive Brutalist Photography & Phygital Art Print,https://cdn.inprnt.com/thumbs/3a/f0/3af03e63ce1a600452d6a4d85e385f93.jpg,JOSH¹ Archive // Phygital Photography Prints,https://cdn.inprnt.com/thumbs/3a/f0/3af03e63ce1a600452d6a4d85e385f93.jpg,"This is a Common rarity asset in the JOSH¹ Archive ('JOSH1-54: QAW Spot'). Exclusively available as a limited edition Phygital Art piece, bridging Solana blockchain provenance (JOSHSHOOT.SOL) and a gallery-quality physical print. Captured in Rotterdam (RTM) 🇳🇱. Rendered on 100% cotton rag archival paper with pigment inks via INPRNT. Collect the archive & explore global shipping: joshuadenouden21-hiuos.wordpress.com | https://www.inprnt.com/gallery/joshuadenouden/josh1-54-qaw-spot/ • #PhygitalArt #SolanaNFT #Industrial #BrutalistArchitecture #ArchitecturalPhotography #FineArtPrint #JOSHSHOOTPRINTS #WallArtDecor #INPRNT #ArtCollector",https://www.inprnt.com/gallery/joshuadenouden/josh1-54-qaw-spot/,,#PhygitalArt #SolanaNFT #Industrial #BrutalistArchitecture #ArchitecturalPhotography #FineArtPrint #JOSHSHOOTPRINTS #WallArtDecor #INPRNT #ArtCollector
JOSH1-53: North East | JOSH¹ Archive Brutalist Photography & Phygital Art Print,https://cdn.inprnt.com/thumbs/5e/15/5e15f8931c5fce27f9519820072aa1e0.jpg,JOSH¹ Archive // Phygital Photography Prints,https://cdn.inprnt.com/thumbs/5e/15/5e15f8931c5fce27f9519820072aa1e0.jpg,"This is a Common rarity asset in the JOSH¹ Archive ('JOSH1-53: North East'). Exclusively available as a limited edition Phygital Art piece, bridging Solana blockchain provenance (JOSHSHOOT.SOL) and a gallery-quality physical print. Captured in Rotterdam (RTM) 🇳🇱. Rendered on 100% cotton rag archival paper with pigment inks via INPRNT. Collect the archive & explore global shipping: joshuadenouden21-hiuos.wordpress.com | https://www.inprnt.com/gallery/joshuadenouden/josh1-53-north-east/ • #PhygitalArt #SolanaNFT #Industrial #BrutalistArchitecture #ArchitecturalPhotography #FineArtPrint #JOSHSHOOTPRINTS #WallArtDecor #INPRNT #ArtCollector",https://www.inprnt.com/gallery/joshuadenouden/josh1-53-north-east/,,#PhygitalArt #SolanaNFT #Industrial #BrutalistArchitecture #ArchitecturalPhotography #FineArtPrint #JOSHSHOOTPRINTS #WallArtDecor #INPRNT #ArtCollector
JOSH1-52: Skateboard A | JOSH¹ Archive Brutalist Photography & Phygital Art Print,https://cdn.inprnt.com/thumbs/20/32/2032c143f110188a6b25c6a6003ad125.jpg,JOSH¹ Archive // Phygital Photography Prints,https://cdn.inprnt.com/thumbs/20/32/2032c143f110188a6b25c6a6003ad125.jpg,"This is a Common rarity asset in the JOSH¹ Archive ('JOSH1-52: Skateboard A'). Exclusively available as a limited edition Phygital Art piece, bridging Solana blockchain provenance (JOSHSHOOT.SOL) and a gallery-quality physical print. Captured in Rotterdam (RTM) 🇳🇱. Rendered on 100% cotton rag archival paper with pigment inks via INPRNT. Collect the archive & explore global shipping: joshuadenouden21-hiuos.wordpress.com | https://www.inprnt.com/gallery/joshuadenouden/josh1-52-skateboard-a/ • #PhygitalArt #SolanaNFT #Industrial #BrutalistArchitecture #ArchitecturalPhotography #FineArtPrint #JOSHSHOOTPRINTS #WallArtDecor #INPRNT #ArtCollector",https://www.inprnt.com/gallery/joshuadenouden/josh1-52-skateboard-a/,,#PhygitalArt #SolanaNFT #Industrial #BrutalistArchitecture #ArchitecturalPhotography #FineArtPrint #JOSHSHOOTPRINTS #WallArtDecor #INPRNT #ArtCollector
JOSH1-51: Corniche Supreme | JOSH¹ Archive Brutalist Photography & Phygital Art Print,https://cdn.inprnt.com/thumbs/b2/7b/b27bfcc5636fb520b00b6c21c4065e50.jpg,JOSH¹ Archive // Phygital Photography Prints,https://cdn.inprnt.com/thumbs/b2/7b/b27bfcc5636fb520b00b6c21c4065e50.jpg,"This is a Common rarity asset in the JOSH¹ Archive ('JOSH1-51: Corniche Supreme'). Exclusively available as a limited edition Phygital Art piece, bridging Solana blockchain provenance (JOSHSHOOT.SOL) and a gallery-quality physical print. Captured in Rotterdam (RTM) 🇳🇱. Rendered on 100% cotton rag archival paper with pigment inks via INPRNT. Collect the archive & explore global shipping: joshuadenouden21-hiuos.wordpress.com | https://www.inprnt.com/gallery/joshuadenouden/josh1-51-corniche-supreme/ • #PhygitalArt #SolanaNFT #Industrial #BrutalistArchitecture #ArchitecturalPhotography #FineArtPrint #JOSHSHOOTPRINTS #WallArtDecor #INPRNT #ArtCollector",https://www.inprnt.com/gallery/joshuadenouden/josh1-51-corniche-supreme/,,#PhygitalArt #SolanaNFT #Industrial #BrutalistArchitecture #ArchitecturalPhotography #FineArtPrint #JOSHSHOOTPRINTS #WallArtDecor #INPRNT #ArtCollector
JOSH1-50: A Piece | JOSH¹ Archive Brutalist Photography & Phygital Art Print,https://cdn.inprnt.com/thumbs/c0/b9/c0b96c7d6cdc3ea87595ac3e7dbd0ad6.jpg,JOSH¹ Archive // Phygital Photography Prints,https://cdn.inprnt.com/thumbs/c0/b9/c0b96c7d6cdc3ea87595ac3e7dbd0ad6.jpg,"This is a Common rarity asset in the JOSH¹ Archive ('JOSH1-50: A Piece'). Exclusively available as a limited edition Phygital Art piece, bridging Solana blockchain provenance (JOSHSHOOT.SOL) and a gallery-quality physical print. Captured in Rotterdam (RTM) 🇳🇱. Rendered on 100% cotton rag archival paper with pigment inks via INPRNT. Collect the archive & explore global shipping: joshuadenouden21-hiuos.wordpress.com | https://www.inprnt.com/gallery/joshuadenouden/josh1-50-a-piece/ • #PhygitalArt #SolanaNFT #Industrial #BrutalistArchitecture #ArchitecturalPhotography #FineArtPrint #JOSHSHOOTPRINTS #WallArtDecor #INPRNT #ArtCollector",https://www.inprnt.com/gallery/joshuadenouden/josh1-50-a-piece/,,#PhygitalArt #SolanaNFT #Industrial #BrutalistArchitecture #ArchitecturalPhotography #FineArtPrint #JOSHSHOOTPRINTS #WallArtDecor #INPRNT #ArtCollector
JOSH1-49: O Man in Oman | JOSH¹ Archive Brutalist Photography & Phygital Art Print,https://cdn.inprnt.com/thumbs/0b/6f/0b6fd9eebca34f29825011462472dec5.jpg,JOSH¹ Archive // Phygital Photography Prints,https://cdn.inprnt.com/thumbs/0b/6f/0b6fd9eebca34f29825011462472dec5.jpg,"This is a Common rarity asset in the JOSH¹ Archive ('JOSH1-49: O Man in Oman'). Exclusively available as a limited edition Phygital Art piece, bridging Solana blockchain provenance (JOSHSHOOT.SOL) and a gallery-quality physical print. Captured in Rotterdam (RTM) 🇳🇱. Rendered on 100% cotton rag archival paper with pigment inks via INPRNT. Collect the archive & explore global shipping: joshuadenouden21-hiuos.wordpress.com | https://www.inprnt.com/gallery/joshuadenouden/josh1-49-o-man-in-oman/ • #PhygitalArt #SolanaNFT #Industrial #BrutalistArchitecture #ArchitecturalPhotography #FineArtPrint #JOSHSHOOTPRINTS #WallArtDecor #INPRNT #ArtCollector",https://www.inprnt.com/gallery/joshuadenouden/josh1-49-o-man-in-oman/,,#PhygitalArt #SolanaNFT #Industrial #BrutalistArchitecture #ArchitecturalPhotography #FineArtPrint #JOSHSHOOTPRINTS #WallArtDecor #INPRNT #ArtCollector
JOSH1-48: | JOSH¹ Archive Brutalist Photography & Phygital Art Print,https://cdn.inprnt.com/thumbs/32/17/3217d92788226e0943ccb46027dda030.jpg,JOSH¹ Archive // Phygital Photography Prints,https://cdn.inprnt.com/thumbs/32/17/3217d92788226e0943ccb46027dda030.jpg,"This is a Common rarity asset in the JOSH¹ Archive ('JOSH1-48:'). Exclusively available as a limited edition Phygital Art piece, bridging Solana blockchain provenance (JOSHSHOOT.SOL) and a gallery-quality physical print. Captured in Rotterdam (RTM) 🇳🇱. Rendered on 100% cotton rag archival paper with pigment inks via INPRNT. Collect the archive & explore global shipping: joshuadenouden21-hiuos.wordpress.com | https://www.inprnt.com/gallery/joshuadenouden/josh1-48-by-z-r/ • #PhygitalArt #SolanaNFT #Industrial #BrutalistArchitecture #ArchitecturalPhotography #FineArtPrint #JOSHSHOOTPRINTS #WallArtDecor #INPRNT #ArtCollector",https://www.inprnt.com/gallery/joshuadenouden/josh1-48-by-z-r/,,#PhygitalArt #SolanaNFT #Industrial #BrutalistArchitecture #ArchitecturalPhotography #FineArtPrint #JOSHSHOOTPRINTS #WallArtDecor #INPRNT #ArtCollector
JOSH1-46: 1st Symmetry Photography | JOSH¹ Archive Brutalist Photography & Phygital Art Print,https://cdn.inprnt.com/thumbs/8d/4a/8d4a5c411941ff90d841722f7ad67cc6.jpg,JOSH¹ Archive // Phygital Photography Prints,https://cdn.inprnt.com/thumbs/8d/4a/8d4a5c411941ff90d841722f7ad67cc6.jpg,"This is a Common rarity asset in the JOSH¹ Archive ('JOSH1-46: 1st Symmetry Photography'). Exclusively available as a limited edition Phygital Art piece, bridging Solana blockchain provenance (JOSHSHOOT.SOL) and a gallery-quality physical print. Captured in Rotterdam (RTM) 🇳🇱. Rendered on 100% cotton rag archival paper with pigment inks via INPRNT. Collect the archive & explore global shipping: joshuadenouden21-hiuos.wordpress.com | https://www.inprnt.com/gallery/joshuadenouden/josh1-46-1st-symmetry-photography/ • #PhygitalArt #SolanaNFT #Industrial #BrutalistArchitecture #ArchitecturalPhotography #FineArtPrint #JOSHSHOOTPRINTS #WallArtDecor #INPRNT #ArtCollector",https://www.inprnt.com/gallery/joshuadenouden/josh1-46-1st-symmetry-photography/,,#PhygitalArt #SolanaNFT #Industrial #BrutalistArchitecture #ArchitecturalPhotography #FineArtPrint #JOSHSHOOTPRINTS #WallArtDecor #INPRNT #ArtCollector
JOSH1-45: | JOSH¹ Archive Brutalist Photography & Phygital Art Print,https://cdn.inprnt.com/thumbs/ee/62/ee62426241c5707efc7563158092ffc3.jpg,JOSH¹ Archive // Phygital Photography Prints,https://cdn.inprnt.com/thumbs/ee/62/ee62426241c5707efc7563158092ffc3.jpg,"This is a Common rarity asset in the JOSH¹ Archive ('JOSH1-45:'). Exclusively available as a limited edition Phygital Art piece, bridging Solana blockchain provenance (JOSHSHOOT.SOL) and a gallery-quality physical print. Captured in Rotterdam (RTM) 🇳🇱. Rendered on 100% cotton rag archival paper with pigment inks via INPRNT. Collect the archive & explore global shipping: joshuadenouden21-hiuos.wordpress.com | https://www.inprnt.com/gallery/joshuadenouden/josh1-45-by-elony-musky/ • #PhygitalArt #SolanaNFT #Industrial #BrutalistArchitecture #ArchitecturalPhotography #FineArtPrint #JOSHSHOOTPRINTS #WallArtDecor #INPRNT #ArtCollector",https://www.inprnt.com/gallery/joshuadenouden/josh1-45-by-elony-musky/,,#PhygitalArt #SolanaNFT #Industrial #BrutalistArchitecture #ArchitecturalPhotography #FineArtPrint #JOSHSHOOTPRINTS #WallArtDecor #INPRNT #ArtCollector
JOSH1-44: And Stil | JOSH¹ Archive Brutalist Photography & Phygital Art Print,https://cdn.inprnt.com/thumbs/08/83/08839208e9c9a6225990b84e1c0a0cb3.jpg,JOSH¹ Archive // Phygital Photography Prints,https://cdn.inprnt.com/thumbs/08/83/08839208e9c9a6225990b84e1c0a0cb3.jpg,"This is a Common rarity asset in the JOSH¹ Archive ('JOSH1-44: And Stil'). Exclusively available as a limited edition Phygital Art piece, bridging Solana blockchain provenance (JOSHSHOOT.SOL) and a gallery-quality physical print. Captured in Rotterdam (RTM) 🇳🇱. Rendered on 100% cotton rag archival paper with pigment inks via INPRNT. Collect the archive & explore global shipping: joshuadenouden21-hiuos.wordpress.com | https://www.inprnt.com/gallery/joshuadenouden/josh1-44-and-stil/ • #PhygitalArt #SolanaNFT #Industrial #BrutalistArchitecture #ArchitecturalPhotography #FineArtPrint #JOSHSHOOTPRINTS #WallArtDecor #INPRNT #ArtCollector",https://www.inprnt.com/gallery/joshuadenouden/josh1-44-and-stil/,,#PhygitalArt #SolanaNFT #Industrial #BrutalistArchitecture #ArchitecturalPhotography #FineArtPrint #JOSHSHOOTPRINTS #WallArtDecor #INPRNT #ArtCollector
JOSH1-43: La Guarding Life | JOSH¹ Archive Brutalist Photography & Phygital Art Print,https://cdn.inprnt.com/thumbs/09/5b/095b363add42bf06b4726516dde9e5d5.jpg,JOSH¹ Archive // Phygital Photography Prints,https://cdn.inprnt.com/thumbs/09/5b/095b363add42bf06b4726516dde9e5d5.jpg,"This is a Common rarity asset in the JOSH¹ Archive ('JOSH1-43: La Guarding Life'). Exclusively available as a limited edition Phygital Art piece, bridging Solana blockchain provenance (JOSHSHOOT.SOL) and a gallery-quality physical print. Captured in Rotterdam (RTM) 🇳🇱. Rendered on 100% cotton rag archival paper with pigment inks via INPRNT. Collect the archive & explore global shipping: joshuadenouden21-hiuos.wordpress.com | https://www.inprnt.com/gallery/joshuadenouden/josh1-43-la-guarding-life/ • #PhygitalArt #SolanaNFT #Industrial #BrutalistArchitecture #ArchitecturalPhotography #FineArtPrint #JOSHSHOOTPRINTS #WallArtDecor #INPRNT #ArtCollector",https://www.inprnt.com/gallery/joshuadenouden/josh1-43-la-guarding-life/,,#PhygitalArt #SolanaNFT #Industrial #BrutalistArchitecture #ArchitecturalPhotography #FineArtPrint #JOSHSHOOTPRINTS #WallArtDecor #INPRNT #ArtCollector
JOSH1-42: | JOSH¹ Archive Brutalist Photography & Phygital Art Print,https://cdn.inprnt.com/thumbs/2c/4b/2c4b1053a58bde8159b6c79ebade0795.jpg,JOSH¹ Archive // Phygital Photography Prints,https://cdn.inprnt.com/thumbs/2c/4b/2c4b1053a58bde8159b6c79ebade0795.jpg,"This is a Common rarity asset in the JOSH¹ Archive ('JOSH1-42:'). Exclusively available as a limited edition Phygital Art piece, bridging Solana blockchain provenance (JOSHSHOOT.SOL) and a gallery-quality physical print. Captured in Rotterdam (RTM) 🇳🇱. Rendered on 100% cotton rag archival paper with pigment inks via INPRNT. Collect the archive & explore global shipping: joshuadenouden21-hiuos.wordpress.com | https://www.inprnt.com/gallery/joshuadenouden/josh1-42-by-hr-reem-island/ • #PhygitalArt #SolanaNFT #Industrial #BrutalistArchitecture #ArchitecturalPhotography #FineArtPrint #JOSHSHOOTPRINTS #WallArtDecor #INPRNT #ArtCollector",https://www.inprnt.com/gallery/joshuadenouden/josh1-42-by-hr-reem-island/,,#PhygitalArt #SolanaNFT #Industrial #BrutalistArchitecture #ArchitecturalPhotography #FineArtPrint #JOSHSHOOTPRINTS #WallArtDecor #INPRNT #ArtCollector
JOSH1-41: Stole that | JOSH¹ Archive Brutalist Photography & Phygital Art Print,https://cdn.inprnt.com/thumbs/28/31/2831fb8c9444fb0e81dfd4404577e182.jpg,JOSH¹ Archive // Phygital Photography Prints,https://cdn.inprnt.com/thumbs/28/31/2831fb8c9444fb0e81dfd4404577e182.jpg,"This is a Common rarity asset in the JOSH¹ Archive ('JOSH1-41: Stole that'). Exclusively available as a limited edition Phygital Art piece, bridging Solana blockchain provenance (JOSHSHOOT.SOL) and a gallery-quality physical print. Captured in Rotterdam (RTM) 🇳🇱. Rendered on 100% cotton rag archival paper with pigment inks via INPRNT. Collect the archive & explore global shipping: joshuadenouden21-hiuos.wordpress.com | https://www.inprnt.com/gallery/joshuadenouden/josh1-41-stole-that/ • #PhygitalArt #SolanaNFT #Industrial #BrutalistArchitecture #ArchitecturalPhotography #FineArtPrint #JOSHSHOOTPRINTS #WallArtDecor #INPRNT #ArtCollector",https://www.inprnt.com/gallery/joshuadenouden/josh1-41-stole-that/,,#PhygitalArt #SolanaNFT #Industrial #BrutalistArchitecture #ArchitecturalPhotography #FineArtPrint #JOSHSHOOTPRINTS #WallArtDecor #INPRNT #ArtCollector
JOSH1-40: Pasketball | JOSH¹ Archive Brutalist Photography & Phygital Art Print,https://cdn.inprnt.com/thumbs/0c/e3/0ce3b49a19af566b24ea09613f1a0b1c.jpg,JOSH¹ Archive // Phygital Photography Prints,https://cdn.inprnt.com/thumbs/0c/e3/0ce3b49a19af566b24ea09613f1a0b1c.jpg,"This is a Common rarity asset in the JOSH¹ Archive ('JOSH1-40: Pasketball'). Exclusively available as a limited edition Phygital Art piece, bridging Solana blockchain provenance (JOSHSHOOT.SOL) and a gallery-quality physical print. Captured in Rotterdam (RTM) 🇳🇱. Rendered on 100% cotton rag archival paper with pigment inks via INPRNT. Collect the archive & explore global shipping: joshuadenouden21-hiuos.wordpress.com | https://www.inprnt.com/gallery/joshuadenouden/josh1-40-pasketball/ • #PhygitalArt #SolanaNFT #Industrial #BrutalistArchitecture #ArchitecturalPhotography #FineArtPrint #JOSHSHOOTPRINTS #WallArtDecor #INPRNT #ArtCollector",https://www.inprnt.com/gallery/joshuadenouden/josh1-40-pasketball/,,#PhygitalArt #SolanaNFT #Industrial #BrutalistArchitecture #ArchitecturalPhotography #FineArtPrint #JOSHSHOOTPRINTS #WallArtDecor #INPRNT #ArtCollector
JOSH1-39: Horse of Ana | JOSH¹ Archive Brutalist Photography & Phygital Art Print,https://cdn.inprnt.com/thumbs/b2/f5/b2f5f87c1b7c7ca01869555aea9ff27d.jpg,JOSH¹ Archive // Phygital Photography Prints,https://cdn.inprnt.com/thumbs/b2/f5/b2f5f87c1b7c7ca01869555aea9ff27d.jpg,"This is a Common rarity asset in the JOSH¹ Archive ('JOSH1-39: Horse of Ana'). Exclusively available as a limited edition Phygital Art piece, bridging Solana blockchain provenance (JOSHSHOOT.SOL) and a gallery-quality physical print. Captured in Rotterdam (RTM) 🇳🇱. Rendered on 100% cotton rag archival paper with pigment inks via INPRNT. Collect the archive & explore global shipping: joshuadenouden21-hiuos.wordpress.com | https://www.inprnt.com/gallery/joshuadenouden/josh1-39-horse-of-ana/ • #PhygitalArt #SolanaNFT #Industrial #BrutalistArchitecture #ArchitecturalPhotography #FineArtPrint #JOSHSHOOTPRINTS #WallArtDecor #INPRNT #ArtCollector",https://www.inprnt.com/gallery/joshuadenouden/josh1-39-horse-of-ana/,,#PhygitalArt #SolanaNFT #Industrial #BrutalistArchitecture #ArchitecturalPhotography #FineArtPrint #JOSHSHOOTPRINTS #WallArtDecor #INPRNT #ArtCollector
JOSH1-38: Only in Dubai | JOSH¹ Archive Brutalist Photography & Phygital Art Print,https://cdn.inprnt.com/thumbs/9d/84/9d840e7601f1d47f63de6251731917ab.jpg,JOSH¹ Archive // Phygital Photography Prints,https://cdn.inprnt.com/thumbs/9d/84/9d840e7601f1d47f63de6251731917ab.jpg,"This is a Common rarity asset in the JOSH¹ Archive ('JOSH1-38: Only in Dubai'). Exclusively available as a limited edition Phygital Art piece, bridging Solana blockchain provenance (JOSHSHOOT.SOL) and a gallery-quality physical print. Captured in Rotterdam (RTM) 🇳🇱. Rendered on 100% cotton rag archival paper with pigment inks via INPRNT. Collect the archive & explore global shipping: joshuadenouden21-hiuos.wordpress.com | https://www.inprnt.com/gallery/joshuadenouden/josh1-38-only-in-dubai/ • #PhygitalArt #SolanaNFT #Industrial #BrutalistArchitecture #ArchitecturalPhotography #FineArtPrint #JOSHSHOOTPRINTS #WallArtDecor #INPRNT #ArtCollector",https://www.inprnt.com/gallery/joshuadenouden/josh1-38-only-in-dubai/,,#PhygitalArt #SolanaNFT #Industrial #BrutalistArchitecture #ArchitecturalPhotography #FineArtPrint #JOSHSHOOTPRINTS #WallArtDecor #INPRNT #ArtCollector
JOSH1-37: Brighton Beach L | JOSH¹ Archive Brutalist Photography & Phygital Art Print,https://cdn.inprnt.com/thumbs/58/c5/58c55b25d9303a73ef3bc66fd528d38a.jpg,JOSH¹ Archive // Phygital Photography Prints,https://cdn.inprnt.com/thumbs/58/c5/58c55b25d9303a73ef3bc66fd528d38a.jpg,"This is a Common rarity asset in the JOSH¹ Archive ('JOSH1-37: Brighton Beach L'). Exclusively available as a limited edition Phygital Art piece, bridging Solana blockchain provenance (JOSHSHOOT.SOL) and a gallery-quality physical print. Captured in Rotterdam (RTM) 🇳🇱. Rendered on 100% cotton rag archival paper with pigment inks via INPRNT. Collect the archive & explore global shipping: joshuadenouden21-hiuos.wordpress.com | https://www.inprnt.com/gallery/joshuadenouden/josh1-37-brighton-beach-l/ • #PhygitalArt #SolanaNFT #Industrial #BrutalistArchitecture #ArchitecturalPhotography #FineArtPrint #JOSHSHOOTPRINTS #WallArtDecor #INPRNT #ArtCollector",https://www.inprnt.com/gallery/joshuadenouden/josh1-37-brighton-beach-l/,,#PhygitalArt #SolanaNFT #Industrial #BrutalistArchitecture #ArchitecturalPhotography #FineArtPrint #JOSHSHOOTPRINTS #WallArtDecor #INPRNT #ArtCollector
JOSH1-36: King Charles of Czech | JOSH¹ Archive Brutalist Photography & Phygital Art Print,https://cdn.inprnt.com/thumbs/83/b8/83b8d25bb14a04558522592ced5b954b.jpg,JOSH¹ Archive // Phygital Photography Prints,https://cdn.inprnt.com/thumbs/83/b8/83b8d25bb14a04558522592ced5b954b.jpg,"This is a Common rarity asset in the JOSH¹ Archive ('JOSH1-36: King Charles of Czech'). Exclusively available as a limited edition Phygital Art piece, bridging Solana blockchain provenance (JOSHSHOOT.SOL) and a gallery-quality physical print. Captured in Rotterdam (RTM) 🇳🇱. Rendered on 100% cotton rag archival paper with pigment inks via INPRNT. Collect the archive & explore global shipping: joshuadenouden21-hiuos.wordpress.com | https://www.inprnt.com/gallery/joshuadenouden/josh1-36-king-charles-of-czech/ • #PhygitalArt #SolanaNFT #Industrial #BrutalistArchitecture #ArchitecturalPhotography #FineArtPrint #JOSHSHOOTPRINTS #WallArtDecor #INPRNT #ArtCollector",https://www.inprnt.com/gallery/joshuadenouden/josh1-36-king-charles-of-czech/,,#PhygitalArt #SolanaNFT #Industrial #BrutalistArchitecture #ArchitecturalPhotography #FineArtPrint #JOSHSHOOTPRINTS #WallArtDecor #INPRNT #ArtCollector
JOSH1-35: China The Great | JOSH¹ Archive Brutalist Photography & Phygital Art Print,https://cdn.inprnt.com/thumbs/10/78/10782f4533ca89bb9f5b2a998819bdca.jpg,JOSH¹ Archive // Phygital Photography Prints,https://cdn.inprnt.com/thumbs/10/78/10782f4533ca89bb9f5b2a998819bdca.jpg,"This is a Common rarity asset in the JOSH¹ Archive ('JOSH1-35: China The Great'). Exclusively available as a limited edition Phygital Art piece, bridging Solana blockchain provenance (JOSHSHOOT.SOL) and a gallery-quality physical print. Captured in Rotterdam (RTM) 🇳🇱. Rendered on 100% cotton rag archival paper with pigment inks via INPRNT. Collect the archive & explore global shipping: joshuadenouden21-hiuos.wordpress.com | https://www.inprnt.com/gallery/joshuadenouden/josh1-35-china-the-great/ • #PhygitalArt #SolanaNFT #Industrial #BrutalistArchitecture #ArchitecturalPhotography #FineArtPrint #JOSHSHOOTPRINTS #WallArtDecor #INPRNT #ArtCollector",https://www.inprnt.com/gallery/joshuadenouden/josh1-35-china-the-great/,,#PhygitalArt #SolanaNFT #Industrial #BrutalistArchitecture #ArchitecturalPhotography #FineArtPrint #JOSHSHOOTPRINTS #WallArtDecor #INPRNT #ArtCollector
JOSH1-34: Pearl with the Girl | JOSH¹ Archive Brutalist Photography & Phygital Art Print,https://cdn.inprnt.com/thumbs/0a/cd/0acdfd119cea8e4e7a2226ad73b42819.jpg,JOSH¹ Archive // Phygital Photography Prints,https://cdn.inprnt.com/thumbs/0a/cd/0acdfd119cea8e4e7a2226ad73b42819.jpg,"This is a Common rarity asset in the JOSH¹ Archive ('JOSH1-34: Pearl with the Girl'). Exclusively available as a limited edition Phygital Art piece, bridging Solana blockchain provenance (JOSHSHOOT.SOL) and a gallery-quality physical print. Captured in Rotterdam (RTM) 🇳🇱. Rendered on 100% cotton rag archival paper with pigment inks via INPRNT. Collect the archive & explore global shipping: joshuadenouden21-hiuos.wordpress.com | https://www.inprnt.com/gallery/joshuadenouden/josh1-34-pearl-with-the-girl/ • #PhygitalArt #SolanaNFT #Industrial #BrutalistArchitecture #ArchitecturalPhotography #FineArtPrint #JOSHSHOOTPRINTS #WallArtDecor #INPRNT #ArtCollector",https://www.inprnt.com/gallery/joshuadenouden/josh1-34-pearl-with-the-girl/,,#PhygitalArt #SolanaNFT #Industrial #BrutalistArchitecture #ArchitecturalPhotography #FineArtPrint #JOSHSHOOTPRINTS #WallArtDecor #INPRNT #ArtCollector
JOSH1-33: Willow Tree | JOSH¹ Archive Brutalist Photography & Phygital Art Print,https://cdn.inprnt.com/thumbs/6b/c0/6bc06d33fa976126f67dc823dda5859f.jpg,JOSH¹ Archive // Phygital Photography Prints,https://cdn.inprnt.com/thumbs/6b/c0/6bc06d33fa976126f67dc823dda5859f.jpg,"This is a Common rarity asset in the JOSH¹ Archive ('JOSH1-33: Willow Tree'). Exclusively available as a limited edition Phygital Art piece, bridging Solana blockchain provenance (JOSHSHOOT.SOL) and a gallery-quality physical print. Captured in Rotterdam (RTM) 🇳🇱. Rendered on 100% cotton rag archival paper with pigment inks via INPRNT. Collect the archive & explore global shipping: joshuadenouden21-hiuos.wordpress.com | https://www.inprnt.com/gallery/joshuadenouden/josh1-33-willow-tree-by-milan/ • #PhygitalArt #SolanaNFT #Industrial #BrutalistArchitecture #ArchitecturalPhotography #FineArtPrint #JOSHSHOOTPRINTS #WallArtDecor #INPRNT #ArtCollector",https://www.inprnt.com/gallery/joshuadenouden/josh1-33-willow-tree-by-milan/,,#PhygitalArt #SolanaNFT #Industrial #BrutalistArchitecture #ArchitecturalPhotography #FineArtPrint #JOSHSHOOTPRINTS #WallArtDecor #INPRNT #ArtCollector
JOSH1-32: Smoking Paradiso | JOSH¹ Archive Brutalist Photography & Phygital Art Print,https://cdn.inprnt.com/thumbs/c2/62/c262922f3c30474844fbd6b5838dab04.jpg,JOSH¹ Archive // Phygital Photography Prints,https://cdn.inprnt.com/thumbs/c2/62/c262922f3c30474844fbd6b5838dab04.jpg,"This is a Common rarity asset in the JOSH¹ Archive ('JOSH1-32: Smoking Paradiso'). Exclusively available as a limited edition Phygital Art piece, bridging Solana blockchain provenance (JOSHSHOOT.SOL) and a gallery-quality physical print. Captured in Rotterdam (RTM) 🇳🇱. Rendered on 100% cotton rag archival paper with pigment inks via INPRNT. Collect the archive & explore global shipping: joshuadenouden21-hiuos.wordpress.com | https://www.inprnt.com/gallery/joshuadenouden/josh1-32-smoking-paradiso/ • #PhygitalArt #SolanaNFT #Industrial #BrutalistArchitecture #ArchitecturalPhotography #FineArtPrint #JOSHSHOOTPRINTS #WallArtDecor #INPRNT #ArtCollector",https://www.inprnt.com/gallery/joshuadenouden/josh1-32-smoking-paradiso/,,#PhygitalArt #SolanaNFT #Industrial #BrutalistArchitecture #ArchitecturalPhotography #FineArtPrint #JOSHSHOOTPRINTS #WallArtDecor #INPRNT #ArtCollector
JOSH1-31: Man with the Flute | JOSH¹ Archive Brutalist Photography & Phygital Art Print,https://cdn.inprnt.com/thumbs/5f/2e/5f2e6ea53d8bb8c1a4c7c9fc96c664b2.jpg,JOSH¹ Archive // Phygital Photography Prints,https://cdn.inprnt.com/thumbs/5f/2e/5f2e6ea53d8bb8c1a4c7c9fc96c664b2.jpg,"This is a Common rarity asset in the JOSH¹ Archive ('JOSH1-31: Man with the Flute'). Exclusively available as a limited edition Phygital Art piece, bridging Solana blockchain provenance (JOSHSHOOT.SOL) and a gallery-quality physical print. Captured in Rotterdam (RTM) 🇳🇱. Rendered on 100% cotton rag archival paper with pigment inks via INPRNT. Collect the archive & explore global shipping: joshuadenouden21-hiuos.wordpress.com | https://www.inprnt.com/gallery/joshuadenouden/josh1-31-man-with-the-flute/ • #PhygitalArt #SolanaNFT #Industrial #BrutalistArchitecture #ArchitecturalPhotography #FineArtPrint #JOSHSHOOTPRINTS #WallArtDecor #INPRNT #ArtCollector",https://www.inprnt.com/gallery/joshuadenouden/josh1-31-man-with-the-flute/,,#PhygitalArt #SolanaNFT #Industrial #BrutalistArchitecture #ArchitecturalPhotography #FineArtPrint #JOSHSHOOTPRINTS #WallArtDecor #INPRNT #ArtCollector
JOSH1-30: The Line Take | JOSH¹ Archive Brutalist Photography & Phygital Art Print,https://cdn.inprnt.com/thumbs/59/01/590149baa01a5e2249430f6d6c9cabf0.jpg,JOSH¹ Archive // Phygital Photography Prints,https://cdn.inprnt.com/thumbs/59/01/590149baa01a5e2249430f6d6c9cabf0.jpg,"This is a Common rarity asset in the JOSH¹ Archive ('JOSH1-30: The Line Take'). Exclusively available as a limited edition Phygital Art piece, bridging Solana blockchain provenance (JOSHSHOOT.SOL) and a gallery-quality physical print. Captured in Rotterdam (RTM) 🇳🇱. Rendered on 100% cotton rag archival paper with pigment inks via INPRNT. Collect the archive & explore global shipping: joshuadenouden21-hiuos.wordpress.com | https://www.inprnt.com/gallery/joshuadenouden/josh1-30-the-line-take/ • #PhygitalArt #SolanaNFT #Industrial #BrutalistArchitecture #ArchitecturalPhotography #FineArtPrint #JOSHSHOOTPRINTS #WallArtDecor #INPRNT #ArtCollector",https://www.inprnt.com/gallery/joshuadenouden/josh1-30-the-line-take/,,#PhygitalArt #SolanaNFT #Industrial #BrutalistArchitecture #ArchitecturalPhotography #FineArtPrint #JOSHSHOOTPRINTS #WallArtDecor #INPRNT #ArtCollector
JOSH1-29: 1 Year of Summer | JOSH¹ Archive Brutalist Photography & Phygital Art Print,https://cdn.inprnt.com/thumbs/d5/b4/d5b4fe7b96ceae8ffafbc2a55aa3cf0e.jpg,JOSH¹ Archive // Phygital Photography Prints,https://cdn.inprnt.com/thumbs/d5/b4/d5b4fe7b96ceae8ffafbc2a55aa3cf0e.jpg,"This is a Common rarity asset in the JOSH¹ Archive ('JOSH1-29: 1 Year of Summer'). Exclusively available as a limited edition Phygital Art piece, bridging Solana blockchain provenance (JOSHSHOOT.SOL) and a gallery-quality physical print. Captured in Rotterdam (RTM) 🇳🇱. Rendered on 100% cotton rag archival paper with pigment inks via INPRNT. Collect the archive & explore global shipping: joshuadenouden21-hiuos.wordpress.com | https://www.inprnt.com/gallery/joshuadenouden/josh1-29-1-year-of-summer/ • #PhygitalArt #SolanaNFT #Industrial #BrutalistArchitecture #ArchitecturalPhotography #FineArtPrint #JOSHSHOOTPRINTS #WallArtDecor #INPRNT #ArtCollector",https://www.inprnt.com/gallery/joshuadenouden/josh1-29-1-year-of-summer/,,#PhygitalArt #SolanaNFT #Industrial #BrutalistArchitecture #ArchitecturalPhotography #FineArtPrint #JOSHSHOOTPRINTS #WallArtDecor #INPRNT #ArtCollector
JOSH1-28: 1 Year of Spring | JOSH¹ Archive Brutalist Photography & Phygital Art Print,https://cdn.inprnt.com/thumbs/3f/6e/3f6e603ad31b05d273f52a3fb97cd09f.jpg,JOSH¹ Archive // Phygital Photography Prints,https://cdn.inprnt.com/thumbs/3f/6e/3f6e603ad31b05d273f52a3fb97cd09f.jpg,"This is a Common rarity asset in the JOSH¹ Archive ('JOSH1-28: 1 Year of Spring'). Exclusively available as a limited edition Phygital Art piece, bridging Solana blockchain provenance (JOSHSHOOT.SOL) and a gallery-quality physical print. Captured in Rotterdam (RTM) 🇳🇱. Rendered on 100% cotton rag archival paper with pigment inks via INPRNT. Collect the archive & explore global shipping: joshuadenouden21-hiuos.wordpress.com | https://www.inprnt.com/gallery/joshuadenouden/josh1-28-1-year-of-spring/ • #PhygitalArt #SolanaNFT #Industrial #BrutalistArchitecture #ArchitecturalPhotography #FineArtPrint #JOSHSHOOTPRINTS #WallArtDecor #INPRNT #ArtCollector",https://www.inprnt.com/gallery/joshuadenouden/josh1-28-1-year-of-spring/,,#PhygitalArt #SolanaNFT #Industrial #BrutalistArchitecture #ArchitecturalPhotography #FineArtPrint #JOSHSHOOTPRINTS #WallArtDecor #INPRNT #ArtCollector
JOSH1-27: The Belgian Hotel Plaza | JOSH¹ Archive Brutalist Photography & Phygital Art Print,https://cdn.inprnt.com/thumbs/56/e0/56e03c4bd874122b4f04f9d5489d316b.jpg,JOSH¹ Archive // Phygital Photography Prints,https://cdn.inprnt.com/thumbs/56/e0/56e03c4bd874122b4f04f9d5489d316b.jpg,"This is a Common rarity asset in the JOSH¹ Archive ('JOSH1-27: The Belgian Hotel Plaza'). Exclusively available as a limited edition Phygital Art piece, bridging Solana blockchain provenance (JOSHSHOOT.SOL) and a gallery-quality physical print. Captured in Rotterdam (RTM) 🇳🇱. Rendered on 100% cotton rag archival paper with pigment inks via INPRNT. Collect the archive & explore global shipping: joshuadenouden21-hiuos.wordpress.com | https://www.inprnt.com/gallery/joshuadenouden/josh1-27-the-belgian-hotel-plaza/ • #PhygitalArt #SolanaNFT #Industrial #BrutalistArchitecture #ArchitecturalPhotography #FineArtPrint #JOSHSHOOTPRINTS #WallArtDecor #INPRNT #ArtCollector",https://www.inprnt.com/gallery/joshuadenouden/josh1-27-the-belgian-hotel-plaza/,,#PhygitalArt #SolanaNFT #Industrial #BrutalistArchitecture #ArchitecturalPhotography #FineArtPrint #JOSHSHOOTPRINTS #WallArtDecor #INPRNT #ArtCollector
JOSH1-26: Buddy Boy in Pis | JOSH¹ Archive Brutalist Photography & Phygital Art Print,https://cdn.inprnt.com/thumbs/2b/65/2b652d899509801332101d8b2b59579d.jpg,JOSH¹ Archive // Phygital Photography Prints,https://cdn.inprnt.com/thumbs/2b/65/2b652d899509801332101d8b2b59579d.jpg,"This is a Common rarity asset in the JOSH¹ Archive ('JOSH1-26: Buddy Boy in Pis'). Exclusively available as a limited edition Phygital Art piece, bridging Solana blockchain provenance (JOSHSHOOT.SOL) and a gallery-quality physical print. Captured in Rotterdam (RTM) 🇳🇱. Rendered on 100% cotton rag archival paper with pigment inks via INPRNT. Collect the archive & explore global shipping: joshuadenouden21-hiuos.wordpress.com | https://www.inprnt.com/gallery/joshuadenouden/josh1-26-buddy-boy-in-pis/ • #PhygitalArt #SolanaNFT #Industrial #BrutalistArchitecture #ArchitecturalPhotography #FineArtPrint #JOSHSHOOTPRINTS #WallArtDecor #INPRNT #ArtCollector",https://www.inprnt.com/gallery/joshuadenouden/josh1-26-buddy-boy-in-pis/,,#PhygitalArt #SolanaNFT #Industrial #BrutalistArchitecture #ArchitecturalPhotography #FineArtPrint #JOSHSHOOTPRINTS #WallArtDecor #INPRNT #ArtCollector
JOSH1-25: One of The Brussels | JOSH¹ Archive Brutalist Photography & Phygital Art Print,https://cdn.inprnt.com/thumbs/40/c1/40c12a853733731285bb8eaf30cf2daf.jpg,JOSH¹ Archive // Phygital Photography Prints,https://cdn.inprnt.com/thumbs/40/c1/40c12a853733731285bb8eaf30cf2daf.jpg,"This is a Common rarity asset in the JOSH¹ Archive ('JOSH1-25: One of The Brussels'). Exclusively available as a limited edition Phygital Art piece, bridging Solana blockchain provenance (JOSHSHOOT.SOL) and a gallery-quality physical print. Captured in Rotterdam (RTM) 🇳🇱. Rendered on 100% cotton rag archival paper with pigment inks via INPRNT. Collect the archive & explore global shipping: joshuadenouden21-hiuos.wordpress.com | https://www.inprnt.com/gallery/joshuadenouden/josh1-25-one-of-the-brussels/ • #PhygitalArt #SolanaNFT #Industrial #BrutalistArchitecture #ArchitecturalPhotography #FineArtPrint #JOSHSHOOTPRINTS #WallArtDecor #INPRNT #ArtCollector",https://www.inprnt.com/gallery/joshuadenouden/josh1-25-one-of-the-brussels/,,#PhygitalArt #SolanaNFT #Industrial #BrutalistArchitecture #ArchitecturalPhotography #FineArtPrint #JOSHSHOOTPRINTS #WallArtDecor #INPRNT #ArtCollector
JOSH1-24: This is Ali | JOSH¹ Archive Brutalist Photography & Phygital Art Print,https://cdn.inprnt.com/thumbs/6c/bb/6cbb6d4b792b7a9e82d206cfc637d597.jpg,JOSH¹ Archive // Phygital Photography Prints,https://cdn.inprnt.com/thumbs/6c/bb/6cbb6d4b792b7a9e82d206cfc637d597.jpg,"This is a Common rarity asset in the JOSH¹ Archive ('JOSH1-24: This is Ali'). Exclusively available as a limited edition Phygital Art piece, bridging Solana blockchain provenance (JOSHSHOOT.SOL) and a gallery-quality physical print. Captured in Rotterdam (RTM) 🇳🇱. Rendered on 100% cotton rag archival paper with pigment inks via INPRNT. Collect the archive & explore global shipping: joshuadenouden21-hiuos.wordpress.com | https://www.inprnt.com/gallery/joshuadenouden/josh1-24-this-is-ali/ • #PhygitalArt #SolanaNFT #Industrial #BrutalistArchitecture #ArchitecturalPhotography #FineArtPrint #JOSHSHOOTPRINTS #WallArtDecor #INPRNT #ArtCollector",https://www.inprnt.com/gallery/joshuadenouden/josh1-24-this-is-ali/,,#PhygitalArt #SolanaNFT #Industrial #BrutalistArchitecture #ArchitecturalPhotography #FineArtPrint #JOSHSHOOTPRINTS #WallArtDecor #INPRNT #ArtCollector
JOSH1-23: Maastrict BBW | JOSH¹ Archive Brutalist Photography & Phygital Art Print,https://cdn.inprnt.com/thumbs/4f/77/4f77d16a707aca7e71947e32087988e9.jpg,JOSH¹ Archive // Phygital Photography Prints,https://cdn.inprnt.com/thumbs/4f/77/4f77d16a707aca7e71947e32087988e9.jpg,"This is a Common rarity asset in the JOSH¹ Archive ('JOSH1-23: Maastrict BBW'). Exclusively available as a limited edition Phygital Art piece, bridging Solana blockchain provenance (JOSHSHOOT.SOL) and a gallery-quality physical print. Captured in Rotterdam (RTM) 🇳🇱. Rendered on 100% cotton rag archival paper with pigment inks via INPRNT. Collect the archive & explore global shipping: joshuadenouden21-hiuos.wordpress.com | https://www.inprnt.com/gallery/joshuadenouden/josh1-23-maastrict-bbw/ • #PhygitalArt #SolanaNFT #Industrial #BrutalistArchitecture #ArchitecturalPhotography #FineArtPrint #JOSHSHOOTPRINTS #WallArtDecor #INPRNT #ArtCollector",https://www.inprnt.com/gallery/joshuadenouden/josh1-23-maastrict-bbw/,,#PhygitalArt #SolanaNFT #Industrial #BrutalistArchitecture #ArchitecturalPhotography #FineArtPrint #JOSHSHOOTPRINTS #WallArtDecor #INPRNT #ArtCollector
JOSH1-22: 1 Year of Winter | JOSH¹ Archive Brutalist Photography & Phygital Art Print,https://cdn.inprnt.com/thumbs/4a/45/4a45bc428b1c3de816214c260217f625.jpg,JOSH¹ Archive // Phygital Photography Prints,https://cdn.inprnt.com/thumbs/4a/45/4a45bc428b1c3de816214c260217f625.jpg,"This is a Common rarity asset in the JOSH¹ Archive ('JOSH1-22: 1 Year of Winter'). Exclusively available as a limited edition Phygital Art piece, bridging Solana blockchain provenance (JOSHSHOOT.SOL) and a gallery-quality physical print. Captured in Rotterdam (RTM) 🇳🇱. Rendered on 100% cotton rag archival paper with pigment inks via INPRNT. Collect the archive & explore global shipping: joshuadenouden21-hiuos.wordpress.com | https://www.inprnt.com/gallery/joshuadenouden/josh1-22-1-year-of-winter/ • #PhygitalArt #SolanaNFT #Industrial #BrutalistArchitecture #ArchitecturalPhotography #FineArtPrint #JOSHSHOOTPRINTS #WallArtDecor #INPRNT #ArtCollector",https://www.inprnt.com/gallery/joshuadenouden/josh1-22-1-year-of-winter/,,#PhygitalArt #SolanaNFT #Industrial #BrutalistArchitecture #ArchitecturalPhotography #FineArtPrint #JOSHSHOOTPRINTS #WallArtDecor #INPRNT #ArtCollector
JOSH1-21: Het Park in Autumn | JOSH¹ Archive Brutalist Photography & Phygital Art Print,https://cdn.inprnt.com/thumbs/44/58/445874bff10bf61c28e725ce67595c5c.jpg,JOSH¹ Archive // Phygital Photography Prints,https://cdn.inprnt.com/thumbs/44/58/445874bff10bf61c28e725ce67595c5c.jpg,"This is a Common rarity asset in the JOSH¹ Archive ('JOSH1-21: Het Park in Autumn'). Exclusively available as a limited edition Phygital Art piece, bridging Solana blockchain provenance (JOSHSHOOT.SOL) and a gallery-quality physical print. Captured in Rotterdam (RTM) 🇳🇱. Rendered on 100% cotton rag archival paper with pigment inks via INPRNT. Collect the archive & explore global shipping: joshuadenouden21-hiuos.wordpress.com | https://www.inprnt.com/gallery/joshuadenouden/josh1-21-het-park-in-autumn/ • #PhygitalArt #SolanaNFT #Industrial #BrutalistArchitecture #ArchitecturalPhotography #FineArtPrint #JOSHSHOOTPRINTS #WallArtDecor #INPRNT #ArtCollector",https://www.inprnt.com/gallery/joshuadenouden/josh1-21-het-park-in-autumn/,,#PhygitalArt #SolanaNFT #Industrial #BrutalistArchitecture #ArchitecturalPhotography #FineArtPrint #JOSHSHOOTPRINTS #WallArtDecor #INPRNT #ArtCollector
JOSH1-20: Flowers op de | JOSH¹ Archive Brutalist Photography & Phygital Art Print,https://cdn.inprnt.com/thumbs/d7/c6/d7c697e0ac7148f559ac45c5b13ae112.jpg,JOSH¹ Archive // Phygital Photography Prints,https://cdn.inprnt.com/thumbs/d7/c6/d7c697e0ac7148f559ac45c5b13ae112.jpg,"This is a Common rarity asset in the JOSH¹ Archive ('JOSH1-20: Flowers op de'). Exclusively available as a limited edition Phygital Art piece, bridging Solana blockchain provenance (JOSHSHOOT.SOL) and a gallery-quality physical print. Captured in Rotterdam (RTM) 🇳🇱. Rendered on 100% cotton rag archival paper with pigment inks via INPRNT. Collect the archive & explore global shipping: joshuadenouden21-hiuos.wordpress.com | https://www.inprnt.com/gallery/joshuadenouden/josh1-20-flowers-op-de/ • #PhygitalArt #SolanaNFT #Industrial #BrutalistArchitecture #ArchitecturalPhotography #FineArtPrint #JOSHSHOOTPRINTS #WallArtDecor #INPRNT #ArtCollector",https://www.inprnt.com/gallery/joshuadenouden/josh1-20-flowers-op-de/,,#PhygitalArt #SolanaNFT #Industrial #BrutalistArchitecture #ArchitecturalPhotography #FineArtPrint #JOSHSHOOTPRINTS #WallArtDecor #INPRNT #ArtCollector
JOSH1-19: Mother and Kid | JOSH¹ Archive Brutalist Photography & Phygital Art Print,https://cdn.inprnt.com/thumbs/ea/62/ea62e5c84a5e79930780698b75e29809.jpg,JOSH¹ Archive // Phygital Photography Prints,https://cdn.inprnt.com/thumbs/ea/62/ea62e5c84a5e79930780698b75e29809.jpg,"This is a Common rarity asset in the JOSH¹ Archive ('JOSH1-19: Mother and Kid'). Exclusively available as a limited edition Phygital Art piece, bridging Solana blockchain provenance (JOSHSHOOT.SOL) and a gallery-quality physical print. Captured in Rotterdam (RTM) 🇳🇱. Rendered on 100% cotton rag archival paper with pigment inks via INPRNT. Collect the archive & explore global shipping: joshuadenouden21-hiuos.wordpress.com | https://www.inprnt.com/gallery/joshuadenouden/josh1-19-mother-and-kid/ • #PhygitalArt #SolanaNFT #Industrial #BrutalistArchitecture #ArchitecturalPhotography #FineArtPrint #JOSHSHOOTPRINTS #WallArtDecor #INPRNT #ArtCollector",https://www.inprnt.com/gallery/joshuadenouden/josh1-19-mother-and-kid/,,#PhygitalArt #SolanaNFT #Industrial #BrutalistArchitecture #ArchitecturalPhotography #FineArtPrint #JOSHSHOOTPRINTS #WallArtDecor #INPRNT #ArtCollector
JOSH1-18: Birthday Cake | JOSH¹ Archive Brutalist Photography & Phygital Art Print,https://cdn.inprnt.com/thumbs/92/0c/920cbc61c8b4ad5efd8cac010944c7fd.jpg,JOSH¹ Archive // Phygital Photography Prints,https://cdn.inprnt.com/thumbs/92/0c/920cbc61c8b4ad5efd8cac010944c7fd.jpg,"This is a Common rarity asset in the JOSH¹ Archive ('JOSH1-18: Birthday Cake'). Exclusively available as a limited edition Phygital Art piece, bridging Solana blockchain provenance (JOSHSHOOT.SOL) and a gallery-quality physical print. Captured in Rotterdam (RTM) 🇳🇱. Rendered on 100% cotton rag archival paper with pigment inks via INPRNT. Collect the archive & explore global shipping: joshuadenouden21-hiuos.wordpress.com | https://www.inprnt.com/gallery/joshuadenouden/josh1-18-birthday-cake/ • #PhygitalArt #SolanaNFT #Industrial #BrutalistArchitecture #ArchitecturalPhotography #FineArtPrint #JOSHSHOOTPRINTS #WallArtDecor #INPRNT #ArtCollector",https://www.inprnt.com/gallery/joshuadenouden/josh1-18-birthday-cake/,,#PhygitalArt #SolanaNFT #Industrial #BrutalistArchitecture #ArchitecturalPhotography #FineArtPrint #JOSHSHOOTPRINTS #WallArtDecor #INPRNT #ArtCollector
JOSH1-17: Arnhem Station | JOSH¹ Archive Brutalist Photography & Phygital Art Print,https://cdn.inprnt.com/thumbs/88/d6/88d6ef87fa70a58ef70f6a73d987b023.jpg,JOSH¹ Archive // Phygital Photography Prints,https://cdn.inprnt.com/thumbs/88/d6/88d6ef87fa70a58ef70f6a73d987b023.jpg,"This is a Common rarity asset in the JOSH¹ Archive ('JOSH1-17: Arnhem Station'). Exclusively available as a limited edition Phygital Art piece, bridging Solana blockchain provenance (JOSHSHOOT.SOL) and a gallery-quality physical print. Captured in Rotterdam (RTM) 🇳🇱. Rendered on 100% cotton rag archival paper with pigment inks via INPRNT. Collect the archive & explore global shipping: joshuadenouden21-hiuos.wordpress.com | https://www.inprnt.com/gallery/joshuadenouden/josh1-17-arnhem-station/ • #PhygitalArt #SolanaNFT #Industrial #BrutalistArchitecture #ArchitecturalPhotography #FineArtPrint #JOSHSHOOTPRINTS #WallArtDecor #INPRNT #ArtCollector",https://www.inprnt.com/gallery/joshuadenouden/josh1-17-arnhem-station/,,#PhygitalArt #SolanaNFT #Industrial #BrutalistArchitecture #ArchitecturalPhotography #FineArtPrint #JOSHSHOOTPRINTS #WallArtDecor #INPRNT #ArtCollector
JOSH1-16: Zeitouna Bay | JOSH¹ Archive Brutalist Photography & Phygital Art Print,https://cdn.inprnt.com/thumbs/90/9e/909ed83d63245c0cb4c3eca759b559e0.jpg,JOSH¹ Archive // Phygital Photography Prints,https://cdn.inprnt.com/thumbs/90/9e/909ed83d63245c0cb4c3eca759b559e0.jpg,"This is a Common rarity asset in the JOSH¹ Archive ('JOSH1-16: Zeitouna Bay'). Exclusively available as a limited edition Phygital Art piece, bridging Solana blockchain provenance (JOSHSHOOT.SOL) and a gallery-quality physical print. Captured in Rotterdam (RTM) 🇳🇱. Rendered on 100% cotton rag archival paper with pigment inks via INPRNT. Collect the archive & explore global shipping: joshuadenouden21-hiuos.wordpress.com | https://www.inprnt.com/gallery/joshuadenouden/josh1-16-zeitouna-bay/ • #PhygitalArt #SolanaNFT #Industrial #BrutalistArchitecture #ArchitecturalPhotography #FineArtPrint #JOSHSHOOTPRINTS #WallArtDecor #INPRNT #ArtCollector",https://www.inprnt.com/gallery/joshuadenouden/josh1-16-zeitouna-bay/,,#PhygitalArt #SolanaNFT #Industrial #BrutalistArchitecture #ArchitecturalPhotography #FineArtPrint #JOSHSHOOTPRINTS #WallArtDecor #INPRNT #ArtCollector
JOSH1-14: The Dirham Building | JOSH¹ Archive Brutalist Photography & Phygital Art Print,https://cdn.inprnt.com/thumbs/d0/0a/d00a2e6a96109c14b8c4012d8e523ff0.jpg,JOSH¹ Archive // Phygital Photography Prints,https://cdn.inprnt.com/thumbs/d0/0a/d00a2e6a96109c14b8c4012d8e523ff0.jpg,"This is a Common rarity asset in the JOSH¹ Archive ('JOSH1-14: The Dirham Building'). Exclusively available as a limited edition Phygital Art piece, bridging Solana blockchain provenance (JOSHSHOOT.SOL) and a gallery-quality physical print. Captured in Rotterdam (RTM) 🇳🇱. Rendered on 100% cotton rag archival paper with pigment inks via INPRNT. Collect the archive & explore global shipping: joshuadenouden21-hiuos.wordpress.com | https://www.inprnt.com/gallery/joshuadenouden/josh1-14-the-dirham-building/ • #PhygitalArt #SolanaNFT #Industrial #BrutalistArchitecture #ArchitecturalPhotography #FineArtPrint #JOSHSHOOTPRINTS #WallArtDecor #INPRNT #ArtCollector",https://www.inprnt.com/gallery/joshuadenouden/josh1-14-the-dirham-building/,,#PhygitalArt #SolanaNFT #Industrial #BrutalistArchitecture #ArchitecturalPhotography #FineArtPrint #JOSHSHOOTPRINTS #WallArtDecor #INPRNT #ArtCollector
JOSH1-12: | JOSH¹ Archive Brutalist Photography & Phygital Art Print,https://cdn.inprnt.com/thumbs/68/57/6857ae70cfb89ff4dd0d19341d2bcfcb.jpg,JOSH¹ Archive // Phygital Photography Prints,https://cdn.inprnt.com/thumbs/68/57/6857ae70cfb89ff4dd0d19341d2bcfcb.jpg,"This is a Common rarity asset in the JOSH¹ Archive ('JOSH1-12:'). Exclusively available as a limited edition Phygital Art piece, bridging Solana blockchain provenance (JOSHSHOOT.SOL) and a gallery-quality physical print. Captured in Rotterdam (RTM) 🇳🇱. Rendered on 100% cotton rag archival paper with pigment inks via INPRNT. Collect the archive & explore global shipping: joshuadenouden21-hiuos.wordpress.com | https://www.inprnt.com/gallery/joshuadenouden/josh1-12-by-eli-rea/ • #PhygitalArt #SolanaNFT #Industrial #BrutalistArchitecture #ArchitecturalPhotography #FineArtPrint #JOSHSHOOTPRINTS #WallArtDecor #INPRNT #ArtCollector",https://www.inprnt.com/gallery/joshuadenouden/josh1-12-by-eli-rea/,,#PhygitalArt #SolanaNFT #Industrial #BrutalistArchitecture #ArchitecturalPhotography #FineArtPrint #JOSHSHOOTPRINTS #WallArtDecor #INPRNT #ArtCollector
JOSH1-11: Black Blue | JOSH¹ Archive Brutalist Photography & Phygital Art Print,https://cdn.inprnt.com/thumbs/60/7b/607b155821721bb79f404587f0a68a8e.jpg,JOSH¹ Archive // Phygital Photography Prints,https://cdn.inprnt.com/thumbs/60/7b/607b155821721bb79f404587f0a68a8e.jpg,"This is a Common rarity asset in the JOSH¹ Archive ('JOSH1-11: Black Blue'). Exclusively available as a limited edition Phygital Art piece, bridging Solana blockchain provenance (JOSHSHOOT.SOL) and a gallery-quality physical print. Captured in Rotterdam (RTM) 🇳🇱. Rendered on 100% cotton rag archival paper with pigment inks via INPRNT. Collect the archive & explore global shipping: joshuadenouden21-hiuos.wordpress.com | https://www.inprnt.com/gallery/joshuadenouden/josh1-11-black-blue/ • #PhygitalArt #SolanaNFT #Industrial #BrutalistArchitecture #ArchitecturalPhotography #FineArtPrint #JOSHSHOOTPRINTS #WallArtDecor #INPRNT #ArtCollector",https://www.inprnt.com/gallery/joshuadenouden/josh1-11-black-blue/,,#PhygitalArt #SolanaNFT #Industrial #BrutalistArchitecture #ArchitecturalPhotography #FineArtPrint #JOSHSHOOTPRINTS #WallArtDecor #INPRNT #ArtCollector
JOSH1-10: Sunflower | JOSH¹ Archive Brutalist Photography & Phygital Art Print,https://cdn.inprnt.com/thumbs/61/27/61272d49203b2761edac318c424a8af6.jpg,JOSH¹ Archive // Phygital Photography Prints,https://cdn.inprnt.com/thumbs/61/27/61272d49203b2761edac318c424a8af6.jpg,"This is a Common rarity asset in the JOSH¹ Archive ('JOSH1-10: Sunflower'). Exclusively available as a limited edition Phygital Art piece, bridging Solana blockchain provenance (JOSHSHOOT.SOL) and a gallery-quality physical print. Captured in Rotterdam (RTM) 🇳🇱. Rendered on 100% cotton rag archival paper with pigment inks via INPRNT. Collect the archive & explore global shipping: joshuadenouden21-hiuos.wordpress.com | https://www.inprnt.com/gallery/joshuadenouden/josh1-10-sunflower-by/ • #PhygitalArt #SolanaNFT #Industrial #BrutalistArchitecture #ArchitecturalPhotography #FineArtPrint #JOSHSHOOTPRINTS #WallArtDecor #INPRNT #ArtCollector",https://www.inprnt.com/gallery/joshuadenouden/josh1-10-sunflower-by/,,#PhygitalArt #SolanaNFT #Industrial #BrutalistArchitecture #ArchitecturalPhotography #FineArtPrint #JOSHSHOOTPRINTS #WallArtDecor #INPRNT #ArtCollector
JOSH1-9: Lightning on iPhone | JOSH¹ Archive Brutalist Photography & Phygital Art Print,https://cdn.inprnt.com/thumbs/15/44/1544f5a72628ac7b077aeab003fb4639.jpg,JOSH¹ Archive // Phygital Photography Prints,https://cdn.inprnt.com/thumbs/15/44/1544f5a72628ac7b077aeab003fb4639.jpg,"This is a Common rarity asset in the JOSH¹ Archive ('JOSH1-9: Lightning on iPhone'). Exclusively available as a limited edition Phygital Art piece, bridging Solana blockchain provenance (JOSHSHOOT.SOL) and a gallery-quality physical print. Captured in Rotterdam (RTM) 🇳🇱. Rendered on 100% cotton rag archival paper with pigment inks via INPRNT. Collect the archive & explore global shipping: joshuadenouden21-hiuos.wordpress.com | https://www.inprnt.com/gallery/joshuadenouden/josh1-9-lightning-on-iphone/ • #PhygitalArt #SolanaNFT #Industrial #BrutalistArchitecture #ArchitecturalPhotography #FineArtPrint #JOSHSHOOTPRINTS #WallArtDecor #INPRNT #ArtCollector",https://www.inprnt.com/gallery/joshuadenouden/josh1-9-lightning-on-iphone/,,#PhygitalArt #SolanaNFT #Industrial #BrutalistArchitecture #ArchitecturalPhotography #FineArtPrint #JOSHSHOOTPRINTS #WallArtDecor #INPRNT #ArtCollector
JOSH1-8: 2nd Edition Spanish | JOSH¹ Archive Brutalist Photography & Phygital Art Print,https://cdn.inprnt.com/thumbs/88/0a/880a4e08960077598f4701d4d6dce3ae.jpg,JOSH¹ Archive // Phygital Photography Prints,https://cdn.inprnt.com/thumbs/88/0a/880a4e08960077598f4701d4d6dce3ae.jpg,"This is a Common rarity asset in the JOSH¹ Archive ('JOSH1-8: 2nd Edition Spanish'). Exclusively available as a limited edition Phygital Art piece, bridging Solana blockchain provenance (JOSHSHOOT.SOL) and a gallery-quality physical print. Captured in Rotterdam (RTM) 🇳🇱. Rendered on 100% cotton rag archival paper with pigment inks via INPRNT. Collect the archive & explore global shipping: joshuadenouden21-hiuos.wordpress.com | https://www.inprnt.com/gallery/joshuadenouden/josh1-8-2nd-edition-spanish/ • #PhygitalArt #SolanaNFT #Industrial #BrutalistArchitecture #ArchitecturalPhotography #FineArtPrint #JOSHSHOOTPRINTS #WallArtDecor #INPRNT #ArtCollector",https://www.inprnt.com/gallery/joshuadenouden/josh1-8-2nd-edition-spanish/,,#PhygitalArt #SolanaNFT #Industrial #BrutalistArchitecture #ArchitecturalPhotography #FineArtPrint #JOSHSHOOTPRINTS #WallArtDecor #INPRNT #ArtCollector
JOSH1-6: Prague Castle Door | JOSH¹ Archive Brutalist Photography & Phygital Art Print,https://cdn.inprnt.com/thumbs/4c/01/4c017d4325175ae32db99715aff08026.jpg,JOSH¹ Archive // Phygital Photography Prints,https://cdn.inprnt.com/thumbs/4c/01/4c017d4325175ae32db99715aff08026.jpg,"This is a Common rarity asset in the JOSH¹ Archive ('JOSH1-6: Prague Castle Door'). Exclusively available as a limited edition Phygital Art piece, bridging Solana blockchain provenance (JOSHSHOOT.SOL) and a gallery-quality physical print. Captured in Rotterdam (RTM) 🇳🇱. Rendered on 100% cotton rag archival paper with pigment inks via INPRNT. Collect the archive & explore global shipping: joshuadenouden21-hiuos.wordpress.com | https://www.inprnt.com/gallery/joshuadenouden/josh1-6-prague-castle-door/ • #PhygitalArt #SolanaNFT #Industrial #BrutalistArchitecture #ArchitecturalPhotography #FineArtPrint #JOSHSHOOTPRINTS #WallArtDecor #INPRNT #ArtCollector",https://www.inprnt.com/gallery/joshuadenouden/josh1-6-prague-castle-door/,,#PhygitalArt #SolanaNFT #Industrial #BrutalistArchitecture #ArchitecturalPhotography #FineArtPrint #JOSHSHOOTPRINTS #WallArtDecor #INPRNT #ArtCollector
JOSH1-5: The Grand Place | JOSH¹ Archive Brutalist Photography & Phygital Art Print,https://cdn.inprnt.com/thumbs/1c/ef/1cef2626b141d14be3bd44f5f1bbb188.jpg,JOSH¹ Archive // Phygital Photography Prints,https://cdn.inprnt.com/thumbs/1c/ef/1cef2626b141d14be3bd44f5f1bbb188.jpg,"This is a Common rarity asset in the JOSH¹ Archive ('JOSH1-5: The Grand Place'). Exclusively available as a limited edition Phygital Art piece, bridging Solana blockchain provenance (JOSHSHOOT.SOL) and a gallery-quality physical print. Captured in Rotterdam (RTM) 🇳🇱. Rendered on 100% cotton rag archival paper with pigment inks via INPRNT. Collect the archive & explore global shipping: joshuadenouden21-hiuos.wordpress.com | https://www.inprnt.com/gallery/joshuadenouden/josh1-5-the-grand-place/ • #PhygitalArt #SolanaNFT #Industrial #BrutalistArchitecture #ArchitecturalPhotography #FineArtPrint #JOSHSHOOTPRINTS #WallArtDecor #INPRNT #ArtCollector",https://www.inprnt.com/gallery/joshuadenouden/josh1-5-the-grand-place/,,#PhygitalArt #SolanaNFT #Industrial #BrutalistArchitecture #ArchitecturalPhotography #FineArtPrint #JOSHSHOOTPRINTS #WallArtDecor #INPRNT #ArtCollector
JOSH1-4: JOSHSHOOT | JOSH¹ Archive Brutalist Photography & Phygital Art Print,https://cdn.inprnt.com/thumbs/e2/13/e213bc3a7d5ba78ef8af3e12c83087d4.jpg,JOSH¹ Archive // Phygital Photography Prints,https://cdn.inprnt.com/thumbs/e2/13/e213bc3a7d5ba78ef8af3e12c83087d4.jpg,"This is a Common rarity asset in the JOSH¹ Archive ('JOSH1-4: JOSHSHOOT'). Exclusively available as a limited edition Phygital Art piece, bridging Solana blockchain provenance (JOSHSHOOT.SOL) and a gallery-quality physical print. Captured in Rotterdam (RTM) 🇳🇱. Rendered on 100% cotton rag archival paper with pigment inks via INPRNT. Collect the archive & explore global shipping: joshuadenouden21-hiuos.wordpress.com | https://www.inprnt.com/gallery/joshuadenouden/josh1-4-joshshoot/ • #PhygitalArt #SolanaNFT #Industrial #BrutalistArchitecture #ArchitecturalPhotography #FineArtPrint #JOSHSHOOTPRINTS #WallArtDecor #INPRNT #ArtCollector",https://www.inprnt.com/gallery/joshuadenouden/josh1-4-joshshoot/,,#PhygitalArt #SolanaNFT #Industrial #BrutalistArchitecture #ArchitecturalPhotography #FineArtPrint #JOSHSHOOTPRINTS #WallArtDecor #INPRNT #ArtCollector
JOSH1-3: The Man on the Cruise | JOSH¹ Archive Brutalist Photography & Phygital Art Print,https://cdn.inprnt.com/thumbs/74/60/7460e4cb89f1abf8508fdbe86c0d3798.jpg,JOSH¹ Archive // Phygital Photography Prints,https://cdn.inprnt.com/thumbs/74/60/7460e4cb89f1abf8508fdbe86c0d3798.jpg,"This is a Common rarity asset in the JOSH¹ Archive ('JOSH1-3: The Man on the Cruise'). Exclusively available as a limited edition Phygital Art piece, bridging Solana blockchain provenance (JOSHSHOOT.SOL) and a gallery-quality physical print. Captured in Rotterdam (RTM) 🇳🇱. Rendered on 100% cotton rag archival paper with pigment inks via INPRNT. Collect the archive & explore global shipping: joshuadenouden21-hiuos.wordpress.com | https://www.inprnt.com/gallery/joshuadenouden/josh1-3-the-man-on-the-cruise/ • #PhygitalArt #SolanaNFT #Industrial #BrutalistArchitecture #ArchitecturalPhotography #FineArtPrint #JOSHSHOOTPRINTS #WallArtDecor #INPRNT #ArtCollector",https://www.inprnt.com/gallery/joshuadenouden/josh1-3-the-man-on-the-cruise/,,#PhygitalArt #SolanaNFT #Industrial #BrutalistArchitecture #ArchitecturalPhotography #FineArtPrint #JOSHSHOOTPRINTS #WallArtDecor #INPRNT #ArtCollector
JOSH1-2: The Burj K | JOSH¹ Archive Brutalist Photography & Phygital Art Print,https://cdn.inprnt.com/thumbs/a8/c4/a8c418b07a11842300b04aa95e3cc5d8.jpg,JOSH¹ Archive // Phygital Photography Prints,https://cdn.inprnt.com/thumbs/a8/c4/a8c418b07a11842300b04aa95e3cc5d8.jpg,"This is a Common rarity asset in the JOSH¹ Archive ('JOSH1-2: The Burj K'). Exclusively available as a limited edition Phygital Art piece, bridging Solana blockchain provenance (JOSHSHOOT.SOL) and a gallery-quality physical print. Captured in Rotterdam (RTM) 🇳🇱. Rendered on 100% cotton rag archival paper with pigment inks via INPRNT. Collect the archive & explore global shipping: joshuadenouden21-hiuos.wordpress.com | https://www.inprnt.com/gallery/joshuadenouden/josh1-2-the-burj-k/ • #PhygitalArt #SolanaNFT #Industrial #BrutalistArchitecture #ArchitecturalPhotography #FineArtPrint #JOSHSHOOTPRINTS #WallArtDecor #INPRNT #ArtCollector",https://www.inprnt.com/gallery/joshuadenouden/josh1-2-the-burj-k/,,#PhygitalArt #SolanaNFT #Industrial #BrutalistArchitecture #ArchitecturalPhotography #FineArtPrint #JOSHSHOOTPRINTS #WallArtDecor #INPRNT #ArtCollector
JOSH1-1: The AA THC Meeting | JOSH¹ Archive Brutalist Photography & Phygital Art Print,https://cdn.inprnt.com/thumbs/b3/90/b390eb6e1811b34c60274f793f3d39a6.jpg,JOSH¹ Archive // Phygital Photography Prints,https://cdn.inprnt.com/thumbs/b3/90/b390eb6e1811b34c60274f793f3d39a6.jpg,"This is a Common rarity asset in the JOSH¹ Archive ('JOSH1-1: The AA THC Meeting'). Exclusively available as a limited edition Phygital Art piece, bridging Solana blockchain provenance (JOSHSHOOT.SOL) and a gallery-quality physical print. Captured in Rotterdam (RTM) 🇳🇱. Rendered on 100% cotton rag archival paper with pigment inks via INPRNT. Collect the archive & explore global shipping: joshuadenouden21-hiuos.wordpress.com | https://www.inprnt.com/gallery/joshuadenouden/josh1-1-the-aa-thc-meeting/ • #PhygitalArt #SolanaNFT #Industrial #BrutalistArchitecture #ArchitecturalPhotography #FineArtPrint #JOSHSHOOTPRINTS #WallArtDecor #INPRNT #ArtCollector",https://www.inprnt.com/gallery/joshuadenouden/josh1-1-the-aa-thc-meeting/,,#PhygitalArt #SolanaNFT #Industrial #BrutalistArchitecture #ArchitecturalPhotography #FineArtPrint #JOSHSHOOTPRINTS #WallArtDecor #INPRNT #ArtCollector
